Dificultad;Categoría;Pregunta;Respuesta Correcta;Incorrecta 1;Incorrecta 2;Incorrecta 3
Fácil;Entretenimiento: Cine;¿La película de animación de Disney de 2016 'Moana' está basada en qué cultura?;Polinesio;Nativos americanos;Japonés;Nórdico
Fácil;Conocimientos generales;¿En qué dirección cardinal sale el Sol?;Este;Oeste;Norte;Sur
Fácil;Entretenimiento: Videojuegos;¿Qué vehículo en PUBG tiene la mayor velocidad máxima?;Motocicleta;PG-117;Dacia;Buggy
Fácil;Conocimientos generales;"Si te pillan ""haciendo el Goldbricking"", ¿qué estás haciendo mal?";Flojeo;Fumar;Robos;Trampa
Fácil;Ciencia: Informática;¿El lenguaje de programación 'Swift' se creó para reemplazar a qué otro lenguaje de programación?;Objetivo-C;C#;Ruby;C++
Fácil;Deportes;¿A qué equipo venció Inglaterra para ganar la final del Mundial de 1966?;Alemania Occidental;Unión Soviética;Portugal;Brasil
Fácil;Entretenimiento: Videojuegos;"En el juego de survival horror ""Cry of Fear"", ¿cómo se llamaba el amigo cercano/posible interés amoroso de Simon?";Sophie;Olivia;Jessica;Alice
Fácil;Entretenimiento: Anime y Manga japonés;"En ""Inuyasha"", ¿qué buscan coleccionar los héroes?";Fragmentos de joya;Bolas del Dragón;Rave Stones;Piedras Sagradas
Fácil;Geografía;¿Cuál es la capital de Dinamarca?;Copenhague;Aarhus;Odense;Aalborg
Fácil;Conocimientos generales;"En ""Shrek"", ¿qué actor cómico pone voz a Burro?";Eddie Murphy;Chris Rock;Richard Pryor;Bernie Mac
Fácil;Arte;¿Cuál es la obra de ficción más antigua conocida del mundo?;Epopeya de Gilgamesh;Papiro de Ani;Código de Hammurabi;Rosetta Stone
Fácil;Entretenimiento: Música;"¿Quién interpretó ""I Took A Pill In Ibiza""?";Mike Posner;Avicii;Robbie Williams;Harry Styles
Fácil;Animales;¿Cómo se llama la morada de un conejo?;Madriguera;Nest;Den;Dray
Fácil;Entretenimiento: Televisión;¿Cuál de estos personajes de Bojack Horseman es un humano?;Todd Chavez;Lennie Turtletaub;Princesa Carolyn;Tom Jumbo-Grumbo
Fácil;Entretenimiento: Videojuegos;¿Quién es el protagonista principal del juego Life is Strange: Before The Storm?;Chloe Price;Max Caulfield;Rachel Amber;Frank Bowers
Fácil;Ciencia: Informática;¿Cuántos bits suelen estar en un solo byte?;Ocho bits;Seis bits;Doce bits;Quince bits
Fácil;Entretenimiento: Videojuegos;¿Cuál es el alias por defecto que usa la Princesa Garnet en Final Fantasy IX?;Daga;Dirk;Garnet;Quina
Fácil;Conocimientos generales;¿Qué presidente estadounidense aparece en un billete de un dólar?;George Washington;Thomas Jefferson;Abraham Lincoln;Benjamin Franklin
Fácil;Deportes;La UEFA Champions League es una competición anual de fútbol de clubes que incluye a clubes de qué continente.;Europa;Sudamérica;África;Asia
Fácil;Entretenimiento: Videojuegos;En el primer juego de la franquicia Sly Cooper, ¿qué reliquia familiar quería Sly Cooper recuperar con él?;Thievius Raccoonus;Entrenamiento de mapaches 101;El arte del sigilo;Raccoonus Teachus
Fácil;Entretenimiento: Música;"¿Qué banda de punk rock ha lanzado éxitos como ""Californication"", ""Can't Stop"" y ""Under the Bridge""?";Red Hot Chilli Peppers;Green Day;Parque Linkin;Foo Fighters
Fácil;Arte;¿Qué color se produce mezclando negro y blanco?;Grey;Negro;Brown;Blanco
Fácil;Entretenimiento: Juegos de mesa;¿Cuántas piezas hay en el tablero al inicio de una partida de ajedrez?;32;16;20;36
Fácil;Entretenimiento: Cine;¿Quién interpreta a Alicia en las películas de Resident Evil?;Milla Jovovich;Madison Derpe;Milla Johnson;Kim Demp
Fácil;Entretenimiento: Dibujos animados y animaciones;¿Cuál fue la primera película de Disney en usar CGI?;El Caldero Negro;Tron;Toy Story;Fantasía
Fácil;Entretenimiento: Videojuegos;"En el juego ""DELTARUNE"", ¿cuál es la habilidad especial de Ralsei?";Pacificar;Persuade;Eliminar;Abrazo
Fácil;Entretenimiento: Videojuegos;"¿Cuál de estos NO es un personaje principal jugable en ""Grand Theft Auto V""?";Lamar;Trevor;Michael;Franklin
Fácil;Entretenimiento: Televisión;¿Cómo se llamó el primer episodio de Doctor Who emitido en 1963?;Un niño sobrenatural;Los Daleks;Los aztecas;El borde de la destrucción
Fácil;Geografía;¿Qué país tiene una bandera bicolor horizontal roja y blanca?;Mónaco;Baréin;Malta;Liechenstein
Fácil;Geografía;¿Cuál es la decimoquinta letra del alfabeto griego?;Ómicron (Ο);Sigma (Σ);Pi (Π);Nu (ν)
Fácil;Conocimientos generales;¿Qué país, sin contar Japón, tiene más personas de ascendencia japonesa?;Brasil;China;Corea del Sur;Estados Unidos de América
Fácil;Historia;¿Qué famoso comandante militar marchó con un ejército, que incluía elefantes de guerra, por los Alpes durante la Segunda Guerra Púnica?;Hannibal;Garmanicus;Alejandro Magno;Tiberio
Fácil;Ciencia: Informática;En cualquier lenguaje de programación, ¿cuál es la forma más común de iterar a través de un array?;Bucles For';Afirmaciones 'si';Bucles 'Do-while';Bucles de 'While'
Fácil;Conocimientos generales;"¿Qué día se lanzó el servicio de alojamiento de archivos, ""Google Drive""?";41023;12 de enero;2014;14 de noviembre
Fácil;Ciencia: Informática;¿Qué significa CPU?;Unidad Central de Procesamiento;Unidad Central de Procesos;Unidad Personal de Ordenador;Unidad Central de Procesadores
Fácil;Conocimientos generales;¿Cuándo se estrenó Pong?;26632;29 de marzo;2017;29 de noviembre
Fácil;Deportes;¿Qué boxeador fue sancionado por morder la oreja de Evander Holyfield en 1997?;Mike Tyson;Roy Jones Jr.;Evander Holyfield;Lennox Lewis
Fácil;Conocimientos generales;Cuando alguien es cobarde, ¿se dice que tiene de qué color la barriga?;Amarillo;Verde;Rojo;Azul
Fácil;Historia;¿A qué partido político pertenecía Abraham Lincoln cuando fue elegido presidente?;Republicano;Demócrata;Independiente;Whig
Fácil;Entretenimiento: Videojuegos;En el juego original de Spyro, ¿quién es el primer villano?;Gnasty Gnorc;Ripto;Hechicera;Cynder
Fácil;Entretenimiento: Dibujos animados y animaciones;¿Cuál de los siguientes no apareció en el dibujo animado 'Wacky Races'?;El Carro del Dragón;El Bouldermobile;El Haybailer Carmesí;El Gato Compacto
Fácil;Entretenimiento: Videojuegos;"En ""Yo! Noid 2,"" ¿Qué movimiento especial puede hacer el Noid?";Dab;Pizza Throw;Voltereta Esquiva;Dash giratorio
Fácil;Historia;¿Pol Pot fue el antiguo dictador de qué país?;Camboya;Laos;Corea del Norte;Vietnam
Fácil;Entretenimiento: Videojuegos;"¿Cómo se llama el personaje principal de ""La vida es extraña""?";Maxine Caulfield;Victoria Chase;Stella Hill;Chloe Price
Fácil;Vehículos;¿En qué país se fabricó el Trabant 601?;Alemania Oriental;Unión Soviética;Hungría;Francia
Fácil;Entretenimiento: Cine;"En la película ""Blade Runner"", ¿cuál es el término que se usa para los androides de aspecto humano?";Replicantes;Cylons;Sintéticos;Skinjobs
Fácil;Entretenimiento: Libros;¿Cuántos libros de Harry Potter hay?;7;8;5;6
Fácil;Entretenimiento: Cine;"¿Cuál de los siguientes no es el nombre de una ""Bond Girl""?";Vanessa Kensington;Pam Bouvier;Mary buenas noches;Wai Lin
Fácil;Entretenimiento: Música;¿Qué banda contó con Sting, Stewart Copeland y Andy Summers?;La Policía;Derrota a Leppard;La Cura;Bon Jovi
Fácil;Entretenimiento: Anime y Manga japonés;¿Qué hizo que la mascota titular de Yo-Kai Watch, Jibanyan, se convirtiera en yokai?;Ser atropellado por un camión;He comido demasiados chocolates;A través de un ritual mágico;Cuando se puso el harmaki
Fácil;Ciencia: Informática;En Twitter, ¿cuál era el límite original de caracteres para un tuit?;140;120;160;100
Fácil;Deportes;¿Cuántos puntos anotó LeBron James en su primer partido en la NBA?;25;19;69;41
Fácil;Entretenimiento: Videojuegos;¿Cuál era el Nivel Máximo en World of Warcraft: Battle for Azeroth?;120;100;90;150
Fácil;Entretenimiento: Anime y Manga japonés;En Dragon Maid de la señorita Kobayashi, ¿quién es la criada de Kobayashi?;Tohru;Lucoa;Kanna;Elma
Fácil;Entretenimiento: Videojuegos;"¿Cuál fue la fecha de lanzamiento de ""Grand Theft Auto IV""?";39567;21 de mayo;2009;22 de junio
Fácil;Ciencia y Naturaleza;¿Cuántos huesos hay en el cuerpo humano?;206;203;209;200
Fácil;Política;¿Cuántas personas hay en la Cámara de Representantes de EE. UU.?;435;260;415;50
Fácil;Conocimientos generales;¿Cuántas estrellas tiene la bandera de la Unión Europea?;12;10;14;16
Fácil;Entretenimiento: Videojuegos;En Splatoon 2, ¿quiénes son los miembros de Off The Hook?;Pearl & Marina;Callie & Marie;Diamante y Aquamarina;DJ Octavio & Crusty Sean
Fácil;Entretenimiento: Música;"¿Cuál fue el tema de la canción ""CoCo"" de 2014 del rapero estadounidense O. T. Genasis?";Cocaína;Conan O'Brien;Carbonato de cobalto(II);Tarta de crema de coco
Fácil;Entretenimiento: Videojuegos;¿Cuál de los siguientes NO era un personaje jugable en el juego Kingdom Hearts: Birth by Sleep?;Ignis;Ventus;Terra;Aqua
Fácil;Entretenimiento: Música;¿Qué género musical tocaba la banda Type O Negative?;Metal gótico;Thrash Metal;Hard Rock;Pop Rock
Fácil;Entretenimiento: Cine;¿En cuál de estas películas no protagonizó Jeff Bridges?;Los Ocho Odiosos;Tron: Legado;El Dador;Verdadera Valentía
Fácil;Conocimientos generales;¿Cómo llaman los marineros a la parte trasera de un barco?;Popa;Arco;Estribor;Puerto
Fácil;Entretenimiento: Cine;¿Cuál de estas películas NO está ambientada en Los Ángeles?;RoboCop;Blade Runner;El Terminator;Depredador 2
Fácil;Entretenimiento: Anime y Manga japonés;¿Cuál es la edad de Ash Ketchum en Pokémon cuando empieza su viaje?;10;11;12;9
Fácil;Entretenimiento: Cine;"En la película ""Spaceballs"", ¿qué intentan robar los Spaceballs del planeta Druidia?";Aire;Los Schwartz;Princesa Lonestar;Albóndigas
Fácil;Deportes;¿Quién ganó el Campeonato Mundial de Pilotos de Fórmula 1 en 2016?;Nico Rosberg;Lewis Hamilton;Max Verstappen;Kimi Raikkonen
Fácil;Entretenimiento: Cómics;En Black Hammer, ¿qué ciudad salvaron los héroes del Anti-Dios?;Ciudad Espiral;Mega-City One;Rockwood;Ciudad Estrella
Fácil;Entretenimiento: Cine;"¿Quién en Pulp Fiction dice: ""No, ahí tienen el sistema métrico, no sabrían qué coño es un Quarter Pounder.""";Vincent Vega;Jules Winnfield;Jimmie Dimmick;Butch Coolidge
Fácil;Entretenimiento: Videojuegos;¿En qué juego derivado de Mario debutó Waluigi?;Mario Tennis;Mario Party 3;Mario Kart: ¡Doble Carrera!;Mario Golf: Gira de los Hongos
Fácil;Entretenimiento: Televisión;¿Qué presentador organiza Guy's Grocery Games?;Guy Fieri;Guy Martin;Guy Ritchie;Ainsley Harriott
Fácil;Entretenimiento: Videojuegos;¿Quién es el último jefe en el minijuego Demontower de Night In The Woods?;El Ladrón de Sangre;Mega Bola de Pelo;King Skellie;Krampus
Fácil;Entretenimiento: Videojuegos;¿Qué ingrediente NO se usa para hacer una tarta en Minecraft?;Pan;Trigo;Leche;Egg
Fácil;Ciencia y Naturaleza;El término médico para el ombligo es, ¿cuál de los siguientes?;Umbligo;Nevus;Narinas;Paxillus
Fácil;Historia;¿Cuándo colapsó el Imperio Bizantino?;1453;1299;1353;1498
Fácil;Entretenimiento: Videojuegos;"¿Quién es el personaje principal en ""La parábola de Stanley""?";Stanley;La Línea de Aventuras;El Narrador;El Jefe
Fácil;Ciencia: Matemáticas;¿Cuál es el símbolo de desplazamiento?;Δr;dr;DP;r
Fácil;Entretenimiento: Dibujos animados y animaciones;"¿Quién creó la serie de Cartoon Network ""Regular Show""?";J. G. Quintel;Ben Bocquelet;Distrito de Pendleton;Rebecca Sugar
Fácil;Entretenimiento: Videojuegos;¿Cuál es el nombre del personaje jugable en el videojuego Deltarune: Capítulo 1 de 2018?;Kris;Frisk;Chara;Gaster
Fácil;Entretenimiento: Videojuegos;"En ""Xenoblade Chronicles 2"", ¿qué miembro del grupo no puede usar espadas normales?";Tora;Rex;Zeke;Nia
Fácil;Entretenimiento: Televisión;"En el programa Community de NBC, cuya frase característica era ""¡Pop! ¡Pop!""?";Magnitud;Star Burns;Leonard;Senoir Chang
Fácil;Entretenimiento: Videojuegos;¿Quién resulta ser el verdadero vencedor en la Batalla del Armagedón en Mortal Kombat?;Shao Kahn;Liu Kang;Shang Tsung;Raiden
Fácil;Deportes;¿Qué luchador ganó el Royal Rumble masculino de 2019?;Seth Rollins;Braun Strowman;AJ Styles;Andrade
Fácil;Ciencia: Informática;¿Qué significa GHz?;Gigahercios;Gigahotz;Gigahetz;Gigahatz
Fácil;Entretenimiento: Música;"Termina esta letra de la canción de 2016 ""Panda"" de Desiigner: ""I got stols in _______"".";Atlanta;Savannah;Augusta;Marietta
Fácil;Entretenimiento: Libros;"¿Qué libro clásico comienza con la frase ""Llámame Ismael""?";Moby Dick;Un cuento de dos ciudades;Secuestrados;Cumbres Borrascosas
Fácil;Conocimientos generales;¿De qué país provienen el sushi y el karaoke?;Japón;China;Corea del Sur;Vietnam
Fácil;Entretenimiento: Videojuegos;Antes de su rediseño del logotipo de la empresa en el año 2000, ¿qué forma 3D NO está representada en el logo de Electronic Arts?;Cilindro;Pirámide;Cubo;Esfera
Fácil;Geografía;"¿Cuál de estos países africanos lista el ""español"" como idioma oficial?";Guinea Ecuatorial;Guinea;Camerún;Angola
Fácil;Conocimientos generales;¿Cuál es el significado completo de RAM?;Memoria de acceso aleatorio;Memoria de asistencia aleatoria;Mandato de Asistencia Rand;Ram
Fácil;Entretenimiento: Videojuegos;¿Cuándo se lanzó Minecraft al público por primera vez?;17 de mayo de 2009;17 de septiembre;2009;18 de noviembre
Fácil;Entretenimiento: Videojuegos;Los juegos Cry of Fear, Natural Selection y Counter-Strike eran originalmente mods de ¿para qué videojuego?;Half-Life;Warcraft III;Arma 2;Doom
Fácil;Ciencia: Informática;En un teclado QWERTY americano estándar, ¿qué símbolo introduces si mantienes pulsada la tecla shift y pulsas 1?;Signo de exclamación;Signo de dólar;Signo de porcentaje;Asterisco
Fácil;Mitología;¿Cuál de las siguientes cosas no es cierta sobre la vida de Tiresias?;Navegó con los argonautas para encontrar el vellocino de oro;Atenea lo convirtió en mujer;y luego, años después, de nuevo en un hombre;Hera lo cegó después de que él estuviera de acuerdo con Zeus en una discusión
Fácil;Entretenimiento: Cine;En El Señor de los Anillos: Las Dos Torres, ¿a dónde lleva el grupo de orcos a los hobbits?;Isengard;Rivendel;Mordor;Moria
Fácil;Conocimientos generales;¿Cuál es la segunda lengua materna más hablada en España en cuanto al número de hablantes?;Catalán;Portugués;Español;Francés
Fácil;Ciencia y Naturaleza;¿Cuál es el hueso más largo del cuerpo humano?;Fémur;Escápula;Peroné;Cúbito
Fácil;Deportes;¿En cuál de estos equipos no ha jugado Jaromir Jagr?;Isleños de Nueva York;Calgary Flames;New Jersey Devils;Dallas Stars
Fácil;Mitología;En la mitología griega, ¿quién es el dios del vino?;Dionisio;Hefesto;Deméter;Apollo
Fácil;Entretenimiento: Música;¿Cuál es el verdadero nombre del rapero estadounidense Eminem, también conocido como Slim Shady?;Marshall Mathers;Calvin Broadus;Shawn Carter;Nasir Jones
Fácil;Entretenimiento: Videojuegos;¿Qué juego NO se financió mediante crowdfunding?;Entra en el Gungeon;Ciudad de Salem;Undertale;Tower Unite
Fácil;Entretenimiento: Música;¿Quién escribió el éxito de Sinead O'Connor 'Nothing Compares 2 U'?;Príncipe;Michael Jackson;Cameo;Rick James
Fácil;Ciencia: Gadgets;¿Qué consola de videojuegos desarrolla Sony?;PlayStation;Xbox;Atari;Nintendo Switch
Fácil;Mitología;El antiguo dios romano de la guerra era comúnmente conocido como cuál de los siguientes?;Marte;Júpiter;Juno;Ares
Fácil;Entretenimiento: Videojuegos;En Pokémon Rojo y Azul, ¿cómo se llama HM05?;Flash;Fuerza;¡Corten;Fly
Fácil;Historia;¿La idea del socialismo fue articulada y promovida por quién?;Karl Marx;Vladimir Lenin;Joseph Stalin;Vladimir Putin
Fácil;Entretenimiento: Música;¿Quién es el cantante principal de Pearl Jam?;Eddie Vedder;Ozzy Osbourne;Gossard de Piedra;Kurt Cobain
Fácil;Ciencia: Matemáticas;¿Cuál es la raíz cuadrada de 49?;7;4;12;9
Fácil;Entretenimiento: Televisión;En Dos hombres y medio, ¿cómo se llama el hijo de Alan Harper?;Jake;John;Jeremy;James
Fácil;Entretenimiento: Videojuegos;Rocket League es un juego que presenta...;Coches;Helicópteros;Aviones;Submarinos
Fácil;Entretenimiento: Videojuegos;¿Cuál es el nombre en clave de Morgana la gata en Persona 5?;Mona;Panther;Acechador nocturno;Zorro
Fácil;Conocimientos generales;"La empresa estadounidense ""Campbell's"" es más conocida por fabricar qué producto alimenticio?";Sopas enlatadas;Chocolate;Refrescos;Salchichas
Fácil;Ciencia y Naturaleza;¿Cuál es la unidad SI estándar para distancia?;Metro;Angstrom;Pie;Fathom
Fácil;Entretenimiento: Videojuegos;¿Cuál es el nombre del principal objeto de curación en Dark Souls?;Frasco de estus;Poción de Salud;Zumo de naranja;Frasco ceniciento
Fácil;Historia;¿Quién fue el primer primer ministro de Canadá?;John Macdonald;John Abbott;Alexander Mackenzie;Robert Borden
Fácil;Entretenimiento: Videojuegos;"En ""Un sombrero en el tiempo"", ¿qué debe recoger el Niño del Sombrero para terminar un nivel?";Un reloj;Un fragmento de corazón;Un fragmento de reliquia;Un sombrero
Fácil;Ciencia: Matemáticas;¿Cuál es el nombre de pila del matemático Euler?;Leonhard;Lionel;Andrin;Ajan
Fácil;Deportes;¿Cuándo se fundó el FC Schalke 04?;1904;1909;2008;1999
Fácil;Entretenimiento: Musicales y teatros;"¿Quién escribió el musical ""Hamilton""?";Lin-Manuel Miranda;Andrew Lloyd Webber;Nell Benjamin;Tom Kitt
Fácil;Animales;¿Cómo se llama un murciélago bebé?;Cachorro;Cub;Polluelo;Niño
Fácil;Entretenimiento: Televisión;"¿Quién interpretó al agente Fox Mulder en el drama de ciencia ficción televisivo ""Expediente X""?";David Duchovny;Gillian Anderson;Robert Patrick;Mitch Pileggi
Fácil;Entretenimiento: Videojuegos;¿Qué estudiante en Yandere Simulator es conocido por hacer preguntas irritantes y tontas?;Midori Gurin;Kokona Hruka;Oka Ruto;Pipi Osu
Fácil;Entretenimiento: Videojuegos;En Need for Speed: Most Wanted (2005), ¿cómo se llamaba el antagonista principal?;"Clarence ""Razor"" Callahan";"Héctor ""Ming"" Domingo";"Toru ""Toro"" Sato";"Karl ""Barón"" Smit"
Fácil;Ciencia y Naturaleza;¿Qué nombre se les da a todos los bebés marsupiales?;Joey;Pantorrilla;Cachorro;Cub
Fácil;Conocimientos generales;¿Qué empresa es propietaria de Outlook?;Microsoft;Google;Manzana;Yahoo
Fácil;Ciencia y Naturaleza;¿Qué significa la letra 'S' en 'NASA'?;Espacio;Ciencia;Sociedad;Star
Fácil;Entretenimiento: Juegos de mesa;"¿Cuál de estos juegos incluye la frase ""No pases el Go, no recojas $200""?";Monopoly;Día de pago;Cluedo;Coppit
Fácil;Ciencia y Naturaleza;¿Qué orgánulos ayuda a la síntesis de ADN en las células?;Ribosomas;Núcleos;Lisosomas;Mitocondrias
Fácil;Conocimientos generales;¿Qué país tiene la Union Jack en su bandera?;Nueva Zelanda;Sudáfrica;Canadá;Hong Kong
Fácil;Arte;¿Cuál es el nombre del arte japonés de doblar papel en formas y figuras decorativas?;Origami;Sumi-e;Ukiyo-e;Haiku
Fácil;Entretenimiento: Música;¿Quién es el cantante principal de la banda Coldplay?;Chris Martin;Chris Isaak;Chris Wallace;Chris Connelly
Fácil;Historia;¿Cuántos alunizajes tripulados ha habido?;6;1;3;7
Fácil;Entretenimiento: Dibujos animados y animaciones;En South Park, ¿cuál es el apellido de Stan?;Pantano;Stotch;Broflovski;Ajuste
Fácil;Ciencia: Gadgets;¿Cuándo empezó a aparecer el CD en el mercado de consumo?;1982;1992;1972;1962
Fácil;Entretenimiento: Dibujos animados y animaciones;Wendy O. Koopa apareció en los dibujos animados de Super Mario DIC, pero ¿cómo era conocida?;Kootie Pie;Sweetie Pie;Wendy Pie;Pastel de miel
Fácil;Entretenimiento: Música;¿Qué streamer de Twitch es el vocalista de Red Vox?;Salsa de vid;The8BitDrummer;LIRIK;Sodapoppin
Fácil;Entretenimiento: Videojuegos;¿Cuál de estos es un tipo de monstruo que se encuentra en Minecraft?;Esqueleto;Hombre lobo;Vampiro;Minotauro
Fácil;Entretenimiento: Juegos de mesa;¿El juego de mesa Monopoly toma los nombres de las calles de qué ciudad americana real?;Atlantic City, Nueva Jersey;Las Vegas;Nevada;Duluth
Fácil;Conocimientos generales;¿La historia de Robin Hood proviene de qué país?;Inglaterra;Francia;Portugal;Escocia
Fácil;Conocimientos generales;¿Cuál es la capital de España?;Madrid;París;Barcelona;Lisboa
Fácil;Entretenimiento: Juegos de mesa;"¿En qué año se lanzó el juego de rol de papel y bolígrafo ""Deadlands""?";1996;2003;1999;1993
Fácil;Entretenimiento: Videojuegos;¿Quién fue el actor de voz de Snake en Metal Gear Solid V: The Phantom Pain?;Kiefer Sutherland;David Hayter;Norman Reedus;Hideo Kojima
Fácil;Ciencia y Naturaleza;¿Cuál de los siguientes no es uno de los grupos de la tabla periódica?;Flúores;Metales alcalinos;Halágenos;Gases nobles
Fácil;Ciencia: Informática;¿Con qué lenguaje asociarías el framework Django?;Python;C#;C++;Java
Fácil;Geografía;¿Qué país tiene una hoja de arce en su bandera?;Canadá;México;Brasil;India
Fácil;Geografía;¿Cuál es la capital de Finlandia?;Helsinki;Yabraltar;Macedonia;Oslo
Fácil;Entretenimiento: Videojuegos;¿Cuántos bloques de obsidiana se requieren para construir un portal del Nether en Minecraft?;10;14;13;16
Fácil;Entretenimiento: Videojuegos;¿Quién es capaz de agarrar a los supervivientes con la lengua en Left 4 Dead?;Smoker;Jockey;Hunter;Boomer
Fácil;Entretenimiento: Videojuegos;¿Qué Pokémon inicial de tipo agua se introdujo en la cuarta generación de la serie?;Piplup;Totodile;Oshawott;Mudkip
Fácil;Entretenimiento: Anime y Manga japonés;¿Cuál es el apellido de Edward y Alphonse en la serie Fullmetal Alchemist?;Elric;Ellis;Eliek;Elwood
Fácil;Entretenimiento: Televisión;En Star Trek: La Nueva Generación, ¿cómo se llama el gato de Data?;Spot;Manoplas;Tom;Kitty
Fácil;Entretenimiento: Videojuegos;"¿Cómo se llama la actualización ""Team Fortress 2"", en la que se convirtió en Free-to-play?";Súper Actualización;Actualización de Pyromania;Actualización Mann-Conomy;Actualización del ingeniero
Fácil;Geografía;¿Cuál es la capital de España?;Madrid;Barcelona;Sevilla;Toledo
Fácil;Entretenimiento: Dibujos animados y animaciones;Butters Stotch, Pip Pirrup y Wendy Testaburger son todos personajes en qué serie de animación de larga duración es la de televisión?;South Park;Los Simpson;Family Guy;Bob's Burgers
Fácil;Entretenimiento: Dibujos animados y animaciones;¿Cuál es el apellido de uno de los profesores varones en la serie de la BBC Postman Pat?;Pringle;Walker;Dorito;Ayeos
Fácil;Celebridades;¿Cuál fue el último papel cinematográfico de James Coburn antes de su muerte?;American Gun;Monstruos S&A;Texas Rangers;Perros de la Nieve
Fácil;Ciencia: Informática;Cuando Gmail se lanzó, ¿cuánto espacio de almacenamiento proporcionaba para tu correo electrónico?;1GB;512MB;5GB;Ilimitado
Fácil;Entretenimiento: Videojuegos;"¿Quién creó el videojuego ""Bendy y la máquina de tinta""?";TheMeatly;Scott Cawthon;Jeff Kaplan;Konami
Fácil;Historia;¿Cuál de los siguientes pueblos antiguos NO fue clasificado como helénico (griego)?;Ilirios;Dorios;Aqueos;Ionios
Fácil;Conocimientos generales;¿Cuál de estas cadenas de comida rápida NO es conocida principalmente por vender pizza?;Wendy's;Domino's;Pequeños Césares;Papa John's
Fácil;Entretenimiento: Videojuegos;El acrónimo DOTA significa;Defensa de los Antiguos;Defensa de los Artefactos;Defensa de las Antigüedades;Defensa de los animados
Fácil;Entretenimiento: Cine;¿En qué periodo histórico fue el centro de la película de Assassin's Creed (2016)?;Inquisición española;Inglaterra victoriana;Revolución Francesa;América colonial
Fácil;Entretenimiento: Videojuegos;"La icona de ""Tomb Raider"" Lara Croft se llamaba originalmente...";Laura Cruz;Laura Craft;Laura Croft;Lara Craft
Fácil;Ciencia y Naturaleza;¿El elemento que implica hacer que la sangre humana sea roja es cuál de los siguientes?;Hierro;Cobre;Iridio;Cobalto
Fácil;Entretenimiento: Televisión;En la serie Doctor Who, ¿qué significa T.A.R.D.I.S?;Tiempo y dimensiones relativas en el espacio;Tiempo y dimensiones en reposo en el espacio;Tiempo y dimensiones relativas en el estilo;Ayuda para el baño y el perro con cuerda es sopa
Fácil;Ciencia: Matemáticas;¿Cuántos lados tiene un heptágono?;7;5;4;9
Fácil;Entretenimiento: Videojuegos;"¿Cómo se conoce la raza alienígena en el juego ""Lego Racers 2""?";Ramas;Slizers;Roboriders;Turagas
Fácil;Entretenimiento: Videojuegos;"¿Qué poder tiene Max Caulfield de ""La vida es extraña""?";Rebobinando el tiempo;Invisibilidad;Telepatía;Superfuerza
Fácil;Geografía;¿En qué ciudad está la Universidad de Harvard?;Cambridge;Providence;Nueva York;Washington D.C.
Fácil;Conocimientos generales;¿Qué es Tasmania?;Un estado australiano;Un sabor del helado de Ben y Jerry;Un trastorno psicológico;El nombre de un personaje de dibujos animados de Warner Brothers
Fácil;Entretenimiento: Libros;"¿Quién escribió ""Un cuento de dos ciudades""?";Charles Dickens;Charles Darwin;Mark Twain;Roald Dahl
Fácil;Conocimientos generales;¿Qué palabra representa la letra 'T' en el alfabeto fonético de la OTAN?;Tango;Objetivo;Taxi;Turquía
Fácil;Entretenimiento: Televisión;"En la serie ""Rick and Morty"", en el episodio ""Total Rickall"", ¿quién era un parásito?";Pencilvester;Beth Smith;Summer Smith;Señor Culo Cacado
Fácil;Política;Según la Constitución de los Estados Unidos, ¿cuántos años debe tener una persona para ser elegido Presidente de los Estados Unidos?;35;30;40;45
Fácil;Conocimientos generales;¿El queso Gouda es de qué país europeo?;Los Países Bajos;Bélgica;Alemania;Francia
Fácil;Vehículos;¿Cuáles son las piezas cilíndricas que bombean hacia arriba y hacia abajo dentro del motor?;Pistones;Resortes de hoja;Radiadores;ABS
Fácil;Geografía;¿Cuál es el país más grande del mundo?;Federación Rusa;China;Canadá;Brasil
Fácil;Vehículos;¿Cuántas pulgadas cúbicas tiene el motor LS7?;427;346;364;376
Fácil;Conocimientos generales;¿Cuántas sílabas forman un haiku?;17;15;10;21
Fácil;Entretenimiento: Libros;¿Qué libro famoso lleva el subtítulo 'El Prometeo Moderno'?;Frankenstein;Drácula;El extraño caso del Dr. Jekyll y el Sr. Hyde;La leyenda de Sleepy Hollow
Fácil;Entretenimiento: Televisión;En la serie original de Star Trek, ¿cuál era el segundo nombre del Capitán James T. Kirk?;Tiberio;Trevor;Travis;Tyrone
Fácil;Historia;¿En qué año tuvo lugar el colapso de la Unión Soviética?;1991;1992;1891;1990
Fácil;Ciencia y Naturaleza;¿Cuál es la capa más delgada y externa de la Tierra?;Corteza;Exosfera;Manto;Núcleo Exterior
Fácil;Ciencia y Naturaleza;¿Qué produce el color verde de la mayoría de las hojas de las plantas?;Clorofila;Refracción de la luz;Pigmentos naturales;Radiación UV
Fácil;Conocimientos generales;"En ""Katamari Damacy"", controlas a un personaje conocido como:";El Príncipe;Fujio;Ichigo;Foomin
Fácil;Conocimientos generales;¿Cuál de estos juegos de Marvel se lanzó en Playstation 2?;Spider-Man 2;Surfista de Plata;Howard el Pato;Lobezno: Ira de Adamantio
Fácil;Conocimientos generales;¿Cómo se llama el Año Nuevo judío?;Rosh Hashaná;Elul;Año Nuevo;Succoss
Fácil;Entretenimiento: Cómics;En los cómics de DC, ¿cuál es el verdadero nombre de Owlman?;Thomas Wayne Jr.;Thomas Wayne;Bruce Wayne;Joseph Chill
Fácil;Vehículos;¿Cuál de los siguientes fabricantes de coches tuvo una guerra nombrada en su honor?;Toyota;Honda;Ford;Volkswagen
Fácil;Entretenimiento: Música;Sting, el vocalista principal de The Police, ¿toca principalmente qué instrumento?;Bajo eléctrico;Batería;Guitarra;Teclados
Fácil;Conocimientos generales;¿A qué le teme la cinofobia?;Perros;Aves;Vuelo;Gérmenes
Fácil;Geografía;¿Los Alpes son una cordillera en qué continente?;Europa;Norteamérica;Asia;África
Fácil;Ciencia: Matemáticas;¿A qué dos hombres se les atribuye haber descubierto de forma independiente el cálculo diferencial?;Newton y Leibnitz;Platón y Aristóteles;Asiimov y Rutherford;Dvorak y Smith
Fácil;Entretenimiento: Videojuegos;"""El saco de patatas"" fue una colección de juegos indie lanzados en Steam en 2011 como promoción de ¿qué juego?";Portal 2;Left 4 Dead 2;Half-Life 3;Dota 2
Fácil;Vehículos;¿Cuál de estas marcas de automóviles se originó en Suecia?;Volvo;Mercedes;Acura;Lincoln
Fácil;Animales;¿Cuántos dientes tiene un conejo adulto?;28;30;26;24
Fácil;Geografía;¿Qué nación reclama la propiedad de la Antártida?;Nadie, pero hay reclamaciones.;Estados Unidos de América;Naciones Unidas;Australia
Fácil;Entretenimiento: Anime y Manga japonés;"¿En qué año se emitió ""Attack on Titan"" por primera vez?";2013;2014;2012;2015
Fácil;Entretenimiento: Anime y Manga japonés;"En la serie ""La melancolía de Haruhi Suzumiya"", la líder del club SOS Brigade es tratada sin saberlo como una (n) __ por sus compañeros.";Dios;Alien;Viajero en el tiempo;Esper
Fácil;Entretenimiento: Videojuegos;"¿Cuál es la ronda de jefe que aparece en el mapa ""Five"" de ""Call Of Duty: Zombies""?";El ladrón del Pentágono;Sabuesos infernales;Saltos de tijera;Zombi de Napalm
Fácil;Conocimientos generales;¿Cuál es la moneda de India y Pakistán, así como de algunos otros países asiáticos?;Rupia;Riyal;Peso;Dinar
Fácil;Ciencia y Naturaleza;¿Qué porcentaje de la superficie terrestre es agua?;0,7;30%;50%;90%
Fácil;Entretenimiento: Televisión;¿En qué país está ambientado Cory in the House?;Los Estados Unidos de América;Canadá;Venezuela;Inglaterra
Fácil;Entretenimiento: Videojuegos;En Undertale, ¿MEGALOVANIA es un tema para qué personaje?;Sans;Flowey;Papiro;Undyne
Fácil;Entretenimiento: Televisión;En Juego de Tronos, ¿qué continente se encuentra al otro lado del Mar Angosto desde Poniente?;Essos;Easteros;Westereast;Esuntos
Fácil;Entretenimiento: Dibujos animados y animaciones;"En ""Avatar: El Último Maestro Aire"", qué elemento empieza a aprender Aang después de ser descongelado?";Agua;Aire;Tierra;Incendio
Fácil;Historia;¿Cuál fue el primer deporte que se jugó en la luna?;Golf;Fútbol americano;Tenis;Fútbol
Fácil;Geografía;¿Cuál es la capital de Corea del Sur?;Seúl;Pyongyang;Taegu;Kitakyushu
Fácil;Entretenimiento: Televisión;"¿Qué compañía tiene los derechos exclusivos para emitir episodios de ""The Grand Tour""?";Amazon;Netflix;BBC;CCTV
Fácil;Entretenimiento: Dibujos animados y animaciones;"¿Cuál de estos personajes vive en una piña bajo el mar en el dibujo animado ""Bob Esponja?";Bob Esponja Pantalones Cuadrados;Patrick Star;Tentáculos Calamardo;Señor Cangrejo
Fácil;Entretenimiento: Videojuegos;"En ""PUBATTLEGROUNDS"", ¿qué tipo de munición usa el M24?";7,62 mm;5,56 mm;9mm;.300 Magnum
Fácil;Entretenimiento: Videojuegos;"¿Quién creó la serie ""Metal Gear""?";Hideo Kojima;Hiroshi Yamauchi;Shigeru Miyamoto;Gunpei Yokoi
Fácil;Entretenimiento: Juegos de mesa;¿Cuántos dados se usan en el juego de Yahtzee?;Cinco;Cuatro;Seis;Ocho
Fácil;Entretenimiento: Dibujos animados y animaciones;"En la serie ""Steven Universe"", ¿quiénes son los dos principales empleados de The Big Donut?";Sadie y Lars;Steven y James;Erik y Julie;Bob y May
Fácil;Conocimientos generales;¿Qué nueces se utilizan en la producción de mazapán?;Almendras;Cacahuetes;Nueces;Pistachos
Fácil;Entretenimiento: Televisión;¿Qué programa de televisión presentaba a mujeres mayores llamadas Blanche, Rose, Dorothy y Sophia?;Las Chicas de Oro;¡Salud;Los años maravillosos;Lazos familiares
Fácil;Ciencia: Informática;Si programaras software en este lenguaje, solo podrías escribir ceros y 1.;Binario;JavaScript;C++;Python
Fácil;Arte;¿Quién pintó el fresco bíblico La creación de Adán?;Miguel Ángel;Leonardo da Vinci;Caravaggio;Rembrandt
Fácil;Deportes;"¿A quién se le suele llamar ""el Maestro"" en el circuito de tenis masculino?";Roger Federer;Bill Tilden;Boris Becker;Pete Sampras
Fácil;Geografía;¿Cuál es el país más pequeño del mundo?;Ciudad del Vaticano;Maldivas;Mónaco;Malta
Fácil;Entretenimiento: Videojuegos;"¿Cuál de estos niveles NO aparece en las versiones de consola/PC del juego ""Sonic Generations""?";Colina Champiñón;Fuga de la ciudad;Planeta Wisp;Santuario Celestial
Fácil;Animales;¿Cuál es el animal nacional de la India?;Tiger;León;Caballo;Camello
Fácil;Entretenimiento: Cómics;"Este superhéroe de Marvel suele ser llamado ""El hombre sin miedo"".";Daredevil;Thor;Wolverine;Hulk
Fácil;Entretenimiento: Videojuegos;"En el juego de lucha ""Skullgirls"", ¿qué personaje utiliza una silla plegable llamada ""Hurting"" como arma?";Beowulf;Big Band;Squigly;Cerebella
Fácil;Entretenimiento: Videojuegos;¿Qué juegos de Grand Theft Auto (GTA) tienen la misma configuración?;GTA V y GTA San Andreas;GTA V y GTA Vice City;GTA IV y GTA San Andreas;GTA IV y GTA Vice City
Fácil;Deportes;¿Qué equipo ganó la Copa Mundial de la FIFA 2014 en Brasil?;Alemania;Argentina;Brasil;Países Bajos
Fácil;Historia;¿El RMS Titanic se hundió durante su viaje inaugural desde Southampton, Inglaterra, hacia qué ciudad estadounidense?;Nueva York;Boston;Filadelfia;Washington
Fácil;Entretenimiento: Televisión;En DuckTales, ¿cómo se llama la ciudad donde viven todos los personajes principales?;Pato;Patito;Espiral;Wingford
Fácil;Ciencia: Matemáticas;En números romanos, ¿a qué equivale XL?;40;60;15;90
Fácil;Conocimientos generales;¿El Corán es el libro sagrado de qué religión abrahámica?;Islam;Cristianismo;Judaísmo;Rastafarianismo
Fácil;Ciencia y Naturaleza;¿El hielo seco es la forma sólida de qué sustancia?;Dióxido de carbono;Nitrógeno;Amoníaco;Oxígeno
Fácil;Entretenimiento: Videojuegos;¿Qué personaje fue introducido en la franquicia Super Smash Bros en Super Smash Bros Melee?;Sheik;Samus;Lucas;Mega Man
Fácil;Entretenimiento: Videojuegos;¿En qué motor de videojuego funciona el videojuego Quake 2?;iD Tech 2;iD Tech 3;iD Tech 1;Unreal Engine
Fácil;Animales;¿De qué color es la hembra de mirlo?;Brown;Negro;Blanco;Amarillo
Fácil;Entretenimiento: Cine;"¿Qué película protagonizada por Bruce Willis contiene la frase ""Veo muertos""?";El sexto sentido;El Quinto Elemento;Jung de Matar;Armagedón
Fácil;Ciencia y Naturaleza;El 71% de la superficie terrestre está compuesta por;Agua;Desiertos;Continentes;Bosques
Fácil;Ciencia y Naturaleza;¿Cuántas cámaras tiene el corazón humano?;4;2;6;3
Fácil;Geografía;¿Cuál es la capital del estado estadounidense de Nueva York?;Albany;Buffalo;Nueva York;Rochester
Fácil;Geografía;¿Qué zona de Europa del Este es famosa por su asociación con los vampiros?;Transilvania;Silesia;Macedonia;Eslovaquia
Fácil;Entretenimiento: Anime y Manga japonés;"¿A quién se le dio el título de ""Full Metal"" en la serie de anime ""Full Metal Alchemist""?";Edward Elric;Alphonse Elric;Van Hohenheim;Izumi Curtis
Fácil;Entretenimiento: Libros;"Esta obra se considera generalmente la más adaptable de las obras de Shakespeare y sigue a dos ""amantes desafortunados"".";Romeo y Julieta;Hamlet;La Tempestad;Rey Lear
Fácil;Ciencia y Naturaleza;¿Cuál es la principal sustancia adictiva que se encuentra en el tabaco?;Nicotina;Catinona;Efedrina;Glaucina
Fácil;Ciencia y Naturaleza;¿Cuántas leyes de la termodinámica hay?;Cuatro;Tres;Dos;Cinco
Fácil;Entretenimiento: Videojuegos;¿Quién es el protagonista principal de Dead Space?;Isaac Clarke;Comandante Shepard;Gordon Freeman;Master Chief
Fácil;Deportes;¿Quién ganó la UEFA Champions League en 2016?;Real Madrid C.F.;FC Bayern Múnich;Atlético de Madrid;Manchester City F.C.
Fácil;Entretenimiento: Anime y Manga japonés;"En ""One Piece"", ¿de qué color es la nariz de Tony Tony Chopper?";Azul;Negro;Grey;Rojo
Fácil;Historia;¿Cuántos años tenía Adolf Hitler cuando murió?;56;43;65;47
Fácil;Conocimientos generales;¿Qué tipo de animal era Harambe, que fue disparado después de que un niño cayera en su recinto en el zoológico de Cincinnati?;Gorila;Tiger;Panda;Crocodile
Fácil;Deportes;¿Qué piloto ha sido campeón mundial de Fórmula 1 en un récord de 7 veces?;Michael Schumacher;Ayrton Senna;Fernando Alonso;Jim Clark
Fácil;Conocimientos generales;Terry Gilliam era un animador que trabajó con qué grupo de comedia británico?;Monty Python;Los Goodies;La Liga de los Caballeros;Los Penny Dreadfuls
Fácil;Geografía;¿Con qué país no limita Austria?;Francia;Eslovenia;Suiza;Eslovaquia
Fácil;Ciencia y Naturaleza;¿De quién da nombre al elemento químico Curium?;Marie & Pierre Curie;El Rover Curiosity;Jorge el curioso;Stephen Curry
Fácil;Ciencia: Informática;¿Qué empresa ha dedulado el sistema operativo Windows?;Microsoft;Manzana;Nokia;IBM
Fácil;Política;¿El expresidente de Estados Unidos Bill Clinton tocó qué instrumento de forma famosa?;Saxofón;Trompa barítono;Piano;Violín
Fácil;Ciencia: Informática;¿Cuánto mide una dirección IPv6?;128 bits;32 bits;64 bits;128 bytes
Fácil;Entretenimiento: Cine;¿Cuál de estas películas NO se estrenó en 1996?;Gladiador;Día de la Independencia;La Roca;Misión: Imposible
Fácil;Entretenimiento: Juegos de mesa;¿Cuántos espacios hay en un tablero estándar de Monopoly?;40;28;55;36
Fácil;Entretenimiento: Videojuegos;"¿En qué año se reveló el juego ""Overwatch""?";2014;2015;2011;2008
Fácil;Deportes;¿Cuál de estos equipos de la NHL jugó originalmente en Atlanta?;Calgary Flames;St. Louis Blues;Minnesota Wild;Vancouver Canucks
Fácil;Geografía;¿Cómo se llama el océano en el que se encuentra Hawái?;Pacífico;Atlántico;Indio;Ártico
Fácil;Entretenimiento: Televisión;"En ""Rick And Morty"", ¿quién disparó al ""Mr. Poopybutthole"" en el episodio ""Total Rickall""?";Beth;Rick;Jerry;Morty
Fácil;Geografía;¿En qué continente se encuentra la cordillera de los Andes?;Sudamérica;Europa;Asia;África
Fácil;Entretenimiento: Cine;Las tiendas 7-Eleven se convirtieron temporalmente en Kwik E-marts para promocionar el estreno de qué película?;La película de Los Simpson;Spider-Man 3;Shrek III;Ratatouille
Fácil;Ciencia y Naturaleza;¿Cuál es la unidad SI estándar para el tiempo?;Segundo;Minuto;Hora;Día
Fácil;Entretenimiento: Videojuegos;¿Quién hizo el mod de Garry?;Garry Newman;Randy Newman;Facepunch Studios;Gabe Newell
Fácil;Entretenimiento: Videojuegos;¿La pistola de salida del equipo Terrorista en una partida competitiva de Counter Strike: Global Offensive es qué?;Glock-18;Tec-9;Águila del Desierto;Berretas Duales
Fácil;Ciencia: Gadgets;"¿El término ""batería"" para describir un dispositivo de almacenamiento eléctrico fue acuñado por?";Benjamin Franklin;Nikola Tesla;Luigi Galvani;Alessandro Volta
Fácil;Geografía;¿Cuál es la capital del estado estadounidense de Arizona?;Phoenix;Montgomery;Tallahassee;Raleigh
Fácil;Conocimientos generales;¿Cuántos cinco dólares valen?;100;50;25;69
Fácil;Ciencia: Informática;¿Qué tipo de lenguaje es HTML?;Lenguaje de marcado;Macro Language;Lenguaje de programación;Lenguaje de scripting
Fácil;Política;"¿De quién fue el lema de la campaña presidencial de 2016 ""Make America Great Again""?";Donald Trump;Ted Cruz;Marco Rubio;Bernie Sanders
Fácil;Entretenimiento: Cine;"¿Quién queda congelado al final de la película ""Goldeneye""?";Boris Grishenko;James Bond;Natalya Simonova;Alec Travelyan
Fácil;Entretenimiento: Música;Según el rapero estadounidense Nelly, ¿qué deberías hacer cuando hace calor aquí?;Quítate toda la ropa;Date una ducha fresca;Bebe un poco de agua;Ve a nadar desnudo
Fácil;Entretenimiento: Videojuegos;¿Qué Ultimate tiene Makoto Naegi, protagonista de Danganronpa: Trigger Happy Havoc?;Estudiante con suerte definitiva;Estudiante desafortunado definitivo;Detective Definitivo;Corredor Definitivo
Fácil;Entretenimiento: Libros;¿Cuál de los siguientes es el libro más vendido del mundo?;El Señor de los Anillos;El Pequeño Príncipe;Harry Potter y la Piedra Filosofal;El Código Da Vinci
Fácil;Entretenimiento: Videojuegos;¿Cuál es el título que le dan los demonios al protagonista en DOOM (2016)?;Doom Slayer;Doom Guy;Doom Marine;Doom Reaper
Fácil;Historia;¿En qué año tuvo lugar el desplome de Wall Street?;1929;1932;1930;1925
Fácil;Política;¿Quién fue el 45º presidente de los Estados Unidos?;Donald Trump;Barack Obama;Bill Clinton;George Bush
Fácil;Entretenimiento: Cine;¿Cuál fue el primer monstruo que apareció junto a Godzilla?;Anguirus;King Kong;Mothra;King Ghidora
Fácil;Entretenimiento: Anime y Manga japonés;"En la película de animación de 2012 ""Niños lobo"", ¿cuáles son los nombres de los niños lobo?";Ame & Yuki;Hana y Yuki;Ame & Hana;Chuck y Anna
Fácil;Historia;¿Quién fue el general confederado en la Guerra Civil estadounidense?;Robert E. Lee;George A. Custer;Ulysses S. Grant;George B. McClellan
Fácil;Entretenimiento: Videojuegos;En Undertale, ¿cuál es el premio por responder correctamente?;Más preguntas;Coche nuevo;Misericordia;Dinero
Fácil;Entretenimiento: Videojuegos;"¿Qué Pokémon puede aprender el movimiento ""Poder Secreto"" subiendo de nivel?";Audino;Tipo:Nulo;Arceus;Silvally
Fácil;Deportes;¿Quién ganó la UEFA Champions League en 2017?;Real Madrid C.F.;Atlético de Madrid;AS Monaco FC;Juventus F.C.
Fácil;Entretenimiento: Videojuegos;¿Quién es el actor de voz de Thrall en la saga de juegos Warcraft?;Chris Metzen;Ben Affleck;Jason Derulo;Jim Carrey
Fácil;Entretenimiento: Cine;¿Qué película estrenada en 2016 presenta a Superman y Batman peleando?;Batman v Superman: El amanecer de la justicia;Batman v Superman: Superapocalipsis;Batman v Superman: Black of Knight;Batman v Superman: Knightfall
Fácil;Conocimientos generales;¿Cómo llaman los marineros al lado izquierdo de un barco?;Puerto;Estribor;Arco;Popa
Fácil;Entretenimiento: Videojuegos;"¿En qué año se estrenó ""Metal Gear Solid"" en Norteamérica?";1998;1987;2001;2004
Fácil;Entretenimiento: Cómics;¿Cuál es el nombre completo de pila de la niñera en Calvin y Hobbes?;Rosalyn;Rose;Ruby;Rachel
Fácil;Conocimientos generales;¿Qué caramelo NO está hecho por Marte?;Almond Joy;M&M's;Twix;Risitas
Fácil;Entretenimiento: Libros;¿Cómo se llama el protagonista de la novela El guardián entre el centeno de J.D. Salinger?;Holden Caulfield;Fletcher Christian;Jay Gatsby;Randall Flagg
Fácil;Entretenimiento: Dibujos animados y animaciones;"¿Quién creó la serie de Cartoon Network ""Hora de Aventuras""?";Distrito de Pendleton;J. G. Quintel;Ben Bocquelet;Rebecca Sugar
Fácil;Geografía;Si el fútbol se llama fútbol en Inglaterra, ¿cómo se llama el fútbol americano en Inglaterra?;Fútbol americano;Bola de peinado;Balonmano;Touchdown
Fácil;Conocimientos generales;¿Qué elemento máquina se encuentra en el centro de los fidget spinners?;Rodamientos;Ejes;Engranajes;Cinturones
Fácil;Entretenimiento: Televisión;"¿Cómo se llamaba el policía en el dibujo animado ""Top Cat""?";Dibble;Barbrady;Mahoney;Murphy
Fácil;Geografía;¿Cuál de los siguientes idiomas NO utiliza el alfabeto latino?;Georgiano;Turco;Suajili;Vietnamita
Fácil;Entretenimiento: Música;¿Quién tuvo un éxito en 1983 con la canción 'Africa'?;Toto;Extranjero;Steely Dan;Viaje
Fácil;Entretenimiento: Videojuegos;¿Cuál es la ciudad de origen del Team Fortress 2 Scout?;Boston;Sídney;Detroit;Nueva York
Fácil;Entretenimiento: Videojuegos;¿Cuál de estos personajes es la mascota de la empresa de videojuegos SEGA?;Sonic el erizo;Dinamita Headdy;Alex Kidd;Opa-Opa
Fácil;Ciencia y Naturaleza;¿Qué animal participa en el experimento mental más famoso de Schrödinger?;Gato;Perro;Bat;Mariposa
Fácil;Entretenimiento: Música;"¿La canción ""Give It Away"" de Red Hot Chili Pepper es de qué álbum?";Magia sexual del azúcar en sangre;Un minuto caliente;Por cierto;Estadio Arcadium
Fácil;Entretenimiento: Juegos de mesa;¿Cuándo se lanzó al público el juego de mesa Twister?;24198;Septiembre de 1965;Enero de 1969;Febrero de 1966
Fácil;Entretenimiento: Cine;"¿Cuándo transcurre cronológicamente ""Rogue One: Una historia de Star Wars""?";Entre el episodio 3 y el 4;Después del episodio 6;Antes del Episodio 1;Entre el episodio 4 y el 5
Fácil;Entretenimiento: Videojuegos;¿Cuál de estos grupos encubiertos emplea a Sam Fisher para trabajar como célula escindida?;Tercer escalón;Voron;Flecha Negra;Los Ingenieros
Fácil;Entretenimiento: Videojuegos;"¿Qué letra griega representa el logo de ""Half-Life""?";Lambda;Omega;Alfa;Sigma
Fácil;Entretenimiento: Videojuegos;"En el videojuego de 2002 ""Kingdom Hearts"", ¿cuántas Llaves Espada se pueden usar?";18;13;16;15
Fácil;Entretenimiento: Cine;"¿Cuál de estos actores NO aparece en la película de 1998 ""Salvando al soldado Ryan""?";Ralph Fiennes;Tom Hanks;Vin Diesel;Matt Damon
Fácil;Entretenimiento: Dibujos animados y animaciones;¿Qué personaje de 'Family Guy' tuvo su propio spin-off en 2009?;Cleveland Brown;Glenn Quagmire;Joe Swanson;El Sordo Engrasado
Fácil;Geografía;¿Cuál es la capital de Escocia?;Edimburgo;Glasgow;Dundee;Londres
Fácil;Entretenimiento: Dibujos animados y animaciones;¿Quién pone voz a Ruby en la serie animada RWBY?;Lindsay Jones;Tara Strong;Jessica Nigri;Hayden Panettiere
Fácil;Entretenimiento: Televisión;"En la serie ""Dragonball Z"", ¿cómo se llama el ataque más poderoso de Cell?";Solar Kamehameha;Super Kamehameha;Cell Kamehameha;Android Kamehameha
Fácil;Entretenimiento: Videojuegos;¿En qué ciudad del futuro alternativo distópico de Half-Life 2 empiezas por primera vez?;Ciudad 17;Ciudad 18;Ciudad 6;Ciudad 45
Fácil;Conocimientos generales;¿Cuál de los siguientes juegos de cartas gira en torno a los números y las matemáticas básicas?;Uno;Ve a Pesca;Twister;Munchkin
Fácil;Entretenimiento: Videojuegos;¿Qué compañía desarrolló el juego battle royale gratuito Fortnite?;Juegos Épicos;Válvula;Ubisoft;Square Enix
Fácil;Conocimientos generales;"¿Cuál es la palabra francesa para ""sombrero""?";Chapeau;Bonet;Écharpe;Casque
Fácil;Entretenimiento: Televisión;"¿Quién fue el primer actor en interpretar a ""El Doctor"" en ""Doctor Who""?";William Hartnell;David Tennant;Peter Capaldi;Tom Baker
Fácil;Conocimientos generales;¿Cuál de las siguientes no es una universidad de la Ivy League?;Stanford;Universidad de Pensilvania;Harvard;Princeton
Fácil;Ciencia: Informática;¿Qué palabra clave SQL se utiliza para obtener datos de una base de datos?;SELECT;ÍNDICE;VALORES;EJECUTIVO
Fácil;Geografía;¿Con cuántos países comparte frontera terrestre Estados Unidos?;2;1;3;4
Fácil;Entretenimiento: Cine;¿Cuál de los siguientes actores solo ha participado una vez en una película dirigida por Quentin Tarantino?;John Travolta;Christoph Waltz;Harvey Keitel;Samuel L. Jackson
Fácil;Deportes;¿Quién ganó el Campeonato Mundial de Fórmula 1 en 2015?;Lewis Hamilton;Nico Rosberg;Sebastian Vettel;Jenson Button
Fácil;Conocimientos generales;¿Qué significan las letras de la cadena de comida rápida KFC?;Pollo Frito de Kentucky;Queso fresco de Kentucky;Vaca Extraña Con Pienso;Corte de Comida Kiwi
Fácil;Entretenimiento: Videojuegos;En Danganronpa: Trigger Happy Havoc, ¿cuál es el nombre del protagonista?;Makoto Naegi;Hajime Hinata;Nagito Komaeda;Komaru Naegi
Fácil;Ciencia: Informática;"¿Qué significa ""MP"" en MP3?";Película en movimiento;Reproductor de música;Multi Pass;Micro Punto
Fácil;Entretenimiento: Videojuegos;En el videojuego Half-life, ¿qué tipo de fuerza militar estadounidense comienza a limpiar la instalación de investigación de Black Mesa?;La HECU;Navy Seals;El Combine;Los Marines
Fácil;Entretenimiento: Videojuegos;¿En qué año se lanzó el juego Team Fortress 2?;2007;2009;2005;2010
Fácil;Deportes;¿Qué equipo de la NFL juega para Nueva Inglaterra?;Patriots;Jefes;Delfines;49ers
Fácil;Entretenimiento: Música;"En palabras de su canción de 1973, Bob Dylan es ""toc, toc, knockin"" en qué puerta?";Cielo;Opportunity;Angie's;Eileen's
Fácil;Entretenimiento: Música;"¿De cuyos álbumes se incluyen ""Back in Black"" y ""Ballbreaker""?";AC/DC;Doncella de Hierro;Black Sabbath;Metallica
Fácil;Mitología;¿Qué figura de la mitología griega viajó al inframundo para devolver a su esposa Eurídice al mundo de los vivos?;Orfeo;Hércules;Perseo;Dédalo
Fácil;Conocimientos generales;¿Red Vines es una marca de qué tipo de caramelos?;Regaliz;Lollipop;Chocolate;Chicle
Fácil;Entretenimiento: Videojuegos;"¿Cómo se llama la Bruja del Caos de 4 brazos del videojuego ""Battleborn"" de 2016?";Orendi;Orendoo;Oranda;Randy
Fácil;Entretenimiento: Música;¿Quién es el cantante principal de Arctic Monkeys?;Alex Turner;Jamie Cook;Matt Helders;Nick O'Malley
Fácil;Entretenimiento: Anime y Manga japonés;"¿En qué medio se creó ""Clannad""?";Novela visual;Anime;Manga;Novela ligera
Fácil;Entretenimiento: Música;"¿Quién era ""Kung Fu Fighting"" en 1974?";Carl Douglas;Los Bee Gees;Ola de calor;Kool & la Pandilla
Fácil;Entretenimiento: Videojuegos;En la serie Super Smash Bros., ¿qué personaje fue el primero en regresar a la saga tras ausencia de un juego anterior?;Dr. Mario;Mewtwo;Lucas;Roy
Fácil;Ciencia: Gadgets;¿Qué palabra de moda usó Apple Inc. para describir la retirada del conector de auriculares?;Valor;Innovación;Revolución;Valentía
Fácil;Entretenimiento: Música;¿Cuántos miembros hay en la banda Nirvana?;Tres;Dos;Cuatro;Cinco
Fácil;Entretenimiento: Videojuegos;¿Cuántos personajes jugables hay en Yakuza 5?;5;2;3;1
Fácil;Entretenimiento: Música;"¿Qué palabra significa la ""K"" de ""K-Pop""?";Coreano;Keniano;Kazajistán;Kuwaití
Fácil;Conocimientos generales;"¿Cómo se llamaba la mala pintura de Sqiudward en el episodio de Bob Esponja ""Artista desconocido""?";Audaz y descarado;Calamardo en reposo;Rippy Bits;Perspectivas inclinadas
Fácil;Geografía;¿Con qué país limita con Belice?;Guatemala;Laos;Perú;Kenia
Fácil;Entretenimiento: Cine;¿Dónde transcurre la película original de Viernes 13?;Campamento Crystal Lake;Packanack;Higgins Haven;Campamento Forest Green
Fácil;Entretenimiento: Videojuegos;En CoD: Black Ops III, ¿cómo se llama el antagonista de la IA rebelde?;Corvus;Camarilla;Legión;Ícaro
Fácil;Entretenimiento: Videojuegos;"TF2: ¿Qué código pone Soldier en el teclado de la puerta en ""Conoce al espía""?";1111;1432;1337;Sin código
Fácil;Ciencia y Naturaleza;¿La rinoplastia es un procedimiento quirúrgico en qué parte del cuerpo humano?;Nariz;Orejas;Chin;Cuello
Fácil;Deportes;En béisbol, ¿cuántas faltas son un out?;0;5;3;2
Fácil;Entretenimiento: Musicales y teatros;"¿Quién escribió el galardonado musical ""In The Heights""?";Lin-Manuel Miranda;Steven Sondheim;Francis Scott Key;John Phillips Sousa
Fácil;Ciencia y Naturaleza;¿Cuál es la unidad de resistencia eléctrica?;Ohm;Mho;Tesla;Joule
Fácil;Entretenimiento: Cine;"¿Quién interpretó al papel principal femenino en la película ""King Kong"" de 1933?";Fay Wray;Jean Harlow;Vivien Leigh;Mae West
Fácil;Entretenimiento: Televisión;¿Cómo se llamaba la bruja adolescente interpretada por Melisa Joan Hart que vive con sus tías brujas Hilda y Zelda?;Sabrina;Hermione;Dorothy;Dalia
Fácil;Entretenimiento: Videojuegos;"¿De qué franquicia proviene la criatura ""Slowpoke""?";Pokémon;Dragon Ball;Sonic el erizo;Yugioh
Fácil;Entretenimiento: Videojuegos;¿Cuál de estas NO es una clase de jugador en Team Fortress 2?;Sanador;Demoman;Pirotecnia;Espía
Fácil;Deportes;En béisbol, ¿cuántas veces tiene que lanzarse la pelota fuera de la zona de strike antes de que el bateador reciba base por bolas?;4;1;2;3
Fácil;Entretenimiento: Música;¿De dónde viene la parte Mac del nombre Fleetwood Mac?;John McVie;Christine McVie;Mac McAnally;David Tennant
Fácil;Entretenimiento: Videojuegos;¿Cuál es la primera arma que adquieres en Half-Life?;Una palanca;Una pistola;El traje H.E.V;Tus puños
Fácil;Entretenimiento: Anime y Manga japonés;En el anime Siete Pecados Capitales, ¿cuál es el nombre de uno de los pecados?;Diane;Sakura;Ayano;Sheska
Fácil;Conocimientos generales;¿Qué signo del zodiaco está representado por un par de escalas?;Libra;Aries;Capricornio;Sagitario
Fácil;Conocimientos generales;¿Qué tipo de cubiertos es el más adecuado para comer sopa?;Cuchara;Fork;Cuchillo;Palillos
Fácil;Deportes;¿Qué dos equipos jugaron en la Super Bowl XLII?;Los New York Giants y los New England Patriots;Los Green Bay Packers y los Pittsburgh Steelers;Los Philadelphia Eagles y los New England Patriots;Los Seattle Seahawks y los Denver Broncos
Fácil;Entretenimiento: Videojuegos;¿Cuál de los siguientes NO es uno de los personajes principales en el modo historia de Grand Theft Auto V?;Tommy Vercetti;Michael de Santa;Franklin Clinton;Trevor Phillips
Fácil;Entretenimiento: Videojuegos;"En el juego ""Overwatch"", ¿cuáles son los nombres de los dos criminales australianos de la facción Junkers?";Junkrat y Roadhog;Rata de carretera y Junkhog;Ana y Pharah;McCree y Deadeye
Fácil;Entretenimiento: Cine;¿Quién escribió y dirigió la película 'Platoon' de 1986?;Oliver Stone;Francis Ford Coppola;Stanley Kubrick;Michael Cimino
Fácil;Entretenimiento: Cine;"¿Quién dirigió las películas ""Pulp Fiction"", ""Reservoir Dogs"" y ""Django Unchained""?";Quentin Tarantino;Martin Scorsese;Steven Spielberg;James Cameron
Fácil;Entretenimiento: Cine;"Al final de la película de 2001 ""Rat Race"", ¿en qué concierto irrumpen los concursantes?";Boca Rompida;Bolos por sopa;Sum 41;Parque Linkin
Fácil;Ciencia: Gadgets;¿Qué es la unidad SI para resistencia?;Ohms;Anfíeres;Siemens;Voltios
Fácil;Historia;¿Qué partido fue el Juego del Año en 2018?;Dios de la Guerra;Detroit: Hazte humano;Red Dead Redemption 2;Una salida
Fácil;Entretenimiento: Videojuegos;"¿Qué modo de juego no estaba en el ""Wii Sports"" original?";Tenis de mesa;Boxeo;Béisbol;Bolos
Fácil;Entretenimiento: Música;"La canción de 2016 ""Starboy"" del cantante canadiense The Weeknd presenta a qué artista electrónico destacado?";Daft Punk;deadmau5;Divulgación;DJ Shadow
Fácil;Ciencia: Informática;¿Qué empresa fue fundada el 1 de abril de 1976 por Steve Jobs, Steve Wozniak y Ronald Wayne?;Manzana;Microsoft;Atari;Comodoro
Fácil;Ciencia y Naturaleza;¿Cuál es el planeta más caliente del Sistema Solar?;Venus;Marte;Mercurio;Júpiter
Fácil;Entretenimiento: Anime y Manga japonés;¿Quién es la verdadera princesa de la luna en Sailor Moon?;Sailor Moon;Sailor Venus;Sailor Mars;Sailor Jupiter
Fácil;Entretenimiento: Videojuegos;"¿Qué empresa creó y desarrolló el juego ""Overwatch""?";Blizzard Entertainment;Válvula;Hi-Rez Studios;Software de la caja de cambios
Fácil;Ciencia: Matemáticas;¿Cuál es la ecuación para el área de una esfera?;(4/3)πr^3;4πr^2;(1/3)πhr^2;πr^4
Fácil;Conocimientos generales;¿Qué elemento químico, el número 11 de la tabla periódica, tiene el símbolo Na?;Sodio;Carbono;Conducir;Nitrógeno
Fácil;Ciencia: Gadgets;¿Cuál de los siguientes no es un tipo de ratón de ordenador?;Ratón batido;Ratón tambor;Ratón trackball;Ratón óptico
Fácil;Deportes;¿Qué equipo ha ganado más Stanley Cups en la NHL?;Canadienses de Montreal;Chicago Blackhawks;Toronto Maple Leafs;Detroit Red Wings
Fácil;Entretenimiento: Videojuegos;¿Cuál de los siguientes personajes NO es candidata a matrimonio femenino en el juego Stardew Valley?;Caroline;Abigail;Haley;Leah
Fácil;Entretenimiento: Videojuegos;"En la serie ""Hitman"", ¿cómo se llama el personaje principal?";Agente 47;Agente 27;Agente Smith;Agente 67
Fácil;Mitología;¿Qué criaturas mitológicas tienen rostros de mujer y cuerpos de buitre?;Harpías;Sirenas;Ninfa;Lilith
Fácil;Ciencia: Informática;Este sistema operativo móvil tenía la mayor cuota de mercado en 2012.;iOS;Android;BlackBerry;Symbian
Fácil;Entretenimiento: Música;¿Cuál es el nombre del álbum publicado en 2014 por la banda estadounidense Maroon 5?;V;X;III;IV
Fácil;Entretenimiento: Videojuegos;En Fallout: New Vegas, ¿en cuál de estos casinos no puedes jugar?;Suerte 38;Los Tops;Gammorah;Ultra-Luxe
Fácil;Ciencia: Informática;¿Qué hace el botón Prt SC?;Captura lo que hay en pantalla y lo copia en tu portapapeles;Nada;Guarda un archivo .png de lo que aparece en pantalla en la carpeta de capturas de pantalla en fotos;Cierra todas las ventanas
Fácil;Mitología;¿El dios griego Poseidón era el dios de qué?;El mar;Guerra;Sun;Incendio
Fácil;Conocimientos generales;"¿Quién es considerado el ""Padre de la Filosofía Moderna""?";René Descartes;Platón;Albert Einstein;Antoine Lavoiser
Fácil;Entretenimiento: Libros;¿Cómo se llama el hermano de Sherlock Holmes?;Mycroft Holmes;Mederi Holmes;Martin Holmes;Herbie Hancock Holmes
Fácil;Deportes;¿Cuál fue el resultado final del partido Alemania vs. Brasil en la Copa Mundial de la FIFA 2014?;46204;0 - 1;03-abr;16 - 0
Fácil;Conocimientos generales;¿Qué órgano del cuerpo produce bilis?;Hígado;Vesícula biliar;Páncreas;Estómago
Fácil;Ciencia y Naturaleza;¿Qué gas noble tiene el número atómico más bajo?;Helio;Neón;Argón;Krypton
Fácil;Conocimientos generales;¿Cómo se llama la mano de póker que contiene trío y pareja?;Full House;Color;Recto;Carta alta
Fácil;Entretenimiento: Videojuegos;¿Cuántos juegos de la serie Crash Bandicoot se lanzaron en la Playstation original?;5;4;3;6
Fácil;Entretenimiento: Videojuegos;¿Cuál de los siguientes miembros del Alto Mando de la sexta generación de Pokémon fue miembro del Equipo Flare?;Malva;Siebold;Wikstrom;Drasna
Fácil;Entretenimiento: Televisión;"En la serie de televisión ""Mad Men"", ¿cuál era el nombre de nacimiento de Donald Draper?";"Richard ""Dick"" Whitman";Donald Draper;John Ashbury;"Michael ""Mikey"" Wilhelm"
Fácil;Entretenimiento: Música;"¿Qué compositor clásico escribió la ""Sonata a la luz de luna""?";Ludvig Van Beethoven;Jefe de la Cámara;Wolfgang Amadeus Mozart;Johannes Brahms
Fácil;Entretenimiento: Juegos de mesa;"En los juegos de mesa, una regla adicional o modificada que se aplica a un grupo o lugar determinado se conoce informalmente como regla de ""qué""?";Casa;Costumbres;Extra;Cambio
Fácil;Entretenimiento: Música;"La canción de Rush ""YYZ"" toma su nombre del código de identificación del aeropuerto IATA para qué ciudad?";Toronto;Vancouver;Ottawa;Calgary
Fácil;Entretenimiento: Libros;"¿Quién es el autor de la serie de libros ""Canción de Hielo y Fuego"", empezando por ""Juego de Tronos""?";George R. R. Martin;Brandon Sanderson;J. R. R. Tolkien;Steven Erikson
Fácil;Entretenimiento: Videojuegos;¿Cuándo se estrenó Left 4 Dead 2?;40134;3 de mayo;2008;30 de noviembre
Fácil;Entretenimiento: Música;"¿Qué artista lanzó el single ""Harlem Shake"" en 2012, que se utilizó en numerosos vídeos de YouTube en 2013?";Baauer;RL Grime;NGHTMRE;Flosstradamus
Fácil;Geografía;¿La frontera compartida más larga del mundo se puede encontrar entre qué dos naciones?;Canadá y Estados Unidos;Chile y Argentina;Rusia y China;India y Pakistán
Fácil;Entretenimiento: Música;¿Qué álbum de los Beatles NO aparece a ninguno de los miembros de la banda en su portada?;The Beatles (álbum blanco);Alma de Goma;Abbey Road;Gira de misterio mágico
Fácil;Celebridades;¿En qué suele centrarse el cineasta Dan Bell en sus películas?;Edificios abandonados y centros comerciales abandonados;Lugares históricos;Películas de acción;Documentales
Fácil;Entretenimiento: Cine;¿Qué película incluye un espíritu gigante parecido a un conejo que tiene poderes mágicos, incluyendo el crecimiento de árboles?;Mi vecino Totoro;Hop;El ascenso de los Guardianes;Alicia en el País de las Maravillas
Fácil;Entretenimiento: Cine;¿Cuál de las siguientes películas no está basada en una novela de Stephen King?;La Cosa;Carrie;Miseria;La Milla Verde
Fácil;Ciencia: Matemáticas;"El prefijo métrico ""atto-"" hace que una medición sea cuánto menor que la unidad base?";Un Quintillono;Una milmillonésima;Un cuadrilionésimo;Un septilionésimo
Fácil;Entretenimiento: Videojuegos;¿En qué año se estrenó Hearthstone?;2014;2011;2013;2012
Fácil;Ciencia y Naturaleza;¿Cuál es la velocidad de la luz en el vacío?;299.792.458 m/s;50;461 m/s;308
Fácil;Conocimientos generales;¿Cuántas cartas hay en una baraja estándar de cartas?;52;32;40;64
Fácil;Entretenimiento: Música;"¿Cuál es el nombre artístico de la rapera inglesa Mathangi Arulpragasam, conocida por la canción ""Paper Planes""?";M.I.A.;K.I.A.;C.I.A.;A.I.A.
Fácil;Historia;El alfabeto romano original carecía de las siguientes letras EXCEPTO:;X;W;U;J
Fácil;Conocimientos generales;¿Cuántas letras hay en el alfabeto inglés?;26;28;23;24
Fácil;Deportes;¿Cuándo se jugó el primer partido internacional oficial?;1872;1880;1863;1865
Fácil;Entretenimiento: Cine;"¿Quién interpreta a Jack Burton en la película ""Big Trouble in Little China""?";Kurt Russell;Patrick Swayze;John Cusack;Harrison Ford
Fácil;Ciencia: Matemáticas;¿Qué tipo de ángulo es mayor que 90°?;Obtuso;Agudo;Derecha;Recto
Fácil;Conocimientos generales;¿Cuál es la profesión de la madre de Elon Musk, Maye Musk?;Modelo;Profesor;Biólogo;Músico
Fácil;Ciencia y Naturaleza;¿Cuál es la unidad SI estándar para la masa?;Kilogramo;Tonne;Libra;Gram
Fácil;Ciencia: Gadgets;¿En qué cartucho está cargado un AK-47 clásico?;7,62x39mm;7,62x51mm;5,56x45mm;5,45x39mm
Fácil;Conocimientos generales;¿Qué mascota del restaurante es un payaso?;McDonald's;Whataburger;Burger King;Sonic
Fácil;Entretenimiento: Música;¿Qué banda de los 80 está liderada por el cantante/guitarrista Robert Smith?;La Cura;Los Smith;Eco y los Hombres Conejo;Nuevo Orden
Fácil;Entretenimiento: Videojuegos;¿Cuál de estos NO es un personaje jugable en el videojuego Overwatch de 2016?;Invocador;Misericordia;Winston;Zenyatta
Fácil;Entretenimiento: Televisión;"¿Quién interpretó a la camarera en el sketch de spam de ""Monty Python's Flying Circus""?";Terry Jones;Eric Idle;Graham Chapman;John Cleese
Fácil;Entretenimiento: Videojuegos;¿Cuántas piezas de Tetris con formas diferentes hay?;7;5;6;8
Fácil;Entretenimiento: Videojuegos;En World of Warcraft, ¿cuál era el límite de nivel original?;60;70;50;100
Fácil;Entretenimiento: Videojuegos;¿Cuál de estas razas Starbound tiene una cultura del Lejano Oeste?;Novakid;Avian;Humano;Hylotl
Fácil;Entretenimiento: Anime y Manga japonés;¿Qué Pokémon y sus evoluciones fueron prohibidos de aparecer en un papel principal tras el Incidente del Episodio 38?;La línea Porygon;La línea Pikachu;La línea Elekid;La Línea Magby
Fácil;Conocimientos generales;¿Cuántos furlongs hay en una milla?;Ocho;Dos;Cuatro;Seis
Fácil;Entretenimiento: Videojuegos;En Slay the Spire, ¿cuál de los siguientes NO es un personaje jugable?;Corazón de piedra;Silencio;Defecto;Acorazado
Fácil;Entretenimiento: Videojuegos;¿Quién creó la plataforma de distribución digital Steam?;Válvula;Juegos Pixeltail;Ubisoft;Artes Electrónicas
Fácil;Entretenimiento: Anime y Manga japonés;"En ""A Certain Scientific Railgun"", ¿cuántas ""hermanas"" tuvo que matar Accelerator para alcanzar el supuesto nivel 6?";20000;128;10;0
Fácil;Entretenimiento: Videojuegos;¿Quién es el creador del proyecto Touhou?;Zun;Jun;Frontera Crepuscular;Tasofro
Fácil;Entretenimiento: Anime y Manga japonés;¿Cuál fue el segundo Pokémon de Ash Ketchum?;Caterpie;Charmander;Pikachu;Pidgey
Fácil;Entretenimiento: Videojuegos;En Kingdom Hearts, ¿cuántos miembros tiene en total la Organización XIII?;14;10;13;12
Fácil;Entretenimiento: Videojuegos;¿Quién es el líder del Equipo Instinto en Pokémon Go?;Chispa;Candela;Blanche;Willow
Fácil;Entretenimiento: Videojuegos;¿Blinky, Pinky, Inky y Clyde son personajes de qué videojuego clásico?;Pac-Man;Guantelete;Invasores del espacio;Street Fighter
Fácil;Deportes;¿Qué afroamericano es en parte responsable de integrar las Grandes Ligas de Béisbol?;Jackie Robinson;Curt Flood;Roy Campanella;Satchell Paige
Fácil;Historia;¿Quién fue el primer presidente de los Estados Unidos?;George Washington;James Madison;Thomas Jefferson;James K. Polk
Fácil;Entretenimiento: Música;"¿Qué banda publicó canciones como ""Rio"", ""Girls on Film"" y ""The Reflex""?";Duran Duran;La Cura;Nuevo Orden;Modo Depeche
Fácil;Entretenimiento: Música;Las cuatro cuerdas de un violín son la cuerda Sol, la cuerda Re, la cuerda La y...;Cuerda Mi;Cuerda do;Cuerda B;Cuerda Fa
Fácil;Entretenimiento: Cine;"Esta película contiene la cita: ""Siento la necesidad ... ¡la necesidad de velocidad!""";Top Gun;Días de Trueno;El color del dinero;Cóctel
Fácil;Entretenimiento: Cine;En Big Hero 6, ¿de qué ciudad ficticia es el Big Hero 6?;San Fransokyo;San Tokyo;Tokysisco;Sankyo
Fácil;Entretenimiento: Cine;"Esta película contiene la frase: ""Nadie pone a Baby en un rincón.""";Baile sucio;Tres hombres y un bebé;El día libre de Ferris Bueller;Bonito de rosa
Fácil;Entretenimiento: Cine;En la película Super Mario Bros. (2023), ¿quién interpreta a Sapo?;Keegan-Michael Key;Seth Rogan;Charlie Day;Jack Black
Fácil;Entretenimiento: Cómics;"¿Qué crossover de universos se introdujo en el cómic ""Sonic the Hedgehog"" número #247?";Mega Man;Super Mario Brothers;Alex Kidd;Super Bola de Mono
Fácil;Animales;¿De qué color es un arrendajo de Steller?;azul y negro;azul y gris;Azul y blanco;gris y negro
Fácil;Entretenimiento: Música;¿Cómo se llama el líder de la banda de metal Megadeth?;Dave Mustaine;Rob Halford;Vince Neil;James Hetfield
Fácil;Conocimientos generales;¿Quién fue el primer presidente de México?;Guadalupe Victoria;Benito Juárez;Miguel Hidalgo Y Costilla;Vicente Guerrero
Fácil;Entretenimiento: Videojuegos;¿Quién protagoniza Brutal Legend?;Jack Black;Kanye West;Lemmy;Ozzy Osbourne
Fácil;Ciencia: Informática;¿Qué tipo de memoria se utiliza en la caché de memoria?;SRAM;DRAM;ROM;Flash
Fácil;Entretenimiento: Cómics;¿Qué superhéroe es conocido por su supervelocidad?;Flash;Superman;Batman;Spiderman
Fácil;Entretenimiento: Musicales y teatros;¿Quién escribió la obra 'Ángeles en América'?;Tony Kusher;Tom Stoppard;Matthew Lopez;Anthony Neilson
Fácil;Conocimientos generales;¿Cuándo se fundó la web reddit?;2005;2008;2004;2006
Fácil;Entretenimiento: Videojuegos;En el videojuego Team Fortress 2, ¿cuál de estos NO es un principal?;Medigun;Scattergun;Lanzagranadas;Lanzacohetes
Fácil;Entretenimiento: Cine;"En la película de 2012, ""The Lorax"", ¿quién es el antagonista?";Aloysius O'Hare;Ted Wiggins;El Once-Ler;Grammy Norma
Fácil;Entretenimiento: Cine;¿Quién interpretó a Han Solo en la saga principal de películas de Star Wars?;Harrison Ford;Peter Cushing;Mark Hamill;Alec Guinness
Fácil;Geografía;¿Cuál es la capital de Rumanía?;Bucarest;Bratislava;Belgrado;Budapest
Fácil;Entretenimiento: Videojuegos;¿M.U.G.E.N. es el nombre de qué tipo de motor de juego?;Juego de lucha;Juego de plataformas;Juego de disparos;Juego de puzles
Fácil;Geografía;¿Cuántos países hay en el mundo?;200;100;300;500
Fácil;Ciencia y Naturaleza;Este elemento, cuando se somete a calor y presión extremos, crea diamantes.;Carbono;Nitrógeno;Oxígeno;Hidrógeno
Fácil;Entretenimiento: Videojuegos;"¿En qué año se estrenó ""Antichamber""?";2013;2012;2014;2011
Fácil;Conocimientos generales;¿Qué significa VR?;Realidad Virtual;Muy real;Reconocimiento visual;Reconocimiento de voz
Fácil;Entretenimiento: Música;¿Quién es el cantante principal de Foo Fighters?;Dave Grohl;Dave Mustaine;James Hetfield;Caperucita Roja
Fácil;Entretenimiento: Televisión;"En la serie ""Futurama"", ¿cuál es el nombre completo de Fry?";Philip J. Fry;Fry J. Philip;Fry Rodríguez;Fry Philip
Fácil;Entretenimiento: Videojuegos;¿Quién pone voz a GLaDOS en los juegos de Portal?;Ellen McLain;Michelle Forbes;Mary Kae Irvin;Natasha Radski
Fácil;Conocimientos generales;"¿Quién es el origen de la frase ""Lo que no te mata te hace más fuerte""?";Friedrich Nietzsche;G. Gordon Liddy;Kelly Clarkson;Christopher Hitchens
Fácil;Geografía;¿Qué país alberga la mayor población japonesa fuera de Japón?;Brasil;China;Rusia;Estados Unidos
Fácil;Geografía;¿Cuál de las siguientes islas japonesas es la más grande?;Honshu;Hokkaido;Shikoku;Kyushu
Fácil;Mitología;"¿De qué mitología proviene el dios ""Apolo""?";Griego y romano;Romano y español;Griego y chino;Griego
Fácil;Entretenimiento: Videojuegos;¿Cuál es la primera consola Sony PlayStation que funciona en CD?;PD;PS2;PS3;PS4
Fácil;Ciencia: Matemáticas;¿Cuántas caras cuadradas tiene un cubo?;6;4;8;10
Fácil;Entretenimiento: Anime y Manga japonés;¿El nombre de la impostora de Junko Enoshima al principio de Danganronpa: Trigger Happy Havoc?;Mukuro Ikusaba;Ryota Mitarai;Impostor Supremo;Komaru Naegi
Fácil;Ciencia: Gadgets;¿Cuándo se lanzó el iPhone?;2007;2005;2006;2004
Fácil;Entretenimiento: Videojuegos;¿Valve Corporation es un desarrollador estadounidense de videojuegos ubicado en qué ciudad?;Bellevue, Washington;Austin;Texas;Seattle
Fácil;Entretenimiento: Videojuegos;En el juego Nuclear Throne, ¿qué personaje solo se puede usar en una partida con Melting?;Esqueleto;Rana;Terror;Planta
Fácil;Entretenimiento: Videojuegos;"¿Quién es el guionista del juego ""Half-Life""?";Marc Laidlaw;Gabe Newell;Robin Walker;Chet Faliszek
Fácil;Entretenimiento: Videojuegos;¿La serie de juegos Touhou Project suele asociarse a qué género?;Disparad;Estrategia;FPS;Casual
Fácil;Entretenimiento: Música;¿Quién tuvo un éxito en el top 5 de 1969 con la canción 'A Boy Named Sue'?;Johnny Cash;Bob Dylan;Willie Nelson;Kris Kristofferson
Fácil;Ciencia y Naturaleza;¿Cuál es el animal más grande que existe actualmente en la Tierra?;Ballena azul;Orca;Calamar Colosal;Jirafa
Fácil;Ciencia: Matemáticas;¿Cómo se llama un polígono de nueve caras?;Nonagon;Hexágono;Octágono;Heptágono
Fácil;Historia;¿Quién fue el primer gobernante de Haití tras la independencia del país?;Jean-Jacques Dessalines;Toussaint Louverture;Henri Christophe;Alexandre Petion
Fácil;Entretenimiento: Música;¿Quién es el cantante principal de Green Day?;Billie Joe Armstrong;Mike Dirnt;Sean Hughes;Tré Cool
Fácil;Entretenimiento: Videojuegos;¿Quién es el protagonista principal de la serie de juegos 'Ratchet and Clank'?;Trinquete;Clank;Capitán Qwark;Dr. Nefarious
Fácil;Entretenimiento: Música;¿Qué álbum colaborativo publicaron Kanye West y Jay-Z en 2011?;Vigila el Trono;Parientes lejanos;Qué época para estar vivo;Asuntos pendientes
Fácil;Entretenimiento: Videojuegos;"¿Cuántas veces luchas contra Gilgamesh en ""Final Fantasy 5""?";6;4;5;3
Fácil;Entretenimiento: Cine;"En ""ALF"", ¿cuál era el verdadero nombre de ALF?";Gordon Shumway;Gordon Milipp;Gordon Foster;Gordon von Gam
Fácil;Conocimientos generales;¿Cuál de los siguientes no es el presentador de un programa en NPR?;Ben Shapiro;Terry Gross;Ira Glass;Peter Sagal
Fácil;Ciencia: Informática;¿Cuál es el atajo de teclado más utilizado para la función 'Copiar' en Windows OS?;Ctrl + C;Ctrl + X;Alt + C;Alt + X
Fácil;Entretenimiento: Televisión;¿Qué personaje interpretó Dustin Diamond en la comedia 'Salvados por la campana'?;Chirrido;Zack;Señor Belding;A.C. Slater
Fácil;Conocimientos generales;¿Cómo se llama la bebida alcohólica hecha de patatas o cereales que se origina en Polonia y Rusia?;Vodka;Absenta;Ron;Sake
Fácil;Deportes;¿Quién ganó el título de la Premier League en la temporada 2015-2016 tras una racha de cuento de hadas?;Leicester City;Tottenham Hotspur;Watford;Stoke City
Fácil;Ciencia y Naturaleza;¿Cuál es el planeta más caliente del sistema solar?;Venus;Júpiter;Mercurio;Marte
Fácil;Entretenimiento: Videojuegos;¿Qué empresa es la responsable de crear el videojuego de estrategia Stellaris?;Paradox Development Studio;Software de sobrecarga;Tripwire Interactive LLC;Ensemble Studios
Fácil;Entretenimiento: Dibujos animados y animaciones;"¿Cómo se llamaba la bruja del mar en la película de Disney de 1989 ""La Sirenita""?";Úrsula;Señora Mim;Maléfica;Lady Tremaine
Fácil;Entretenimiento: Música;¿Cuándo se subió Gangnam Style a YouTube?;2012;2013;2014;2011
Fácil;Entretenimiento: Videojuegos;¿Qué tipo de Pokémon es Charizard?;Fuego/Vuelo;Incendio;Dragon;Fuego/Dragón
Fácil;Vehículos;¿Cuántas pulgadas cúbicas tiene el motor LS2?;364;346;376;402
Fácil;Historia;¿En qué país se construyó y exportó la Estatua de la Libertad a Estados Unidos de América?;Francia;Alemania;España;Inglaterra
Fácil;Entretenimiento: Videojuegos;¿Qué miembro de la Sala de Terciopelo no es un personaje jugable en Persona 4 Arena Ultimax?;Theodore;Elizabeth;Margaret;Marie
Fácil;Historia;En 1720, Inglaterra estaba endeudada enormemente y se vio envuelta en la Burbuja del Mar del Sur. ¿Quién fue el cerebro principal detrás de esto?;John Blunt;Daniel Defoe;Robert Harley;John Churchill
Fácil;Entretenimiento: Música;¿Qué miembro de los Foo Fighters fue anteriormente el batería de Nirvana?;Dave Grohl;Taylor Hawkins;Nate Mendel;Chris Shiflett
Fácil;Entretenimiento: Musicales y teatros;"David Tennant, protagonista de ""Doctor Who"", interpretó una versión de ¿qué obra shakesperiana?";Hamlet;La Tempestad;Otelo;La Domada de la Museña
Fácil;Entretenimiento: Videojuegos;¿Cuál de los siguientes juegos tiene el mayor tamaño de mapa?;Just Cause 2;Gran Robo de Automóviles 5;The Elder Scrolls 4: Oblivion;The Witcher 3: Caza Salvaje
Fácil;Geografía;¿Cuál es la ciudad más grande de Canadá?;Toronto;Montreal;Vancouver;Ottawa
Fácil;Mitología;La marca de ropa y calzado Nike toma su nombre de la diosa griega de qué.;Victoria;Valor;Fuerza;Honor
Fácil;Entretenimiento: Música;¿Quién es el cantante principal de la banda británica de pop rock Coldplay?;Chris Martin;Jonny Buckland;Guy Berryman;Will Champion
Fácil;Entretenimiento: Videojuegos;¿Qué juego de Nintendo 64 NO tenía a Luigi?;Super Mario 64;Mario Party 2;Mario de papel;Super Smash Bros.
Fácil;Entretenimiento: Videojuegos;"¿Cuál es el nombre del desarrollador del juego que creó ""Call Of Duty: Zombies""?";Treyarch;Juegos de mazo;Infinity Ward;Perro travieso
Fácil;Entretenimiento: Anime y Manga japonés;"¿Satella en ""Re:Zero"" es la bruja de qué?";Envidia;Orgullo;Pereza;Ira
Fácil;Entretenimiento: Videojuegos;"¿Cuál de las siguientes armas en ""Counter-Strike: Global Offensive"" no tiene función de clic derecho?";XM1014;SG553;Revólver R8;USP-S
Fácil;Entretenimiento: Anime y Manga japonés;"¿Qué nombre se le da al personaje principal Chihiro en la película de 2001 ""El viaje de Chihiro""?";Sen (Mil);Hyaku (Cien);Ichiman (Diez mil);Juu (Diez)
Fácil;Entretenimiento: Videojuegos;"En ""World of Warcraft"", ¿cuál de los siguientes se encuentra fuera de cada mazmorra instanciada?";Una piedra de encuentro;Una piedra de invocación;Una piedra de reunión;Una piedra de hogar
Fácil;Geografía;¿Qué pequeño país se encuentra entre las fronteras de Francia y España?;Andorra;San Marino;Ciudad del Vaticano;Lichtenstein
Fácil;Entretenimiento: Videojuegos;¿Qué juego de Sonic the Hedgehog iba originalmente a venir con Sonic 3, pero se redujo a la mitad por falta de tiempo?;Sonic & Knuckles;Sonic 2;Sonic CD;Sonic 3D Blast
Fácil;Entretenimiento: Videojuegos;En Rust, ¿cuántas cargas explosivas temporizadas hacen falta para destruir una escotilla de escalera?;1;3;2;5
Fácil;Geografía;¿Cuántas zonas horarias tiene China?;1;3;4;2
Fácil;Historia;¿En qué país nació Josef Stalin?;Georgia;Rusia;Alemania;Polonia
Fácil;Conocimientos generales;"¿""A3"", ""B1"" y ""Legal"" son nombres típicos de tamaño para qué objeto?";Papel;Aviones;Libros de derecho;Pantallas telefónicas
Fácil;Entretenimiento: Anime y Manga japonés;¿De qué color es la mitad de la Espada de Tijera de Ryłako Matoi en el anime Kill la Killi?;Rojo;Verde;Azul;Morado
Fácil;Entretenimiento: Videojuegos;"En ""Call Of Duty: Zombies"", ¿cómo se llama la máquina que mejora las armas?";Pack-A-Punch;Wunderfizz;Dispositivo Gersch;Patada de mula
Fácil;Conocimientos generales;¿Cuál de estos NO se considera un color que compone el arcoíris?;Rosa;Azul;Violet;Naranja
Fácil;Historia;¿En qué año comenzó la Primera Guerra Mundial?;1914;1905;1919;1925
Fácil;Entretenimiento: Música;"¿Cuál de estas canciones NO hizo el grupo ""Men At Work""?";Baile de seguridad;En Australia;¿Quién podrá ser ahora?;Es un error
Fácil;Ciencia: Matemáticas;¿Qué viene después de un millón, un billón y un billón?;Cuatrillón;Sextilón;Quintillion;Septillion
Fácil;Entretenimiento: Cine;"¿Quién dirigió la película de 2015 ""The Revenant""?";Alejandro G. Iñárritu;Christopher Nolan;David Fincher;Wes Anderson
Fácil;Ciencia y Naturaleza;¿Qué significa LASER?;Amplificación de la luz mediante emisión estimulada de radiación;Análisis lite mediante ecorazer estéreo;Amplificador de luz por energía de espera de radio;Antimateria vital por entrada de rango permanente
Fácil;Geografía;¿En qué ciudad se encuentra la Aguja Espacial?;Seattle;Los Ángeles;Toronto;Vancouver
Fácil;Deportes;"¿""Estadio de la Luz"" es el estadio local de qué equipo de fútbol?";Sunderland FC;Barcelona FC;Paris Saints-Germain;Manchester United
Fácil;Entretenimiento: Videojuegos;"¿La serie de videojuegos de fútbol ""Pro Evolution Soccer"" está desarrollada por qué compañía?";Konami;Square Enix;Artes Electrónicas;THQ
Fácil;Entretenimiento: Videojuegos;"¿De qué se llaman Sans y Papyrus en ""Undertale""?";Tipografías;Plantas;Empresas;Papel de escritura antiguo
Fácil;Entretenimiento: Videojuegos;¿Rincewind del juego Mundodisco de 1995 fue doblado por qué miembro de Monty Python?;Eric Idle;John Cleese;Terry Gilliam;Michael Palin
Fácil;Entretenimiento: Videojuegos;¿En qué año salió el juego original de Los Sims?;2000;2001;1999;1998
Fácil;Entretenimiento: Videojuegos;¿Qué actor estadounidense interpreta a Cave Johnson, CEO de Aperture Science?;J.K. Simmons;Nolan North;John Patrick Lowrie;Christopher Lloyd
Fácil;Vehículos;¿Cuántas pulgadas cúbicas tiene el motor LS1?;346;350;355;360
Fácil;Conocimientos generales;¿En qué año obtuvo la independencia Ghana?;1957;1947;1960;1958
Fácil;Ciencia: Gadgets;¿Qué asistente virtual está desarrollado por Amazon?;Alexa;Asistente de Google;Siri;Cortana
Fácil;Conocimientos generales;¿En qué cadena de comida rápida se puede pedir un batido de jamocha?;Arby's;McDonald's;Burger King;Wendy's
Fácil;Ciencia y Naturaleza;¿Quién descubrió la Ley de la Gravedad?;Sir Isaac Newton;Galileo Galilei;Charles Darwin;Albert Einstein
Fácil;Entretenimiento: Libros;"¿Quién escribió la novela juvenil ""Bajo la misma estrella""?";John Green;Stephenie Meyer;Suzanne Collins;Stephen Chbosky
Fácil;Conocimientos generales;¿Qué tipo de avión desarrolló Igor Sikorsky en Estados Unidos en 1942?;Helicóptero;Dirigible sigiloso;Jet;Cápsula Espacial
Fácil;Entretenimiento: Videojuegos;¿Cuál es el apellido de la protagonista femenina principal de Final Fantasy VIII?;Heartilly;Loira;Almasy;Trepe
Fácil;Deportes;¿Qué club de fútbol inglés tiene el apodo de 'The Foxes'?;Leicester City;Ciudad de Northampton;Bradford City;West Bromwich Albion
Fácil;Ciencia y Naturaleza;¿Cuántos planetas hay en el Sistema Solar?;8;9;11;10
Fácil;Entretenimiento: Cine;¿Quién interpretó a Thanos en Vengadores: Guerra Infinita y Vengadores: Juego final?;Josh Brolin;Tom Hiddleston;Adam Sandler;Sean Gunn
Fácil;Entretenimiento: Televisión;"¿Qué programa es conocido por las canciones ""You are a Pirate"", ""Cooking by the Book"" y ""We Are Number One""?";LazyTown;Sofía la Primera;DuckTales;Tom y Jerry
Fácil;Arte;¿Quién esculpió la estatua de David?;Miguel Ángel;Gian Lorenzo Bernini;Auguste Rodin;Donatello
Fácil;Historia;"¿La ""Ruta de Lágrimas"" fue consecuencia de la política de expulsión de indígenas del presidente de Estados Unidos?";Andrew Jackson;Harry S. Truman;Martin Van Buren;John Quincy Adams
Fácil;Entretenimiento: Videojuegos;¿Quiénes son los creadores originales de Ratchet & Clank?;Juegos de Insomniac;Juegos de PixelTail;Raro;Bethesda
Fácil;Entretenimiento: Videojuegos;¿Cuál es la vida máxima en Terraria?;500;400;1000;100
Fácil;Entretenimiento: Cómics;"En el cómic de Marvel ""The Superior Spider-Man"", ¿qué personaje toma el cuerpo de Peter Parker?";Otto Octavius;Norman Osborn;Mary Jane;Eddie Brock
Fácil;Entretenimiento: Música;¿De qué país es la banda Rammstein?;Alemania;Austria;Armenia;Bélgica
Fácil;Conocimientos generales;¿Qué fruta es un ingrediente tradicional de un Pastel de la Selva Negra?;Cerezas;Albaricoques;Pasas;Manzanas
Fácil;Ciencia: Informática;¿Qué lenguaje de programación comparte su nombre con una isla en Indonesia?;Java;Python;C;Yakarta
Fácil;Conocimientos generales;¿Cómo llaman los marineros a la proa de un barco?;Arco;Popa;Puerto;Estribor
Fácil;Entretenimiento: Anime y Manga japonés;"¿Qué anime presenta mucho música del género ""Eurobeat""?";Inicial D;Wangan Medianoche;Kino no Tabi;Cowboy Bebop
Fácil;Historia;¿Quién era el primer ministro de Japón cuando Japón declaró la guerra a Estados Unidos?;Hideki Tojo;Michinomiya Hirohito;Isoroku Yamamoto;Fumimaro Konoe
Fácil;Entretenimiento: Videojuegos;"¿Quién creó el juego de aventuras indie ""Night in the Woods""?";Alec Holowka;Ron Gilbert;Tim Schafer;Tommy Refenes
Fácil;Entretenimiento: Videojuegos;"¿Cuál de los siguientes nombres es conocida la franquicia ""Mega Man"" en Japón?";Rockman;Paperman;Tijeras;Mega Man
Fácil;Entretenimiento: Televisión;¿Cuándo se emitió por primera vez la serie de televisión Rick and Morty en Adult Swim?;2013;2014;2016;2015
Fácil;Entretenimiento: Cómics;¿Cuál es la raza del padre de Invincible?;Viltrumita;Kryptoniana;Kree;Irken
Fácil;Entretenimiento: Música;"En 2006, ¿qué banda lanzó su álbum debut ""A Fever You Can't Sweat Out""?";¡Pánico! En la discoteca;Veintiún pilotos;Mi romance químico;Chico Fallo
Fácil;Entretenimiento: Videojuegos;"En ""Civilization 5"", ¿qué civilización solo puede asentarse en una ciudad?";Venecia;India;Liechtenstein;Portugal
Fácil;Ciencia: Informática;¿Qué dispositivo de hardware informático proporciona una interfaz para que todos los demás dispositivos conectados se comuniquen?;Placa base;Unidad Central de Procesamiento;Disco duro;Memoria de acceso aleatorio
Fácil;Celebridades;¿Gwyneth Paltrow tiene una hija que se llama...?;Manzana;Lily;Francés;Dakota
Fácil;Entretenimiento: Televisión;¿Quién es la estrella de la serie de AMC Breaking Bad?;Walter White;Saul Goodman;Jesse Pinkman;Skyler White
Fácil;Ciencia: Informática;¿Cuál es el nombre de dominio del país Tuvalu?;.tv;.tu;.tt;.tl
Fácil;Entretenimiento: Dibujos animados y animaciones;"¿Cuál de estos personajes de ""Bob Esponja"" no es un calamar?";Gary;Orvillie;Calamardo;Squidette
Fácil;Ciencia: Gadgets;¿Qué significa SSD en el contexto del almacenamiento informático?;Unidad de estado sólido;Dispositivo de almacenamiento de software;Datos de Súper Velocidad;Disco Seguro del Sistema
Fácil;Entretenimiento: Videojuegos;¿De qué color es el icónico personaje arcade Q*Bert?;Naranja;Azul;Verde;Brown
Fácil;Entretenimiento: Televisión;¿Quién ganó la décima temporada de Gran Hermano en Estados Unidos?;Dan Gheesling;Adam Jasinski;Hayden Moss;Dick Donato
Fácil;Entretenimiento: Cine;¿Cuál fue la primera película de animación por ordenador de largometraje?;Toy Story;Tron;El Rey León;101 dálmatas
Fácil;Geografía;¿Cuál es el distrito más al norte de la ciudad de Nueva York?;Bronx;Reinas;Brooklyn;Manhattan
Fácil;Entretenimiento: Cómics;"En ""Homestuck"", ¿cuál es el tutor de Dave Strider?";Tío;Becquerel;Doc Scratch;Halley
Fácil;Entretenimiento: Videojuegos;¿Quién es el principal antagonista de la franquicia Portal?;GLaDOS;Chell;Wheatley;Rick
Fácil;Entretenimiento: Música;"""Gold Digger"" de Kanye West contó con qué actor ganador del Oscar?";Jamie Foxx;Alec Baldwin;Dwayne Johnson;Bruce Willis
Fácil;Entretenimiento: Cine;"¿En qué película dice Humphrey Bogart la famosa frase: ""Aquí te miro, chaval""?";Casablanca;El halcón maltés;El tesoro de la Sierra Madre;Ciudadano Kane
Fácil;Historia;¿Cómo fue ejecutado Sócrates?;Veneno;Decapitación;Pelotón de fusilamiento;Crucifixión
Fácil;Entretenimiento: Música;¿Qué álbum lanzaron The Lumineers en 2016?;Cleopatra;Invierno;Los Lumineers;Pistas desde el desván
Fácil;Entretenimiento: Videojuegos;En el videojuego Bully, ¿cuál es el apellido del protagonista?;Hopkins;Smith;Kowalski;Crabblesnitch
Fácil;Deportes;¿Quién ganó el Campeonato Mundial de Pilotos de Fórmula 1 en 2017?;Lewis Hamilton;Sebastian Vettel;Nico Rosberg;Max Verstappen
Fácil;Vehículos;¿Cuál de los siguientes vehículos de Ford lleva el nombre de un avión de combate de la Segunda Guerra Mundial?;Mustang;Explorer;Ranger;Galaxia
Fácil;Ciencia y Naturaleza;¿Cuántas lunas tiene Plutón?;Cinco;Dos;Tres;Uno
Fácil;Conocimientos generales;"Según Sherlock Holmes, ""Si eliminas lo imposible, lo que quede, por improbable que sea, debe ser el...""";Verdad;Respuesta;Causa;Fuente
Fácil;Arte;¿Quién pintó la Capilla Sixtina?;Miguel Ángel;Leonardo da Vinci;Pablo Picasso;Rafael
Fácil;Entretenimiento: Videojuegos;"En ""Mario & Sonic en los Juegos Olímpicos"", ¿cuántos tipos se dividen los personajes?";4;6;5;3
Fácil;Entretenimiento: Videojuegos;A fecha de 2026, ¿cuántas lunas conocidas tiene Júpiter?;97;11;43;104
Fácil;Entretenimiento: Videojuegos;"¿En qué generación de Pokémon apareció por primera vez el llamado ""Método Masuda"" por los fans?";Diamante/Perla;Rubí/Zafiro;Negro/Blanco;X/Y
Fácil;Ciencia: Matemáticas;¿Cuál de los siguientes no es uno de los siete Problemas del Premio del Milenio?;Conjetura de Naviér;Conjetura de Birch y Swinnerton-Dyer;Hipótesis de Riemann;Conjetura de Poincaré
Fácil;Entretenimiento: Música;¿Cuántas cuerdas tiene un violonchelo?;4;5;6;8
Fácil;Ciencia: Matemáticas;¿Cuántos lados tiene un trapecio?;4;3;5;6
Fácil;Entretenimiento: Cine;"En la película de 1986 ""The Wraith"", ¿qué coche conceptual se utiliza para el Turbo Interceptor?";Dodge M4S;Pontiac Banshee;General Motors Firebird;Dodge Copperhead
Fácil;Entretenimiento: Videojuegos;¿Quién es el líder de la Hermandad de Nod en la serie Command and Conquer?;Kane;Joseph Stalin;CAMARILLA;Yuri
Fácil;Entretenimiento: Videojuegos;¿Qué nivel mínimo en la habilidad de Defensa se necesita para equipar la Armadura de Dragón en el MMO RuneScape?;60;65;55;70
Fácil;Entretenimiento: Videojuegos;¿Con qué se esconde Solid Snake?;Caja de cartón;Dispositivo de camuflaje;Caja metálica;Recorte de cartón
Fácil;Entretenimiento: Música;¿Qué instrumento de viento metal tiene la nota más grave en una orquesta?;Tuba;Trompeta;Saxofón;Trombón
Fácil;Geografía;¿Cuál de estas regiones africanas *no* limita directamente con la República Democrática del Congo?;Sudán;República Centroafricana;Tanzania;Zambia
Fácil;Entretenimiento: Dibujos animados y animaciones;"En la serie ""El hogar de Foster para amigos imaginarios"", ¿qué personaje tenía una obsesión con el baloncesto?";Wilt;Coco;Mac;Queso
Fácil;Conocimientos generales;¿Qué altura tiene el Burj Khalifa?;2.722 pies;2;717 pies;2
Fácil;Entretenimiento: Música;¿Quién es el líder de la banda 30 Seconds to Mars?;Jared Leto;Gerard Way;Matthew Bellamy;Mike Shinoda
Fácil;Entretenimiento: Anime y Manga japonés;En 2013, la estrella virtual del pop Hatsune Miku tenía patrocinio con qué cadena de pizzas?;Domino's;Papa John's;Pizza Hut;Sabarro's
Fácil;Entretenimiento: Videojuegos;"¿Quién es el protagonista en el juego ""The Walking Dead: Temporada Uno""?";Lee Everett;Clementine;Kenny;Rick Grimes
Fácil;Geografía;¿Cómo es la ciudad polaca conocida por los alemanes como Danzig?;"Gdať""sk";Varsovia;Zakopane;"Poznaś"""
Fácil;Geografía;¿Cuál de los siguientes países tiene una bandera con un león amarillo empuñando una espada sobre un fondo rojo oscuro?;Sri Lanka;Kiribati;Escocia;Bután
Fácil;Entretenimiento: Videojuegos;¿Qué videojuego de Super Mario es cuando presentan a Bowser Jr. por primera vez?;Super Mario Sunshine;Serie Mario Party;Super Mario Galaxy;Mario & Luigi: La historia interna de Bowser + El viaje de Bowser Jr.
Fácil;Entretenimiento: Música;¿Cuál es el nombre del exitoso single del DJ finlandés Darude, lanzado en octubre de 1999?;Tormenta de arena;Dust Devil;Sirocco;Khamsin
Fácil;Entretenimiento: Juegos de mesa;En un tablero estándar de Monopoly, ¿qué casilla está diagonalmente opuesta a 'Go'?;Aparcamiento gratuito;Ve a la cárcel;Cárcel;La Compañía Eléctrica
Fácil;Entretenimiento: Anime y Manga japonés;En Digimon, ¿cuál es el nombre japonés para la etapa evolutiva final?;Ultimate;Mega;Adulto;Campeón
Fácil;Entretenimiento: Videojuegos;¿Cuándo se lanzó el juego 'Portal 2'?;2011;2014;2009;2007
Fácil;Geografía;¿Cuál es la capital de Bangladesh?;Daca;Khulna;Londres;Lahore
Fácil;Entretenimiento: Cine;Max Schreck, un famoso actor alemán de cine mudo, interpreta a un monstruo famoso en qué película de 1922?;Nosferatu;Frankenstein;El jinete sin cabeza;Häxan
Fácil;Geografía;"¿Qué estado de EE. UU. también es conocido como el ""Estado de la Estrella Solitaria""?";Texas;Alabama;Tennessee;Kentucky
Fácil;Conocimientos generales;En Half-Life, ¿cómo se llama el alienígena que se une a las cabezas?;Headcrab;Calamar Bullsquid;Vortigaunt;Facehugger
Fácil;Entretenimiento: Videojuegos;"¿Qué mapa de ""Call Of Duty: Zombies"" introdujo los ""Staffs Of The Ancients""?";Orígenes;Shangri-La;Revelaciones;Nuketown
Fácil;Geografía;¿Cuál ciudad es la capital de los Estados Unidos de América?;Washington D.C;Seattle;Albany;Los Ángeles
Fácil;Entretenimiento: Música;¿Cuál de los siguientes no es un álbum de estudio de la banda Pink Floyd?;Películas en movimiento;El lado oscuro de la luna;Ojalá estuvieras aquí;Animales
Fácil;Entretenimiento: Televisión;En Juego de Tronos, ¿cuál es el verdadero nombre de Meñique?;Petyr Baelish;Podrick Payne;Lancel Lannister;Torrhen Karstark
Fácil;Animales;¿Cuáles de estos animales no son reales?;León de Nemea;Dragón Marino;Diablo de Tasmania;Calamar Gigante
Fácil;Geografía;¿Qué estado de EE. UU. está más al noreste?;Maine;Nueva York;Georgia;Florida
Fácil;Geografía;¿Cuál es el estado más grande de los Estados Unidos de América?;Alaska;California;Texas;Washington
Fácil;Entretenimiento: Anime y Manga japonés;En el anime Noragami, ¿quién es uno de los protagonistas principales?;Yukine;Karuha;Mineha;Mayu
Fácil;Entretenimiento: Dibujos animados y animaciones;¿Quién es el único actor de doblaje que ha tenido un papel hablado en todas las películas de Disney Pixar?;John Ratzenberger;Tom Hanks;Dave Foley;Geoffrey Rush
Fácil;Entretenimiento: Anime y Manga japonés;"¿Qué estudio de anime estuvo a cargo del exitoso anime ""Made in Abyss""?";Kinema Citrus;Disparador;Studio 3hz;8 bits
Fácil;Conocimientos generales;¿Qué cervecería estadounidense lideró el país en ventas por volumen en 2015?;D. G. Yuengling y Hijo, Inc;Anheuser Busch;Boston Beer Company;Miller Coors
Fácil;Entretenimiento: Cómics;"En ""Homestuck"" también se conoce como el ""Reino de las Tinieblas""?";Derse;Skaia;Prospit;El Medio
Fácil;Historia;En 1939, Reino Unido y Francia declararon la guerra a Alemania tras la invasión de este país?;Polonia;Checoslovaquia;Austria;Hungría
Fácil;Historia;¿Cómo era más conocido William Frederick Cody?;Buffalo Bill;Billy el Niño;Wild Bill Hickok;Ley Pawnee
Fácil;Entretenimiento: Libros;"¿Cómo se llamaba el submarino del capitán Nemo en ""20.000 leguas submarinas""?";El Nautilus;El Neptuno;El Poseidón;La Atlantis
Fácil;Geografía;¿La Ciudad del Vaticano, el país más pequeño del mundo, está completamente delimitada por qué país?;Italia;Francia;España;Alemania
Fácil;Entretenimiento: Cine;¿Cuál es la película de Disney más antigua?;Blancanieves y los siete enanitos;Pinocho;Dumbo;Fantasía
Fácil;Entretenimiento: Cine;¿Qué película ha sido considerada por la crítica como la mejor de todos los tiempos?;Ciudadano Kane;Avatar;El Padrino Parte II;La Sala
Fácil;Entretenimiento: Videojuegos;¿En qué guerra se basa Call Of Duty: Black Ops?;Guerra Fría;Tercera Guerra Mundial;Vietnam;Primera Guerra Mundial
Fácil;Entretenimiento: Cine;"¿Cuál de estos actores/actrices NO forma parte del reparto de la película de 2016 ""Escuadrón suicida""?";Scarlett Johansson;Jared Leto;Will Smith;Margot Robbie
Fácil;Conocimientos generales;¿Qué significan las letras en la zona horaria GMT?;#CONNECT!;Hora del Meridiano Global;Hora media general;Hora del hombre de Glasgow
Fácil;Geografía;"El acrónimo despectivo ""PIIGS"" se refiere a cuál de los siguientes países europeos y su situación económica?";Portugal, Irlanda, Italia, Grecia, España;Polonia;Islandia;Italia
Fácil;Conocimientos generales;En la franquicia de videojuegos Kingdom Hearts, el protagonista principal lleva un arma con qué forma?;Clave;Espada;Pen;Teléfono móvil
Fácil;Ciencia y Naturaleza;¿Cuál de los siguientes huesos no está en la pierna?;Radio;Patella;Tibia;Peroné
Fácil;Entretenimiento: Televisión;"¿Cuántas temporadas tuvo ""Stargate SG-1""?";10;3;7;12
Fácil;Entretenimiento: Cine;"En ""Chicas malas"", ¿quién tiene pechos que saben cuándo llueve?";Karen Smith;Gretchen Weiners;Janice Ian;Cady Heron
Fácil;Entretenimiento: Videojuegos;¿Cuál era el nombre original de Crash Bandicoot?;Willie Wombat;Coco Bandicoot;Maravilloso Lunar;Wally Wombat
Fácil;Entretenimiento: Libros;¿Bajo qué seudónimo publicó Stephen King cinco novelas entre 1977 y 1984?;Richard Bachman;J. D. Robb;Mark Twain;Lewis Carroll
Fácil;Entretenimiento: Música;"""El Vaquero Cantante"" Gene Autry está acreditado como la primera grabación de todos menos de cuál clásico de la canción navideña?";Navidad blanca;Frosty el muñeco de nieve;Rodolfo el Reno de la Nariz Roja;Aquí viene Papá Noel
Fácil;Entretenimiento: Libros;¿Cómo se llama el perro de tres cabezas en Harry Potter y la piedra filosofal?;Esponjoso;Spike;Esponjoso;Spot
Fácil;Ciencia: Gadgets;¿Qué significa GPS?;Sistema de Posicionamiento Global;Sistema Personal Global;Sistema de Posicionamiento General;Satélite Personal General
Fácil;Entretenimiento: Música;¿Cuál de los siguientes es un álbum de la banda punk rock Anti-Flag?;Por Sangre y Imperio;Infinito en lo alto;Descomposición del siglo XXI;Sin almohadillas
Fácil;Ciencia: Matemáticas;¿Cuál es el orden correcto de operaciones para resolver ecuaciones?;Paréntesis, exponentes, multiplicación, división, suma, resta;Adición;Multiplicación;División
Fácil;Geografía;¿Cuál de los siguientes países árabes NO tiene una bandera que contenga únicamente colores panárabes?;Qatar;Kuwait;Emiratos Árabes Unidos;Jordan
Fácil;Entretenimiento: Videojuegos;"¿Cuál era el papel de Frank West en ""Dead Rising""?";Fotoperiodista;Conserje;Chef;Taxista
Fácil;Entretenimiento: Videojuegos;"¿Cuál fue el primer videojuego de la serie ""Arkham"" de Batman?";Asilo Arkham;Arkham Knight;Arkham City;Orígenes de Arkham
Fácil;Entretenimiento: Televisión;"En ""Breaking Bad"", Walter White es un profesor de instituto diagnosticado con qué tipo de cáncer?";Cáncer de pulmón;Cáncer de próstata;Cáncer cerebral;Cáncer testicular
Fácil;Conocimientos generales;"¿Cuál es la palabra española para ""burro""?";Burro;Caballo;Toro;Perro
Fácil;Entretenimiento: Videojuegos;"En ""Undertale"", ¿cuántos finales principales hay?";3;2;5;13
Fácil;Entretenimiento: Música;"¿Quién apareció en la canción ""Words"" de Feint?";Laura Brehm;Anna Yvette;Danyka Nadeau;Veela
Fácil;Deportes;"Este locutor deportivo canadiense es conocido por su papel en ""Hockey Night in Canada"", un programa de comentarios durante los partidos de hockey.";Don Cherry;Don McKellar;Don Taylor;Donald Sutherland
Fácil;Historia;¿Cuánto duró la Segunda Guerra Mundial?;6 años;4 años;5 años;7 años
Fácil;Entretenimiento: Cine;En Vengadores: Guerra del Infinito, ¿quién mantuvo la Gema de la Realidad (también conocida como el Éter)?;El Coleccionista;Doctor Strange;El Gran Maestro;Bruja Escarlata
Fácil;Historia;¿Quién descubrió la penicilina?;Alexander Flemming;Marie Curie;Alfred Nobel;Louis Pasteur
Fácil;Historia;¿En qué guerra ocurrieron los bombardeos atómicos de Hiroshima y Nagasaki?;Segunda Guerra Mundial;Primera Guerra Mundial;Guerra Ruso-Japonesa;Primera Guerra Sino-Japonesa
Fácil;Ciencia y Naturaleza;"¿Cuál es la ""central eléctrica"" de la célula animal eucariota?";Mitocondrias;Núcleo;Cloroplasto;Retículo endoplásmico
Fácil;Entretenimiento: Videojuegos;¿Cuál de estos NO es un equipo disponible en el juego Pokémon Go?;Team Rocket;Instinto de equipo;Equipo Valor;Equipo Místico
Fácil;Ciencia y Naturaleza;¿Cuántos planetas hay en nuestro Sistema Solar?;Ocho;Nueve;Siete;Diez
Fácil;Geografía;¿Qué país del Reino Unido lleva un dragón en su bandera?;Gales;Inglaterra;Irlanda del Norte;Escocia
Fácil;Entretenimiento: Anime y Manga japonés;"Los dos personajes principales de ""No Game No Life"", Sora y Shiro, ¿qué nombre se llaman juntos?";Blank;Inmanidad;Desembarco;Bestias de guerra
Fácil;Entretenimiento: Videojuegos;¿Qué ingredientes se requieren para hacer un pastel en Minecraft?;Leche, azúcar, huevo y trigo;Leche;Pan;Egg
Fácil;Entretenimiento: Cómics;"¿Cuál es el alter ego del personaje de DC Comics ""Superman""?";Clark Kent;Bruce Wayne;Arthur Curry;John Jones
Fácil;Historia;¿En qué calle comenzó el Gran Incendio de Londres de 1666?;Callejón Pudding;Baker Street;Cámaras del Parlamento;Catedral de San Pablo
Fácil;Geografía;¿Cuál de los siguientes estados de la antigua Yugoslavia es sin salida al mar?;Serbia;Bosnia y Herzegovina;Montenegro;Croacia
Fácil;Entretenimiento: Música;¿Cuál de estos es el nombre de una canción de Tears for Fears?;¡Grita;Grita;¡Grita;Grito
Fácil;Conocimientos generales;"¿Cuál es la palabra francesa para ""pez""?";Poisson;fiche;Caracol;mer
Fácil;Entretenimiento: Videojuegos;¿Cuál de las siguientes NO es una consola de videojuegos de Nintendo?;Dreamcast;SNES;Wii;Cambio
Fácil;Entretenimiento: Videojuegos;¿Quién de estos personajes de Team Fortress 2 no usa una escopeta como arma secundaria?;Ingeniero;Soldado;Pirotecnia;Pesado
Fácil;Entretenimiento: Videojuegos;"¿Cuáles fueron los dos primeros bloques de ""Minecraft""?";Hierba y adoquines;Hierba y Piedra;Mesa de Trabajo y Adoquines;Adoquines y piedra
Fácil;Historia;En qué año fue liberado Nelson Mandela de prisión;1990;1994;1992;1980
Fácil;Deportes;"¿Cómo se llama la ""herramienta"" que se usa para golpear la bola blanca en el snooker o el billar?";¡Empieza;Raqueta;Bat;Mazo
Fácil;Conocimientos generales;¿Qué empresa desarrolló el vocaloid Hatsune Miku?;Crypton Future Media;Sega;Sony;Yamaha Corporation
Fácil;Entretenimiento: Música;"¿Quién es el artista musical que lanzó la canción exitosa ""Love Song"" en 2007?";Sara Bareilles;Taylor Swift;Katy Perry;Sarah Silverman
Fácil;Entretenimiento: Música;¿Cuál es el álbum más vendido de todos los tiempos desde 1976 hasta 2018?;Thriller;De vuelta en negro;Abbey Road;El lado oscuro de la luna
Fácil;Entretenimiento: Videojuegos;¿Quién es el creador de la serie Super Smash Bros.?;Masahiro Sakurai;Reggie Fils-Aimé;Bill Trinen;Hideo Kojima
Fácil;Deportes;¿En qué año ganaron los New Orleans Saints la Super Bowl?;2010;2008;2009;2011
Fácil;Entretenimiento: Música;"¿De quién se llama la técnica característica de la guitarra el ""molino de viento""?";Pete Townshend;Jimmy Page;Eddie Van Halen;Jimi Hendrix
Fácil;Geografía;"¿Dónde encontrarías los ""Spanish Steps""?";Roma, Italia;Barcelona;España;Berlín
Fácil;Entretenimiento: Música;¿Cuál fue el álbum más vendido de 2015?;Adele, 25;Fetty Wap;Fetty Wap;Taylor Swift
Fácil;Ciencia y Naturaleza;¿Qué significa ADN?;Ácido desoxirribonucleico;Ácido desoxirribogenético;Átomos desoxirribogenéticos;Ácido desintoxicado
Fácil;Vehículos;¿Cuál de estas empresas NO fabrica motocicletas?;Toyota;Honda;Kawasaki;Yamaha
Fácil;Vehículos;¿Qué ciudad italiana alberga el fabricante de automóviles 'Fiat'?;Turín;Maranello;Módena;Roma
Fácil;Entretenimiento: Música;¿Ringo Starr, de The Beatles, tocaba principalmente qué instrumento?;Batería;Bajo;Guitarra;Piano
Fácil;Geografía;"¿Cuál de las siguientes lenguas europeas se clasifica como ""aislamiento lingüístico""?";Vasco;Galego;Maltés;Húngaro
Fácil;Ciencia: Informática;El lenguaje de programación C fue creado por este científico informático estadounidense.;Dennis Ritchie;Tim Berners Lee;al-KhwÄrizmÄ«;Willis Ware
Fácil;Entretenimiento: Videojuegos;"¿Cuál es la dificultad más difícil posible en ""Deus Ex: Mankind Divided""?";Nunca pedí esto;Pesadilla;Extremo;Guru
Fácil;Ciencia: Informática;El sistema de numeración con un radix de 16 se conoce más comúnmente como;Hexidecimal;Binario;Duodecimal;Octal
Fácil;Entretenimiento: Anime y Manga japonés;"¿Quién es el titán colosal en ""Ataque a Titán""?";Bertolt Hoover;Reiner;Eren;Sasha
Fácil;Entretenimiento: Libros;El ilustrador y escritor estadounidense Maurice Sendak es más conocido por escribir ¿qué libro infantil?;Dónde están las cosas salvajes;La historia interminable;Charlie y la fábrica de chocolate;El gato con sombrero
Fácil;Entretenimiento: Videojuegos;"En ""Overwatch"", ¿cómo se llama la empresa que fabricó el mecha de D.Va?";MEKA;MI8;KPAMC;JSAMB
Fácil;Entretenimiento: Cómics;"Según su apodo de toda la vida, ¿qué tipo de ""dúo"" son Batman y Robin?";Dinámica;Peligroso;Dinástica;Delirantes
Fácil;Deportes;¿Qué jugador ostenta el récord de la NHL de 2.857 puntos?;Wayne Gretzky;Mario Lemieux;Sidney Crosby;Gordie Howe
Fácil;Ciencia: Informática;¿Qué significa el término USB?;Universal Serial Bus;Mancha Simtex Universal;Bus de Señal Unificado;Soporte Semtex Unityped
Fácil;Entretenimiento: Videojuegos;"¿Cuál de los siguientes juegos NO estaba incluido en ""The Orange Box"" de Valve?";Left 4 Dead;Half-Life 2: Episodio Dos;Portal;Team Fortress 2
Fácil;Entretenimiento: Anime y Manga japonés;"¿Cuál es la canción principal de ""Neon Genesis Evangelion""?";La tesis de un ángel cruel;Cruzados del Polvo Estelar;Réquiem por un sueño;Dios sabe
Fácil;Entretenimiento: Cine;¿Qué actor interpreta a Obi-Wan Kenobi en los episodios I a III de Star Wars?;Ewan McGregor;Alec Guinness;Hayden Christensen;Liam Neeson
Fácil;Entretenimiento: Música;¿La tuba forma parte de qué familia musical?;Metales;Percusión;Cuerdas;Viento madera
Fácil;Conocimientos generales;¿Qué tipo de cerveza suele tener un contenido de lúpulo superior a la media?;India Pale Ale;Stout;Amargo especial especial;Scotch Ale
Fácil;Celebridades;Nombrada así por un personaje que interpretó en una película de 1969, ¿cómo se llama la estación de esquí en Utah que Robert Redford compró en 1968?;Sundance;Woodward;Turner;Booker
Fácil;Entretenimiento: Videojuegos;¿Cuál de los siguientes no es un personaje del videojuego Doki Doki Literature Club?;Nico;Monika;Natsuki;Sayori
Fácil;Ciencia y Naturaleza;¿Cuál es el elemento más abundante en el universo?;Hidrógeno;Helio;Litio;Oxígeno
Fácil;Entretenimiento: Cine;"¿Quién interpreta al protagonista Ethan Hunt en la saga de películas ""Misión: Imposible""?";Tom Cruise;Johnny Depp;Sean Connery;Pierce Brosnan
Fácil;Ciencia: Matemáticas;¿Cuántos lados tiene un pentágono?;5;9;6;4
Fácil;Conocimientos generales;¿Cuál de los siguientes es el código IATA del Aeropuerto de Manchester?;HOMBRE;EGLL;LHR;EGCC
Fácil;Deportes;"¿En qué deporte se utiliza un ""volante""?";Bádminton;Tenis de mesa;Rugby;Críquet
Fácil;Ciencia: Informática;¿En qué lenguaje de programación se escribió GitHub?;Ruby;JavaScript;Python;Lua
Fácil;Conocimientos generales;¿Qué forma geométrica se usa generalmente para las señales de stop?;Octágono;Hexágono;Círculo;Triángulo
Fácil;Geografía;¿Qué nombre se usaba históricamente para la ciudad turca que actualmente se conoce como Estambul?;Constantinopla;Hüdavendigar;SöÄŸüt;Adrianópolis
Fácil;Entretenimiento: Cine;¿Cuál de estos actores NO ha interpretado a Spiderman en las películas?;Michael Cera;Tobey Maguire;Andrew Garfield;Tom Holland
Fácil;Ciencia: Informática;¿Cuál es el formato de imagen más preferido utilizado para logotipos en la base de datos Wikimedia?;.svg;.png;.jpeg;.gif
Fácil;Entretenimiento: Cine;¿La canción de Queen 'A Kind Of Magic' aparece en qué película de 1986?;Highlander;Flash Gordon;Laberinto;Howard el Pato
Fácil;Ciencia: Informática;En diseño web, ¿qué significa CSS?;Hoja de estilo en cascada;Counter Strike: Fuente;Hoja de estilo correctiva;Hoja de estilo de ordenador
Fácil;Conocimientos generales;¿Qué planeta no lleva el nombre de un dios griego o romano?;Tierra;Júpiter;Marte;Mercurio
Fácil;Geografía;¿Cuál es la capital de los Estados Unidos?;Washington, D.C.;Los Ángeles;CA;Nueva York
Fácil;Entretenimiento: Videojuegos;Lanky, Funky y Chunky son todos personajes que aparecen en qué serie pertenece a Nintendo?;Donkey Kong;Mario;Kirby;Zelda
Fácil;Entretenimiento: Videojuegos;¿Cuál es el nombre del planeta más grande del Programa Espacial Kerbal?;Jool;Eeloo;Kerbol;Minmus
Fácil;Entretenimiento: Televisión;En el dibujo animado 'Bob Esponja', ¿qué significaba el acrónimo E.V.I.L.?;Todos los villanos son limones;Todo villano es limonada;Todos los villanos son limas;Cada villano es limonada
Fácil;Entretenimiento: Videojuegos;¿Cómo domas un caballo en Minecraft?;Montándolo continuamente;Alimentándola con trigo;Dándole azúcar;Acariciándolo
Fácil;Animales;¿Cuál es el animal terrestre más rápido?;Guepardo;León;Gacela de Thomson;Antílope berrendo
Fácil;Entretenimiento: Televisión;¿Cuál de los siguientes ganó la primera temporada de American Idol en 2002?;Kelly Clarkson;Justin Guarini;Ruben Studdard;Chris Daughtry
Fácil;Entretenimiento: Videojuegos;¿Cuál es el título de la canción en el menú principal de Halo?;Halo;Suite de apertura;Sombras;Suite Autumn
Fácil;Conocimientos generales;¿Cuál es el nombre del telescopio espacial más famoso de la NASA?;Telescopio Espacial Hubble;Big Eye;Estrella de la Muerte;Halcón Milenario
Fácil;Ciencia: Informática;La serie de la generación de gráficos Intel HD que sucedió a la de las series 5000 y 6000 (Broadwell) se llama:;HD Graphics 500;HD Graphics 700;HD Graphics 600;HD Graphics 7000
Fácil;Política;El mayor mercado de consumo en 2015 fue...;Los Estados Unidos de América;Alemania;Japón;Reino Unido
Fácil;Animales;Por definición, ¿dónde vive un animal abissopelágico?;En el fondo del océano;En el desierto;En la cima de una montaña;Dentro de un árbol
Fácil;Ciencia y Naturaleza;¿Qué elemento tiene el punto de fusión más alto?;Carbono;Tungsteno;Platino;Osmio
Fácil;Entretenimiento: Videojuegos;"En el juego ""Fire Emblem: Shadow Dragon"", ¿cuál es el nombre del protagonista central?";Marth;Roy;Eliwood;Robin
Fácil;Entretenimiento: Videojuegos;"¿Cómo se llama el protagonista principal de la franquicia ""Legend of Zelda""?";Enlace;Mario;Zelda;Pit
Fácil;Entretenimiento: Libros;"""Huevos verdes y jamón"" es un libro de qué autor?";Dr. Seuss;Beatrix Potter;Roald Dahl;A.A. Milne
Fácil;Entretenimiento: Videojuegos;¿En qué año se lanzó el juego Dishonored?;2012;2011;2008;2013
Fácil;Deportes;¿Cuántos jugadores hay en un equipo de fútbol asociación?;11;10;9;8
Fácil;Entretenimiento: Anime y Manga japonés;"¿Quién es el titán acorazado en ""Attack On Titan""?";Reiner Braun;Armin Arlelt;Mikasa Ackermann;Eren Jaeger
Fácil;Entretenimiento: Videojuegos;"¿Qué misión de ""Fallout: New Vegas"" NO lleva el nombre de una canción real?";Fueron por allí;Ven a volar conmigo;Vaya golpe en la cabeza;Ring-a-Ding Ding
Fácil;Conocimientos generales;En tiempos pasados, ¿qué guardaba un caballero en el bolsillo de su mando?;Reloj;Dinero;Teclas;Cuaderno
Fácil;Entretenimiento: Videojuegos;¿Quién es el protagonista principal en Danganronpa 2: Goodbye Despair?;Hajime Hinata;Nagito Komaeda;Makoto Naegi;Junko Enoshima
Fácil;Conocimientos generales;"El eslogan del New York Times es: ""Todas las noticias que son dignas de...""";Impresión;Digest;Mira;Lee
Fácil;Ciencia: Informática;En informática, ¿qué significa LAN?;Red de Área Local;Nodo de antena largo;Nodo de acceso a la luz;Navegación con dirección terrestre
Fácil;Conocimientos generales;¿Cuál de los tres astronautas del vuelo espacial del Apolo 11 NO caminó sobre la luna?;Michael Collins;Buzz Aldrin;Neil Armstrong;Ninguno de ellos
Fácil;Deportes;¿Qué selección nacional ganó la primera UEFA Nations League?;Portugal;Países Bajos;Inglaterra;Suiza
Fácil;Entretenimiento: Videojuegos;En Divinity: Original Sin II, ¿cómo se llama el personaje de origen esquelético?;Fane;Lohse;El Príncipe Rojo;No hay personajes de origen esquelético
Fácil;Entretenimiento: Videojuegos;"¿En qué año entró el juego ""Overwatch"" en beta cerrada?";2015;2013;2011;2016
Fácil;Deportes;En el bowling, ¿cuál es el término para conseguir tres strikes consecutivos?;Turquía;Flamenco;Birdie;Eagle
Fácil;Historia;¿Cuál de estos países permaneció neutral durante la Segunda Guerra Mundial?;Suiza;Reino Unido;Francia;Italia
Fácil;Ciencia: Matemáticas;¿Cuántos lados tiene una tira Möbius?;1;2;3;4
Fácil;Entretenimiento: Cine;"¿Cómo se llama la isla sobre la que está construido ""Jurassic Park""?";Isla Nublar;Isla Sorna;Isla Muerta;Isla Peña
Fácil;Entretenimiento: Televisión;"En ""Star Trek: Voyager"", ¿en qué episodio estableció Voyager comunicación en tiempo real con el Cuartel General de la Flota Estelar?";Explorador;Mensaje en una botella;Alguien que me vigile;Contrapunto
Fácil;Geografía;¿Cuál es la capital de Indonesia?;Yakarta;Bandung;Medan;Palembang
Fácil;Arte;"¿Quién pintó ""La noche estrellada""?";Vincent van Gogh;Edvard Munch;Pablo Picasso;Claude Monet
Fácil;Conocimientos generales;"¿Qué es ""dabbing""?";Un baile;Un procedimiento médico;Un deporte;Un idioma
Fácil;Deportes;¿Cuál de los siguientes deportes no forma parte del triatlón?;Equitación;Ciclismo;Natación;Carrera
Fácil;Entretenimiento: Videojuegos;"En el juego ""Dead Rising"", ¿cuál es la profesión del personaje principal Frank West?";Fotoperiodista;Artista de motos;Camarero;Mecánica
Fácil;Entretenimiento: Música;"¿Qué exestrella de boy-band lanzó el éxito en solitario ""Angels"" en 1997?";Robbie Williams;Justin Timberlake;Harry Styles;Gary Barlow
Fácil;Conocimientos generales;¿Cómo se llama la empresa en Lethal Company?;La Compañía;Planeta Chatarra Co.;Robótica Letal;Gordian Shipping Co.
Fácil;Deportes;¿Cómo se llama el estadio local del Manchester United?;Old Trafford;Anfield;Estadio de la Ciudad de Manchester;Parque St James
Fácil;Entretenimiento: Música;"Una canción clásica de 1976 de Blue Oyster Cult incluye el consejo ""No temas a the"" ¿qué?";Reaper;Oscuro;Silencio;Payasos
Fácil;Conocimientos generales;¿La imagen de qué presidente aparece en el raro billete de 2 dólares de la moneda estadounidense?;Thomas Jefferson;Martin Van Buren;Ulysses Grant;John Quincy Adams
Fácil;Entretenimiento: Videojuegos;"En PROTOTYPE 2. ¿a quién se le llama ""Tango Primary""?";James Heller;Alex Mercer;Dana Mercer;¿Algún Goliat por ahí
Fácil;Conocimientos generales;¿Quién inventó la primera tableta de chocolate en 1847?;Joseph Fry;Andrew Johnson;John Cadbury;John Tyler
Fácil;Entretenimiento: Videojuegos;En los juegos de Pokémon de segunda generación, ¿con qué Pokémon puedes empezar?;Chikorita, Cyndaquil y Totodile;Bulbasaur;Charmander;y Squirtle
Fácil;Entretenimiento: Televisión;"¿El actor británico David Morrissey protagoniza qué papel en ""The Walking Dead""?";El gobernador;Negan;Rick Grimes;Daryl Dixon
Fácil;Arte;¿Cuál es otro nombre para La Gioconda / La Joconde?;La Mona Lisa;La chica con un pendiente de perla;La noche estrellada;Girasoles
Fácil;Entretenimiento: Televisión;¿En qué estado de América nació y creció el Príncipe Fresco de Bel-Air?;Pensilvania;Florida;California;Nueva Jersey
Fácil;Entretenimiento: Videojuegos;"¿Cuál es el nombre del mundo en el que transcurre el MMO ""RuneScape""?";Gielinor;Glindor;Azeroth;Zaros
Fácil;Entretenimiento: Dibujos animados y animaciones;¿Cuál de estos dibujos animados tenía un personaje llamado Heinz Doofenshmirtz?;Phineas & Ferb;Ren & Stimpy;Ben 10;Batman: La Serie Animada
Fácil;Entretenimiento: Libros;¿Cuál es el segundo libro de la serie 'Canción de Hielo y Fuego' de George R. R. Martin?;Un choque de reyes;Una danza con dragones;Una tormenta de espadas;Un banquete para cuervos
Fácil;Entretenimiento: Videojuegos;En la serie Halo, ¿qué era de SPARTAN es Master Chief?;SPARTAN-II;SPARTAN-I;SPARTAN-III;SPARTAN-IV
Fácil;Entretenimiento: Dibujos animados y animaciones;¿Cuál es el nombre de las criaturas contra las que luchan los protagonistas del programa web RWBY?;Grimm;Reavers;Sin corazón;Oscuros
Fácil;Geografía;¿Cuál es la provincia más pequeña de Canadá?;Isla del Príncipe Eduardo;Nuevo Brunswick;Nueva Escocia;Yukon
Fácil;Entretenimiento: Videojuegos;En Night In The Woods, ¿dónde trabaja Gregg?;Halcón Snack;Viejo pico;"Puesto avanzado de vídeo ""Too""";Burro de la Comida
Fácil;Entretenimiento: Anime y Manga japonés;¿Cómo se llama el stand de Funny Valentine en Jojo's Bizarre Adventure Parte 7, Steel Ball Run?;Acciones sucias hechas a precio de precio;Actos sucios realizados por un precio razonable;Guerra Civil;Dios bendiga a Estados Unidos
Fácil;Conocimientos generales;¿Qué bebida alcohólica se hace de melaza?;Ron;Ginebra;Vodka;Whisky
Fácil;Celebridades;¿Qué humorista interpreta a Neil Hamburger?;Gregg Turkington;Nathan Fielder;Tim Heidecker;Todd Glass
Fácil;Ciencia y Naturaleza;La mayor diferencia entre una célula eucariota y una célula procariota es:;La presencia o ausencia de un núcleo;El tamaño total;La presencia o ausencia de ciertos orgánulos;El modo de reproducción
Fácil;Entretenimiento: Videojuegos;"En ""Phoenix Wright: Ace Attorney"", ¿qué personaje es el jefe de policía del distrito?";Damon Gant;Miles Edgeworth;Lana Skye;Mike Meekins
Fácil;Entretenimiento: Videojuegos;"¿Cuál de estos NO es un personaje jugable en ""Left 4 Dead""?";Nick;Louis;Zoey;Factura
Fácil;Conocimientos generales;¿Cuál es el mes más corto del año?;Febrero;Diciembre;Abril;Septiembre
Fácil;Entretenimiento: Videojuegos;¿En qué año se estrenó Super Mario Bros.?;1985;1983;1987;1986
Fácil;Entretenimiento: Televisión;¿Cuál es el verdadero nombre del famoso humorista español, El Risitas?;Juan Joya Borga;Gabriel García Márquez;Jesús Quintero;Ernesto Guevara
Fácil;Arte;¿Quién pintó La noche estrellada?;Vincent van Gogh;Pablo Picasso;Leonardo da Vinci;Miguel Ángel
Fácil;Historia;¿Cuál era el apodo de Manfred von Richthofen?;El Barón Rojo;El as de los altos voladores;La Serpiente Azul;El Artillero Alemán
Fácil;Entretenimiento: Música;¿Cuál de las siguientes canciones no fue lanzada originalmente por Sir Elton John?;Estarás en mi corazón;Roca del Cocodrilo;Vela al viento;No quiero seguir contigo así
Fácil;Entretenimiento: Anime y Manga japonés;"En el anime ""My Hero Academia"", ¿qué personaje aparece con la habilidad de manipular la gravedad?";Uraraka;Bakugo;Deku;Asui
Fácil;Entretenimiento: Televisión;En la serie Stranger Things, ¿cuál es la comida favorita de desayuno de Eleven?;Gofres Eggo;Toast;Capitán Crunch;Bacon y huevos
Fácil;Entretenimiento: Música;¿Cuál de estas NO es una canción de Men at Work?;Caja de cesta;El Dr. Heckyll y el señor Jive;¿Quién podrá ser ahora?;Sé bueno, Johnny
Fácil;Entretenimiento: Televisión;¿Cuál de los siguientes premios NO tienen Matt Stone y Trey Parker?;Oscar;Emmy;Tony;Grammy
Fácil;Entretenimiento: Videojuegos;"¿Cuál de estas no es un arma maravillosa en ""Call Of Duty: Zombies""?";Resonador R115;GKZ-45 Mk3;Ray Gun;Carroñero
Fácil;Entretenimiento: Televisión;"En la primera temporada del drama político de Netflix ""House of Cards"", ¿qué posición gubernamental ocupa Frank Underwood?";Líder de la mayoría en la Cámara;Fiscal General;Presidente;Jefe de Estado Mayor
Fácil;Geografía;¿Cuál es el idioma oficial en Liechtenstein?;Alemán;Francés;Inglés;Italiano
Fácil;Entretenimiento: Libros;¿Cuál NO es un libro de la serie Harry Potter?;El Elfo Doméstico;La Cámara de los Secretos;El prisionero de Azkaban;Las Reliquias de la Muerte
Fácil;Entretenimiento: Dibujos animados y animaciones;¿Quién es el amigo burro sombrío de Winnie the Pooh?;Ígor;Piglet;Tigger;Kanga
Fácil;Entretenimiento: Anime y Manga japonés;"En ""To Love-Ru"", ¿Ren y Run son de qué planeta?";Memorizar;Deviluke;Muérdago;Okiwana
Fácil;Entretenimiento: Televisión;"¿Cuál de estos personajes en ""Stranger Things"" tiene el poder de la telequinesis?";Once;Mike;Lucas;Karen
Fácil;Ciencia y Naturaleza;¿Cuál es el peso atómico estándar de un núcleo de plutonio?;244;94;481;128
Fácil;Entretenimiento: Dibujos animados y animaciones;"¿Qué se pierde en hawaiano y también es el nombre de una niña pequeña en una película de 2002 que presenta a un alienígena llamado ""Stitch""?";Lilo;Jajaja;Lucy;Lulu
Fácil;Entretenimiento: Televisión;¿Qué raza de Star Trek avanza a través de la asimilación?;Borg;Vulcano;Betazoide;Klingon
Fácil;Entretenimiento: Cine;¿Cuál fue la icónica frase de Bruce Campbell tras recibir una mano en la motosierra en Evil Dead 2?;Genial.;Brutal.;Perfecto.;Bien.
Fácil;Arte;¿Qué cuadro no fue realizado por Vincent Van Gogh?;La Novena Ola;Terraza del café por la noche;Dormitorio en Arlés;Noche estrellada
Fácil;Arte;¿Qué artista pintó el mural de finales del siglo XV 'La Última Cena'?;Leonardo da Vinci;Piero della Francesca;Paolo Uccello;Luca Pacioli
Fácil;Ciencia y Naturaleza;¿La enfermedad de Alzheimer afecta principalmente a qué parte del cuerpo humano?;Cerebro;Pulmones;Piel;Corazón
Fácil;Geografía;¿De qué color es el círculo de la bandera japonesa?;Rojo;Blanco;Amarillo;Negro
Fácil;Entretenimiento: Videojuegos;En el videojuego Half-life, ¿qué evento inició el universo de Half-Life tal y como lo conocemos hoy?;La cascada de resonancia;Tercera Guerra Mundial;El ataque Xen;La bomba nuclear de Black Mesa
Fácil;Entretenimiento: Música;¿Qué no es un instrumento de viento?;Viola;Oboe;Trombón;Duduk
Fácil;Entretenimiento: Videojuegos;"En la serie ""Metal Gear Solid"", ¿cómo se llama el hermano de Solid Snake?";Serpiente Líquida;Serpiente Kulus;Billy Snake;Serpiente de Gilur
Fácil;Entretenimiento: Videojuegos;"¿Qué franquicia NO apareció en el videojuego de 2015 ""Lego Dimensions""?";Breaking Bad;Portal;Doctor Who;Regreso al futuro
Fácil;Ciencia: Informática;¿Qué lenguaje usa Node.js?;JavaScript;Java;Java Source;Código fuente de Joomla
Fácil;Entretenimiento: Cine;¿Qué año se lanzó el primer Youtube Rewind oficial?;2010;2012;2011;2013
Fácil;Ciencia y Naturaleza;¿Cuál es la central eléctrica de la célula?;Mitocondrias;Ribosoma;Redbull;Núcleo
Fácil;Ciencia y Naturaleza;¿Cuál es el símbolo químico del helio?;Él;H;Hg;Hs
Fácil;Geografía;"¿Qué estado de EE. UU. es apodado ""El Estado Dorado""?";California;Florida;Nuevo México;Alaska
Fácil;Vehículos;"¿Qué fabricante de neumáticos de coche es famoso por su línea ""P Zero""?";Pirelli;Goodyear;Piedra de puente;Michelin
Fácil;Entretenimiento: Cine;¿Qué película animada fue la primera en contar con una celebridad como actor de voz?;Aladdín;Toy Story;James y el melocotón gigante;El jorobado de Notre Dame
Fácil;Historia;¿Cuál de estos tanques fue diseñado y operado por el Reino Unido?;Tog II;M4 Sherman;Tiger H1;T-34
Fácil;Entretenimiento: Anime y Manga japonés;"¿Cuál es el nombre del doblaje inglés ""Smile Precure""?";Fuerza de Purpurina;Chicas Brillantes;Patrulla de cuentos de hadas;Princesas del poder
Fácil;Conocimientos generales;¿El cártel de la droga dirigido por Pablo Escobar se originó en qué ciudad sudamericana?;Medellín;Bogotá;Quito;Cali
Fácil;Conocimientos generales;¿Cuántas letras hay en el alfabeto inglés?;26;30;17;5
Fácil;Entretenimiento: Televisión;¿Qué serie de televisión trata sobre un abuelo que arrastra a su nieto en aventuras?;Rick & Morty;Family Guy;South Park;Padre americano
Fácil;Mitología;¿Quién era el Rey de los Dioses en la mitología griega antigua?;Zeus;Apollo;Hermes;Poseidón
Fácil;Conocimientos generales;¿Cómo se conoce más comúnmente como el perímetro de un círculo?;Circunferencia;Diámetro;Radio;Arco
Fácil;Deportes;¿Qué equipo ganó la MLS Cup 2016?;Seattle Sounders;Colorado Rapids;Toronto FC;Montreal Impact
Fácil;Entretenimiento: Videojuegos;¿Qué juego de Kirby introdujo primero las Habilidades de Copia?;La aventura de Kirby;Kirby Super Star;La Tierra de los Sueños de Kirby 2;La tierra de los sueños de Kirby
Fácil;Conocimientos generales;¿Cuál fue la primera línea del Metro de Londres construida?;Metropolitan Line;Línea circular;Línea Bakerloo;Línea Victoria
Fácil;Entretenimiento: Videojuegos;"En ""Phantasy Star Online 2"", ¿cuál es la primera zona a la que tienes acceso?";Bosque;Pantano;Llanuras;Cuevas
Fácil;Entretenimiento: Televisión;"¿Qué actor interpreta a ""Walter White"" en la serie ""Breaking Bad""?";Bryan Cranston;Andrew Lincoln;Aaron Paul;RJ Mitte
Fácil;Entretenimiento: Música;¿Cuántos álbumes publicó King Gizzard & the Lizard Wizard en 2017?;5;3;6;2
Fácil;Conocimientos generales;¿Cuál de los siguientes monumentos no se encuentra en la ciudad de Nueva York?;Monumento a Lincoln;Empire State Building;Times Square;Central Park
Fácil;Entretenimiento: Anime y Manga japonés;En la novena película de Pokémon, ¿quién es el Príncipe del Mar?;Manaphy;Ash;Mayo;Fantasma
Fácil;Entretenimiento: Videojuegos;En Pokémon, ¿la habilidad Guardia Maravilla es exclusiva de qué Pokémon?;Shedinja;Sableye;Spiritomb;Silvally
Fácil;Deportes;¿Con quién ganó Steven Gerrard la Champions League?;Liverpool;Real Madrid;Chelsea;Man City
Fácil;Conocimientos generales;¿Cuál de los siguientes presidentes no está en el Monte Rushmore?;John F. Kennedy;Theodore Roosevelt;Abraham Lincoln;Thomas Jefferson
Fácil;Entretenimiento: Televisión;"Cuando Donkey Kong murió en el episodio ""It's a Wonderful Life"" de ""Donkey Kong Country"", ¿quién era su ángel de la guarda?";Eddie el viejo yeti malvado;Kiddy Kong;Diddy Kong;King K. Rool
Fácil;Entretenimiento: Videojuegos;¿Qué raza en Guild Wars 2 cree en la Alquimia Eterna?;Asura;Humanos;Norn;Charr
Fácil;Ciencia y Naturaleza;¿Cuál es el primer elemento de la tabla periódica?;Hidrógeno;Helio;Oxígeno;Litio
Fácil;Conocimientos generales;¿Cómo se llama el grupo antagonista en Danganronpa Another Episode: Ultra Despair Girls?;Guerreros de la Esperanza;Los Monokubs;Guerreros de la Desesperación;La desesperación definitiva
Fácil;Ciencia y Naturaleza;¿Qué usó Gregory Mendel para probar los cruces genéticos?;Guisantes;Gatos;Flores;Loros
Fácil;Vehículos;¿Cuántas ruedas tiene un monociclo?;1;4;3;6
Fácil;Entretenimiento: Juegos de mesa;En una partida estándar de Monopoly, ¿de qué color son las dos propiedades más baratas?;Brown;Verde;Amarillo;Azul
Fácil;Mitología;El nombre de esta diosa griega fue elegido por el planeta enano responsable de la discordia sobre la clasificación de Plutón entre los astrónomos.;Eris;Caronte;Ceres;Disnomia
Fácil;Entretenimiento: Videojuegos;¿Quién es el protagonista en Dead Rising (2006)?;Frank West;Chuck Greene;John North;Jason Grey
Fácil;Entretenimiento: Televisión;"¿Cuál es el nombre del planeta del que proviene el Doctor de la serie de televisión ""Doctor Who""?";Gallifrey;Sontar;Skaro;Mondas
Fácil;Entretenimiento: Libros;"¿Qué famoso novelista de espías escribió el cuento infantil ""Chitty-Chitty-Bang-Bang""?";Ian Fleming;Joseph Conrad;John Buchan;Graham Greene
Fácil;Entretenimiento: Videojuegos;¿Cuál de estos NO es un mapa incluido en el juego Counter-Strike: Global Offensive?;Plataforma petrolífera;Asalto;Mirage;Caché
Fácil;Ciencia: Matemáticas;¿Cuántos lados tiene un heptágono?;7;8;6;5
Fácil;Deportes;¿En qué año ganó Jenson Button su primer Campeonato Mundial de Pilotos de Fórmula 1?;2009;2010;2007;2006
Fácil;Ciencia: Informática;¿Qué cantidad de bits suele ser igual a un byte?;8;1;2;64
Fácil;Entretenimiento: Cine;"En la película de 1995 ""Balto"", ¿quiénes son los cómplices de Steele?";Kaltag, Nikki y Star;Dusty;Kirby;y Ralph
Fácil;Historia;¿Cuándo comenzó la Batalla del Somme?;1 de julio de 1916;1 de agosto;1916;2 de julio
Fácil;Entretenimiento: Televisión;En la serie de televisión 'M*A*S*H', ¿cuál era el apodo del cabo Walter O'Reilly?;Radar;Hawkeye;Labios Calientes;Trampero
Fácil;Conocimientos generales;"¿Un delincuente que ha ""manipulado los libros"" ha cometido qué tipo de comportamiento ilegal?";Fraude contable;Blanqueo de dinero;Extorsión;Chantaje
Fácil;Entretenimiento: Videojuegos;¿Cómo se llama la nave principal que usó el comandante Shepard en la franquicia Mass Effect?;Normandía;Osiris;Infinity;Endeavour
Fácil;Conocimientos generales;¿Sobre qué camina un funambulista?;Una cuerda floja;Cristales rotos;Pelotas;La Luna
Fácil;Entretenimiento: Videojuegos;En Overwatch, ¿qué especie de simio es el héroe Winston?;Gorila;Orangutan;Chimpancé;Gibón
Fácil;Entretenimiento: Dibujos animados y animaciones;"¿Cuál es la comida favorita del Everest en la serie ""PAW Patrol"" de Nickelodeon/Nick Jr.?";Hígado;Pollo;Filete;Caribú
Fácil;Conocimientos generales;¿Cuál es el nombre del personaje principal de la serie: Dead Space?;Isaac Clarke;Ellen Ripley;Comandante Shepard;Capitán Kirk
Fácil;Deportes;En la Copa Mundial de la FIFA 2014, ¿cuál fue el resultado final en el partido Brasil - Alemania?;46029;01-may;01-jun;02-jun
Fácil;Entretenimiento: Videojuegos;¿Cuál es la clase favorita de Gabe Newell en Team Fortress 2?;Espía;Pesado;Médico;Pirotecnia
Fácil;Entretenimiento: Videojuegos;¿Cuántos monstruos insignia aparecen en las Generaciones de Monster Hunter?;4;1;2;3
Fácil;Entretenimiento: Música;"El DJ sueco Tim Bergling, que produjo canciones como ""Levels"" y ""Wake Me Up"", es más conocido bajo qué alias?";Avicii;deadmau5;Alesso;Skrillex
Fácil;Deportes;¿Qué país acogió los Juegos Olímpicos de Verano de 2020?;Japón;China;Australia;Alemania
Fácil;Vehículos;¿Cuál de los siguientes sistemas de evitación de colisiones ayuda a que los aviones eviten colisión entre sí?;TCAS;GPWS;OCAS;TAWS
Fácil;Entretenimiento: Videojuegos;¿Qué nacionalidad D.Va Overwatch?;Coreano;Japonés;Chino;Vietnamita
Fácil;Entretenimiento: Música;"¿Qué álbum de Led Zeppelin contiene ""Stairway to Heaven""?";Led Zeppelin IV;Casas del Santo;Graffiti físico;Led Zeppelin III
Fácil;Conocimientos generales;¿Qué tecnología lleva el nombre de un gobernante de Dinamarca y Noruega del siglo X?;Bluetooth;Wi-Fi;GPS;Internet
Fácil;Entretenimiento: Música;¿Cuál de las siguientes canciones interpretó Elton John tras el fallecimiento de la princesa Diane?;Velas al viento;Supongo que por eso lo llaman The Blues;Tu canción;Chica de la Isla
Fácil;Conocimientos generales;¿Quién es la persona más joven en recibir un Premio Nobel?;Malala Yousafzai;Lawrence Bragg;Werner Heisenberg;Yasser Arafat
Fácil;Entretenimiento: Musicales y teatros;¿Cuántas obras suele considerarse que escribió Shakespeare?;37;18;54;25
Fácil;Ciencia: Informática;"En ""Hexadecimal"", qué color se mostraría en el código de color? ""#00FF00""?";Verde;Rojo;Azul;Amarillo
Fácil;Entretenimiento: Videojuegos;¿Cuál de los siguientes no es un personaje en la serie Street Fighter?;Mai Shiranui;Laura Matsuda;Sakura Kasugano;Ibuki
Fácil;Ciencia y Naturaleza;¿El uranio que se encuentra de forma natural consiste principalmente en qué isótopo?;238;235;239;233
Fácil;Conocimientos generales;¿De qué están hechos los sombreros Panamá?;Paja;Seda;Cáñamo;Lino
Fácil;Vehículos;¿Jaguar Cars fue propiedad de qué fabricante de coches anteriormente?;Ford;Chrysler;General Motors;Fiat
Fácil;Conocimientos generales;¿Cuál es el famoso apellido de Papa John's?;Schnatter;Sopa;Williams;ANDERSON
Fácil;Historia;"¿Qué país moderno es conocido como ""El Cementerio de los Imperios""?";Afganistán;China;Irak;Rusia
Fácil;Animales;¿De qué país son nativos los wombats?;Australia;Nueva Zelanda;Papúa Nueva Guinea;Palaos
Fácil;Entretenimiento: Juegos de mesa;¿Cuál es el nivel máximo que puedes tener en una sola clase en Dungeons and Dragons (5e)?;20;30;15;25
Fácil;Entretenimiento: Cine;¿Cómo se llama la banda retro-mod ficticia protagonizada por Austin Powers como vocalista principal?;Té Ming;Cough Fi;Spear Mint;Mister E
Fácil;Entretenimiento: Música;¿Cómo se llama la esposa de Rivers Cuomo?;Kyoko Ito;Yoko Ono;Kyary Pamyu Pamyu;LiSA
Fácil;Entretenimiento: Videojuegos;¿Quién es el líder del Equipo Místico en Pokémon Go?;Blanche;Candela;Chispa;Willow
Fácil;Entretenimiento: Libros;"¿Quién escribió ""La letra escarlata"", publicada en 1850?";Nathaniel Hawthorne;Washington Irving;James Fenimore Cooper;Catherine Maria Sedgwick
Fácil;Vehículos;¿Cuál es el nombre del coche eléctrico más popular de Nissan?;Leaf;Árbol;Ciervos;Raíces
Fácil;Conocimientos generales;¿Qué significa la 'S' en la abreviatura SIM, es decir, tarjeta SIM?;Suscriptor;Sencillo;Seguro;Sólido
Fácil;Geografía;¿Cuál de estos NO es un estado o territorio australiano?;Alberta;Nueva Gales del Sur;Victoria;Queensland
Fácil;Conocimientos generales;¿Cómo se despide uno en español?;Adiós;Hola;Au Revoir;Salir
Fácil;Entretenimiento: Videojuegos;¿Cómo se llama el aventurero que conoces en las minas de Stardew Valley?;Marlon;Marnie;Morris;Marvin
Fácil;Geografía;¿Cuál es el país más grande, por área, que solo tiene una zona horaria?;China;Canadá;India;Rusia
Fácil;Entretenimiento: Dibujos animados y animaciones;¿Cuál de los siguientes no es un personaje de Los Picapiedra?;Lord Rockingham IX;Rockhead Slate;El Gran Gazoo;Barney Rubble
Fácil;Conocimientos generales;¿Cuál de estas fiestas NO suele celebrarse en el mes de diciembre?;Acción de Gracias;Navidad;Kwanzaa;Janucá
Fácil;Entretenimiento: Cine;"""La primera regla es: no hablas de ello"" es una referencia a qué película?";Club de la Lucha;La isla;Impensable;Pastel Americano
Fácil;Entretenimiento: Cine;"¿Quién interpretó al alguacil adjunto Samuel Gerard en la película de 1993 ""El fugitivo""?";Tommy Lee Jones;Harrison Ford;Harvey Keitel;Martin Landau
Fácil;Conocimientos generales;¿Los antibióticos generalmente se toman para combatir qué?;Infecciones bacterianas;Virus;Migrañas;Dolores musculares
Fácil;Celebridades;¿Qué actriz se casó con Michael Douglas en el año 2000?;Catherine Zeta-Jones;Ruth Jones;Pam Ferris;Sara Sugarman
Fácil;Entretenimiento: Libros;En la novela 1984, escrita por George Orwell, ¿cómo se llama el régimen totalitario que controla Oceanía?;INGSOC;Neobolchevismo;Aniquilación del Yo;Alianza Terrestre
Fácil;Entretenimiento: Libros;¿Cuál es el título del primer libro de Sherlock Holmes de Arthur Conan Doyle?;Un estudio en escarlata;El signo de los cuatro;Un caso de identidad;Las acciones de Raffles Haw
Fácil;Conocimientos generales;"La palabra ""docena"" suele referirse a un grupo de cuántos objetos?";12;6;20;10
Fácil;Entretenimiento: Videojuegos;¿Quién es el personaje principal del juego Half-Life: Opposing Force?;Adrian Shephard;Gordon Freeman;Alyx Vance;Barney Calhoun
Fácil;Entretenimiento: Música;"¿Qué artista famoso apareció en la canción ""Computers"" de Rowdy Rebel de 2015?";Bobby Shmurda;Lil Wayne;Will.I.AM;Kendrick Lamar
Fácil;Entretenimiento: Videojuegos;¿Cómo se llama una franquicia popular que incluye colocar bloques y sobrevivir en un mundo abierto?;Minecraft;Sin girar;Roblox;Gran Robo de Auto V
Fácil;Conocimientos generales;¿Cuál de las siguientes naciones NO fue beligerante en la Primera Guerra Mundial?;Dinamarca;Portugal;Grecia;Rumanía
Fácil;Ciencia: Matemáticas;¿Qué número primo viene después del 19?;23;25;21;27
Fácil;Entretenimiento: Videojuegos;En el juego Battleblock Theater, ¿cómo se llamaba el actor de voz que puso voz al narrador?;Will Stamper;Steve Blum;Richard Epcar;Yuri Lowenthal
Fácil;Conocimientos generales;¿Qué canal conecta el mar Mediterráneo con el mar Rojo?;Suez Canal;Canal de Panamá;Canal del Sinaí;Qaraqum Canal
Fácil;Entretenimiento: Videojuegos;"¿Cuántas Esmeraldas del Caos hay en el universo de ""Sonic the Hedgehog""?";7;6;8;14
Fácil;Deportes;¿Qué país produjo futbolistas como Cafu, Roberto Carlos y Pelé?;Brasil;Argentina;Portugal;España
Fácil;Entretenimiento: Dibujos animados y animaciones;¿Cuál de estos NO es un personaje de dibujos animados de Disney?;Pato Lucas;Pato Donald;Pato Margarita;Tío Gilito
Fácil;Entretenimiento: Música;¿Cuál de estas canciones de Skrillex cuenta con Fatman Scoop como artista secundario?;Receso;Todo es válido en el amor y el brostep;Rock N Roll (Te llevará a la montaña);Monstruos aterradores y sprites agradables
Fácil;Entretenimiento: Videojuegos;En Final Fantasy XIV, ¿cómo se llama la Deep Dungeon que se introdujo en la expansión Heavensward?;Palacio de los Muertos;Cielo en lo alto;Instalación de Investigación Eteroquímica;Templo Hundido de Qarn
Fácil;Animales;¿Cuál es el verdadero nombre de Grumpy Cat?;Salsa Tardar;Salsa;Minnie;Brócoli
Fácil;Entretenimiento: Videojuegos;¿Cómo se llamaba la secuela cancelada de Team Fortress?;Team Fortress 2: Hermandad de Armas;Team Fortress 2: Mercenarios del Desierto;Team Fortress 2: Operación Grinder de Engranajes;Team Fortress 2: Regreso a Classic
Fácil;Entretenimiento: Música;"La ""Invasión Británica"" fue un fenómeno cultural en la música en el que las boy bands británicas se hicieron populares en Estados Unidos en qué década.";Años 60;Años 50;Años 40;Años 30
Fácil;Entretenimiento: Musicales y teatros;¿Cuál es el primer número de prisionero de Jean ValJean?;24601;9430;1729;32769
Fácil;Conocimientos generales;Cuando alguien es inexperto, ¿de qué color es ese?;Verde;Rojo;Azul;Amarillo
Fácil;Conocimientos generales;"¿Dónde está la estación de tren ""Llanfairpwllgwyngyllgogerychwyrndrobwllllantysiliogogogoch""?";Gales;Moldavia;República Checa;Dinamarca
Fácil;Entretenimiento: Cine;¿Quién dirigió las películas de Kill Bill?;Quentin Tarantino;Arnold Schwarzenegger;David Lean;Stanley Kubrick
Fácil;Ciencia: Informática;¿Cuántos valores puede representar un solo byte?;256;8;1;1024
Fácil;Entretenimiento: Videojuegos;"¿En qué año se lanzó el primer juego de ""Mass Effect""?";2007;2008;2009;2010
Fácil;Conocimientos generales;¿En qué galaxia se encuentra la Tierra?;La Galaxia de la Vía Láctea;La galaxia marciana;El Galaxy Note;El agujero negro
Fácil;Historia;Durante la Segunda Guerra Mundial, en 1945, Estados Unidos lanzó bombas atómicas sobre las dos ciudades japonesas de Hiroshima y ¿qué otra ciudad?;Nagasaki;Kawasaki;Tokio;Kagoshima
Fácil;Entretenimiento: Libros;"¿Quién fue el autor de la novela de 1954, ""El señor de las moscas""?";William Golding;Stephen King;F. Scott Fitzgerald;Zorro Cazador
Fácil;Historia;¿Cuál de estos países NO formó parte de las Potencias Centrales durante la Primera Guerra Mundial?;España;Austria-Hungría;Turquía;Alemania
Fácil;Historia;¿Cuál era el nombre comúnmente dado a las antiguas rutas comerciales que conectaban el Este y el Oeste de Eurasia?;Ruta de la Seda;Camino de las Especias;Carretera de Arcilla;Camino de la Sal
Fácil;Animales;¿A qué clase de animales pertenecen los tritones?;Anfibio;Peces;Reptiles;Mamíferos
Fácil;Vehículos;¿Cuál es el coche legal en carretera más rápido del mundo?;Koenigsegg Agera RS;Hennessy Venom GT;Bugatti Veyron Super Sport;Pagani Huayra a.C.
Fácil;Entretenimiento: Anime y Manga japonés;"¿Qué estudio de animación produjo ""Gurren Lagann""?";Gainax;Kyoto Animation;Pierrot;Imágenes A-1
Fácil;Conocimientos generales;¿La primera aparición de Waluigi fue en qué juego?;Mario Tennis 64 (N64);Wario Land: Super Mario Land 3;Mario Party (N64);Super Smash Bros. Ultimate
Fácil;Entretenimiento: Música;"¿En qué año se lanzó el álbum ""Year of the Snitch"" de Death Grips?";2018;2013;2017;2011
Fácil;Entretenimiento: Cómics;"¿Quién es el creador de la serie de cómics ""The Walking Dead""?";Robert Kirkman;Stan Lee;Malcolm Wheeler-Nicholson;Robert Crumb
Fácil;Entretenimiento: Televisión;¿Cuál de estas series de Disney se clasifica como anime?;¡Stitch!;Cory en la Cámara;La Nueva Escuela del Emperador;Hannah Montana
Fácil;Conocimientos generales;¿Cómo llaman los marineros al lado derecho de un barco?;Estribor;Puerto;Popa;Arco
Fácil;Entretenimiento: Televisión;"¿Cuál es el nombre del personaje principal de la serie de televisión ""The Flash""?";Barry Allen;Oliver Queen;Bart Allen;Bruce Wayne
Fácil;Conocimientos generales;¿Qué idioma es el más hablado en Suiza?;Alemán;Francés;Italiano;Suizo
Fácil;Deportes;¿Cuál es el tipo de lanzamiento más común que lanzan los lanzadores en el béisbol?;Recta;Slowball;Screwball;Palmball
Fácil;Animales;¿Cuál es el sustantivo colectivo para un grupo de cuervos?;Asesinato;Manada;Gaggle;Manada
Fácil;Entretenimiento: Dibujos animados y animaciones;En Los Simpson, ¿en qué guerra sirvió Seymour Skinner en el ejército de EE. UU. como Boinas Verdes?;Guerra de Vietnam;Segunda Guerra Mundial;Primera Guerra Mundial;Guerra Fría
Fácil;Conocimientos generales;¿Cuál era el apodo que se le dio al Hughes H-4 Hercules, un hidroavión pesado que logró volar en 1947?;Ganso de abeto;El Arca de Noé;Fat Man;Caballo de Troya
Fácil;Entretenimiento: Videojuegos;"""Minecraft"" salió de la beta en 2011 durante una convención celebrada en qué ciudad?";Las Vegas;París;Bellevue;Londres
Fácil;Entretenimiento: Videojuegos;¿Cuál de los siguientes tipos de Pokémon estaba presente en los juegos originales, Rojo y Azul?;Hielo;Acero;Oscuro;Hada
Fácil;Entretenimiento: Dibujos animados y animaciones;¿Cómo se llama la ciudad en la que se encuentran Los Picapiedra?;Roca madre;Stoneville;Rockhampton;Ciudad de Boulder
Fácil;Entretenimiento: Videojuegos;En Minecraft original, ¿cuál de los siguientes no puede convertirse en un bloque?;Carbón vegetal;Carbón;Trigo;Cuerda
Fácil;Entretenimiento: Cine;"Esta película contiene la frase: ""Houston, tenemos un problema.""";Apollo 13;Lo Correcto;Capricornio Uno;Abandonados
Fácil;Entretenimiento: Cine;¿Quién interpreta al personaje de Po en las películas de Kung Fu Panda?;Jack Black;Mirana Jonnes;McConahey Ramses;Jim Petersson
Fácil;Entretenimiento: Videojuegos;"¿Quién creó el videojuego ""Minecraft"" de 2011?";Markus Persson;Jens Bergensten;Daniel Rosenfeld;Carl Manneh
Fácil;Entretenimiento: Música;"¿Qué personaje de Disney canta la canción ""Un sueño es un deseo que hace tu corazón""?";Cenicienta;Belle;Blancanieves;Pocahontas
Fácil;Historia;¿Quién cabalgó a caballo para advertir a los Minutemen de que los británicos venían durante la Guerra de Independencia de Estados Unidos?;Paul Revere;Thomas Paine;Henry Longfellow;Nathan Hale
Fácil;Entretenimiento: Videojuegos;En la serie PAYDAY, ¿quién traicionó a la banda de PAYDAY que provocó el arresto de Hoxton?;Héctor;Vlad;El dentista;El elefante
Fácil;Entretenimiento: Videojuegos;¿Qué popular franquicia de Disparos en Primera Persona (FPS) tiene un juego de Estrategia en Tiempo Real (RTS) desarrollado basado en su universo?;Halo;Campo de batalla;Call of Duty;Tierras fronterizas
Fácil;Deportes;¿Qué país acogió la Copa Mundial de la FIFA 2022?;Qatar;EE. UU.;Japón;Suiza
Fácil;Entretenimiento: Videojuegos;Pokémon Go es un juego de realidad aumentada basada en localizaciones desarrollado y publicado por qué compañía?;Niantic;Rovio;Zynga;Supercélula
Fácil;Historia;¿El Imperio Otomano se disolvió tras su derrota en qué guerra?;Primera Guerra Mundial;Guerra de Crimea;Revolución Serbia;Segunda Guerra de los Balcanes
Fácil;Política;¿Qué candidato ganó las elecciones presidenciales de Estados Unidos de 2012?;Barack Obama;Mitt Romney;Bob Hope;Ross Perot
Fácil;Entretenimiento: Anime y Manga japonés;¿Quién fue actor de voz en el doblaje al inglés de EL CASTILLO AMBULANTE (2004)?;Christian Bale;Matt Damon;Joseph Gordon-Levitt;Willem Dafoe
Fácil;Entretenimiento: Dibujos animados y animaciones;¿Quién fue el villano de ''El Rey León''?;Scar;Fred;Jafar;Vada
Fácil;Entretenimiento: Videojuegos;En la serie original de Mega Man, ¿quién es el archienemigo de Mega Man?;Dr. Wily;Dr. Light;Dr. Bad;Señor Z
Fácil;Mitología;¿Quién fue el único dios de Grecia que no tuvo un cambio de nombre en Roma?;Apollo;Deméter;Zeus;Atenea
Fácil;Entretenimiento: Videojuegos;¿Qué Game Boy de la serie de consolas portátiles de videojuegos Game Boy fue lanzada primero?;Game Boy Color;Game Boy Advance;Game Boy Micro;Game Boy Advance SP
Fácil;Celebridades;Aubrey Graham es más conocido como;Drake;Travis Scott;Lil Wayne;2 Chainz
Fácil;Conocimientos generales;¿En qué año dejó Canadá de producir el céntimo?;2012;2013;2011;2010
Fácil;Entretenimiento: Videojuegos;"¿Cuál es el nombre del protagonista principal en ""Xenoblade Chronicles""?";Shulk;Reyn;Fiora;Dunban
Fácil;Historia;¿En qué año terminó la Gran Guerra del Norte, entre Rusia y Suecia?;1721;1726;1727;1724
Fácil;Celebridades;¿Qué celebridad anunció su presidencia en 2015?;Kanye West;Donald Trump;Leonardo DiCaprio;Miley Cyrus
Fácil;Entretenimiento: Videojuegos;¿Qué Final Fantasy estaba formado únicamente por miembros femeninos del grupo?;Final Fantasy X-2;Final Fantasy IX;Final Fantasy V;Final Fantasy XIII-2
Fácil;Conocimientos generales;¿Cuál de estas no es un diseño típico de espada europea?;Cimitarra;Falchion;Ulfberht;Flamberge
Fácil;Historia;¿Una colección de himnos y versos sánscritos conocidos como los Vedas son textos sagrados en qué religión?;Hinduismo;Judaísmo;Islam;Budismo
Fácil;Arte;¿Qué cuadro de Van Gogh representa la vista desde su asilo en Saint-Rémy-de-Provence, en el sur de Francia?;La noche estrellada;Campos de trigo con cuervos;El sembrador con el sol poniente;La iglesia de Auvers
Fácil;Entretenimiento: Videojuegos;"En la franquicia de videojuegos ""Halo"", ¿cómo se llama la principal facción opuesta de la UNSC?";El Pacto;El ajuste de cuentas;Los Pueblos;Los Carniceros
Fácil;Entretenimiento: Videojuegos;En la historia de la serie PAYDAY, ¿qué criminal fue arrestado y luego rescatado por la banda PAYDAY?;Hoxton;Dallas;Lobo;Cadenas
Fácil;Conocimientos generales;¿Cómo se llamaba el equipo de lucha libre profesional de la WWF formado por los luchadores Ax y Smash?;Demolición;El Dream Team;Los Bushwhackers;Los Bulldogs Británicos
Fácil;Entretenimiento: Libros;George Orwell escribió este libro, que a menudo se considera una declaración sobre la supervisión gubernamental.;1984;El viejo y el mar;El guardián y el centeno;Matar a un ruiseñor
Fácil;Entretenimiento: Libros;¿Cuál fue la primera entrada escrita para el proyecto de escritura colaborativa de la Fundación SCP?;SCP-173;SCP-001;SCP-999;SCP-1459
Fácil;Ciencia: Matemáticas;¿Cuál es el menor número de caras que puede tener un polígono?;3;1;2;7
Fácil;Entretenimiento: Cine;"¿Quién dirigió ""E.T. el Extraterrestre"" (1982)?";Steven Spielberg;Stanley Kubrick;James Cameron;Tim Burton
Fácil;Animales;¿Cuántas patas tienen las mariposas?;6;2;4;0
Fácil;Historia;¿Quiénes estuvieron entre los fallecidos en la tragedia del accidente aéreo de Smolensk, Rusia, en 2010?;El presidente polaco;El Papa Juan Pablo II;Bang-Ding Ow;Albert Putin
Fácil;Conocimientos generales;¿Qué juguete más vendido de 1983 causó histeria, provocando disturbios en las tiendas?;Los Niños del Campo de Repollo;Transformadores;Osos Cariñosos;Cubo de Rubik
Fácil;Entretenimiento: Cómics;¿Cuándo se fundó Marvel Comics?;1939;1932;1951;1936
Fácil;Entretenimiento: Cine;"En la película ""V de Vendetta"", ¿cuál es la fecha en la que el vigilante enmascarado ""V"" insta a la gente a recordar?";5 de noviembre;6 de noviembre;4 de noviembre;5 de septiembre
Fácil;Entretenimiento: Cine;¿A qué villano de Batman se le conoce Mark Hamill por haber puesto la voz?;El Joker;Dos Caras;Bane;Silencio
Fácil;Entretenimiento: Música;"¿Qué banda grabó el álbum ""Parallel Lines""?";Rubia;Paramore;Coldplay;La Policía
Fácil;Conocimientos generales;¿Quién es el autor de Jurassic Park?;Michael Crichton;Peter Benchley;Chuck Paluhniuk;Irvine Welsh
Fácil;Entretenimiento: Videojuegos;"¿En ""Fallout 4"" ¿qué facción no está presente en el juego?";El Enclave;Los Minutemen;La Hermandad del Acero;El Instituto
Fácil;Ciencia: Informática;Según el Sistema Internacional de Unidades, ¿cuántos bytes hay en un kilobyte de RAM?;1000;512;1024;500
Fácil;Entretenimiento: Videojuegos;¿Qué significa la D en la cruceta, que se encuentra en la mayoría de los mandos de videojuegos?;Direccional;Dinámica;Conexión telefónica;Diseño
Fácil;Conocimientos generales;¿Qué se expone en el museo Madame Tussaud en Londres?;Esculturas de cera;Ropa de diseñador;Carretes de película inéditos;Coches vintage
Fácil;Ciencia y Naturaleza;¿Cuál es el planeta más grande del Sistema Solar?;Júpiter;Saturno;Tierra;Marte
Fácil;Entretenimiento: Música;Según una canción de Belinda Carlisle, ¿El cielo es un lugar en qué?;Tierra;Venus;Marte;Urano
Fácil;Entretenimiento: Videojuegos;"En el videojuego ""Postal 2"", ¿cómo se llama el perro de Postal Dude?";Campeón;Snoopy;Krotchy;Duque
Fácil;Entretenimiento: Videojuegos;¿Cuál de estos NO es una franquicia de juegos de Humongous Entertainment?;Comandante Keen;Pajama Sam;Putt-Putt;Freddi Fish
Fácil;Entretenimiento: Videojuegos;¿Qué empresa desarrolló la línea de consolas de videojuegos Xbox?;Microsoft;Sony;Toshiba;IBM
Fácil;Entretenimiento: Videojuegos;En World of Warcraft, ¿cómo se llamaba el hechizo que causó una plaga que mató a millones de jugadores en 2005?;Sangre Corrupta;Peste necrótica;Infestación Libre;Infección mutada
Fácil;Entretenimiento: Videojuegos;El protagonista del exitoso juego, Half-Life 2, se llama:;Gordon Freeman;Alyx Vance;Isaac Kleiner;Wallace Breen
Fácil;Entretenimiento: Videojuegos;En el juego Nuclear Throne, ¿qué personaje empieza con menos puntos de vida?;Fusión;Cristal;Rebelde;Yung Venuz (Y.V.)
Fácil;Conocimientos generales;¿Qué significa la F en el FBI?;Federal;Extranjero;Formal;Primera
Fácil;Animales;¿Qué raza de perro se asocia tradicionalmente con los bomberos?;Dálmatas;Pastor alemán;Gran Danés;Mastín
Fácil;Historia;¿En qué año terminó la Segunda Guerra Mundial?;1945;1943;1947;1950
Fácil;Geografía;¿Cuál de estos lugares es una ubicación en Cornualles?;Barcelona;Madrid;Alicante;Lisboa
Fácil;Entretenimiento: Cine;"¿Quién es el principal antagonista de la película de Christopher Nolan de 2012, ""El caballero oscuro renacer""?";Bane;El Joker;CIA;El Acertijo
Fácil;Mitología;¿Qué dios griego y romano era conocido como el dios de la música, la verdad y la profecía, la sanación, el sol y la luz, la plaga, la poesía y más?;Apollo;Afrodita;Artemisa;Atenea
Fácil;Entretenimiento: Videojuegos;En el juego Warframe, ¿cómo se llama el robot bípedo de la facción Corpus?;MOA;Corpus Tech;Tripulante;Corpus Walker
Fácil;Entretenimiento: Videojuegos;"En el videojuego Overwatch, ¿qué personaje jugable es famoso por decir ""Es mediodía""?";McCree;Hanzo;Pharah;Soldado: 76
Fácil;Deportes;¿Cuál fue el año de la fundación del Bari Italian Football Club?;1908;1945;2014;1895
Fácil;Arte;¿Cuál es un elemento fundamental del estilo gótico de la arquitectura?;Arco apuntado;Techos artesonados;Fachadas rematadas por un frontón;Frescos interiores
Fácil;Entretenimiento: Música;¿Cuál de estos NO se considera un instrumento de viento madera?;Trombón;Oboe;Clarinete;Fagot
Fácil;Conocimientos generales;¿Cuál es el símbolo del zodiaco para Géminis?;Gemelos;Peces;Escalas;Doncella
Fácil;Entretenimiento: Música;"¿Qué grupo de rap lanzó el álbum ""Straight Outta Compton""?";N.W.A;Wu-Tang Clan;Run-D.M.C.;Chicos Bestias
Fácil;Historia;¿En qué país actual es la región conocida como Frigia en la antigüedad?;Turquía;Siria;Grecia;Egipto
Fácil;Conocimientos generales;En un calendario gregoriano estándar, ¿cuántos meses empiezan con la letra 'J'?;Tres;Cuatro;Cinco;Dos
Fácil;Entretenimiento: Videojuegos;Half-Life de Valve utiliza el motor de juego GoldSrc, que es una versión muy modificada de qué motor.;Motor Quake;Motor del Destino;Motor id;Motor Fuente
Fácil;Entretenimiento: Videojuegos;¿Quién es el personaje principal en Metal Gear Rising: Revengeance?;Raiden;Serpiente Sólida;Otacon;Revólver Ocelote
Fácil;Entretenimiento: Videojuegos;¿Cuál de estas siguientes armas o equipos existe en Counter Strike pero no en Counter Strike: Source?;Escudo táctico;Cóctel molotov;MP5 Navy;TMP
Fácil;Historia;¿El abolicionista John Brown asaltó el arsenal en qué Virginia Town?;Harper's Ferry;Richmond;Harrisonburg;Martinsburg
Fácil;Entretenimiento: Videojuegos;¿En qué año se estrenó League of Legends?;2009;2010;2003;2001
Fácil;Entretenimiento: Cine;"Para la película ""Los cazadores del arca perdida"", ¿de qué estaba enfermo Harrison Ford durante el rodaje de la persecución de El Cairo?";Disentería;Anemia;Estreñimiento;Reflujo ácido
Fácil;Entretenimiento: Música;"¿Qué canción de ""Random Access Memories"" de Daft Punk cuenta con Pharrell Williams?";Ten suerte;Lo Estoy Haciendo Bien;Enamoramiento instantáneo;El juego del amor
Fácil;Entretenimiento: Videojuegos;¿Cuál de los siguientes no es una facción en Tom Clancy's The Division?;CDC;Limpiadores;Batallón de Último Hombre;Rikers
Fácil;Entretenimiento: Videojuegos;¿Cuál de los siguientes era un mapa que estaba en Team Fortress 2 en su lanzamiento?;Grava;Hoodoo;Fiebre del oro;Hacia arriba
Fácil;Ciencia: Informática;¿Cuántos kilobytes hay en un gigabyte (en decimales)?;1000000;1024;1000;1048576
Fácil;Ciencia y Naturaleza;¿Cuál es el símbolo elemental de Mercurio?;Hg;Yo;MC;¡Madre
Fácil;Conocimientos generales;"¿El tipo ""hada"" debutó en qué generación de los juegos de la serie central de Pokémon?";6º;2º;7º;4º
Fácil;Entretenimiento: Música;¿Con cuál de estos artistas ha colaborado Lil A?;Lil Fortnite;Lil Pump;Banda Boonk;6ix9ine
Fácil;Geografía;¿Cuál es el apodo del estado estadounidense Delaware?;El Primer Estado;El quincuagésimo estado;El Segundo Estado;El Decimosexto Estado
Fácil;Historia;¿El rey Enrique VIII fue el segundo monarca de qué casa real europea?;Tudor;York;Estuardo;Lancaster
Fácil;Conocimientos generales;La tripofobia es el miedo a;Grupos de agujeros;Nadar en aguas profundas;Oratoria;comiendo demasiado
Fácil;Entretenimiento: Libros;"¿Quién escribió ""Harry Potter""?";J.K. Rowling;J.R.R. Tolkien;Terry Pratchett;Daniel Radcliffe
Fácil;Entretenimiento: Anime y Manga japonés;En el anime Black Butler, ¿quién está prometido para casarse con Ciel Phantomhive?;Elizabeth Midford;Rachel Phantomhive;Alexis Leon Midford;Angelina Dalles
Fácil;Entretenimiento: Videojuegos;"¿Cuál fue el primer juego de la serie ""Battlefield""?";Campo de batalla 1942;Vietnam en el campo de batalla;Battlefield 2;Campo de Batalla 1
Fácil;Entretenimiento: Música;"¿Qué balada estadounidense de los años 70 se refirió al accidente aéreo de 1959 como ""el día en que murió la música""?";Pastel Americano;Lluvia de Kentucky;Siempre te amaré;Suicidio en el rock 'n' roll
Fácil;Conocimientos generales;De los meses siguientes, ¿cuál tiene más días?;Diciembre;Abril;Septiembre;Noviembre
Fácil;Historia;¿Quién lideró la Revolución Comunista de Rusia?;Vladimir Lenin;Joseph Stalin;Vladimir Putin;Mijaíl Gorbachov
Fácil;Entretenimiento: Videojuegos;¿En World of Warcraft el color predeterminado de la interfaz que significa Druida es cuál?;Naranja;Brown;Verde;Azul
Fácil;Entretenimiento: Cómics;¿El protagonista principal de seis años en Calvino y Hobbes lleva el nombre de qué teólogo?;Juan Calvino;Calvin Klein;Calvin Coolidge;Phillip Calvin McGraw
Fácil;Conocimientos generales;¿Qué elemento tiene el símbolo químico Kr?;Krypton;Queresina;Cinético;Curio
Fácil;Animales;¿Cuál es el nombre científico para los humanos actuales?;Homo Sapiens;Homo Ergaster;Homo Erectus;Homo Neanderthalensis
Fácil;Ciencia: Informática;¿Cuál es el nombre en clave del sistema operativo móvil Android 7.0?;Turrón;Sándwich de helado;Gominola;Malvavisco
Fácil;Conocimientos generales;"Cuando uno está ""envidioso"", ¿se dice que de qué color tiene?";Verde;Rojo;Azul;Amarillo
Fácil;Entretenimiento: Videojuegos;¿Quién en esta lista es uno de los cofundadores de Valve?;Gabe Newell;Robin Walker;Marc Laidlaw;Ray Ueno
Fácil;Entretenimiento: Videojuegos;Se dice que Gordon Freeman quemó y destruyó qué comida había en el microondas de la sala de descanso.;Cazuela;Sub Sandwich;Sopa de pollo;Pepperoni Pizza
Fácil;Deportes;¿Los Los Angeles Dodgers eran originarios de qué ciudad de EE.UU.?;Brooklyn;Las Vegas;Boston;Seattle
Fácil;Conocimientos generales;¿Quién interpretó al general Aladeen en El dictador?;Sacha Barón Cohen;Johnny Depp;James Franco;Leonardo Dicaprio
Fácil;Entretenimiento: Dibujos animados y animaciones;"¿Cuál de estas NO es una frase característica que usa Rick Sánchez en la serie de televisión ""Rick and Morty""?";¡Mates seguros, nada más que portería!;Vete a la cama;¡Jack!;Rikki-tikki-tavi
Fácil;Entretenimiento: Videojuegos;"¿El tipo ""hada"" debutó en qué generación de los juegos de la serie central de Pokémon?";6º;2º;7º;4º
Fácil;Entretenimiento: Anime y Manga japonés;¿Cómo se llama el león disecado en Bleach?;Kon;Jo;Urdiu;Chad
Fácil;Entretenimiento: Anime y Manga japonés;¿Cómo se llama el corgi en Cowboy Bebop?;Einstein;Edward;Cohete;Joel
Fácil;Ciencia: Gadgets;¿Cómo se llama una máquina sencilla que está formada por un brazo rígido que puede moverse libremente alrededor de un punto fijo?;Palanca;Cuña;Tornillo;Polea
Fácil;Entretenimiento: Dibujos animados y animaciones;¿La canción 'Little April Shower' aparece en qué película de dibujos animados de Disney?;Bambi;Cenicienta;Pinocho;El libro de la selva
Fácil;Entretenimiento: Música;¿Kanye West en los VMAs de 2009 interrumpió a qué celebridad?;Taylor Swift;MF DOOM;Beyoncé;Beck
Fácil;Conocimientos generales;En los cómics de DC, ¿dónde vive el Flecha Verde (Oliver Queen)?;Ciudad Estrella;Central City;Ciudad Gótica;Metrópolis
Fácil;Celebridades;¿Cuál fue la causa del suicidio de Marilyn Monroe?;Sobredosis de drogas;Ataque con cuchillo;Incendio en la Casa;Disparo
Fácil;Entretenimiento: Televisión;En el universo de Star Trek, ¿de qué color es la sangre vulcana?;Verde;Azul;Rojo;Morado
Fácil;Geografía;¿Cuál es la capital de Jamaica?;Kingston;San Juan;Puerto Príncipe;Bridgetown
Fácil;Entretenimiento: Videojuegos;En Grand Theft Auto V, ¿cuál era el antiguo apellido de Michael De Santa?;Townley;De Santos;Watson;Simpson
Fácil;Conocimientos generales;¿Cómo se llama Polonia en polaco?;Polska;Pupcia;Polszka;Póland
Fácil;Entretenimiento: Cine;"¿Quién es el protagonista de la película de 2002 ""Kung Pow! ¿Entra el Puño""?";El Elegido;Rey Dragón;Mono de Hierro;Maestro Tang
Fácil;Geografía;¿Cuántos estados federales tiene Alemania?;16;13;32;25
Fácil;Entretenimiento: Televisión;En la serie de televisión Breaking Bad, ¿cuál es el nombre callejero del famoso producto de Walter y Jesse?;Cielo azul;Baby Blue;Caramelo de Roca;Vidrio puro
Fácil;Entretenimiento: Televisión;"En la serie ""Tengen Toppa Gurren Lagann"", ¿cómo se llama el personaje que obliga a todos a vivir bajo tierra?";Lordgenome;Kingloname;Lord Genome;Rey Loname
Fácil;Conocimientos generales;¿Cuándo se lanzó la Playstation 3?;39032;8 de enero;2007;25 de diciembre
Fácil;Entretenimiento: Videojuegos;En The Elder Scrolls: Oblivion, ¿qué gremio le da el caballo que se llama Shadowmere?;Hermandad Oscura;Ladrones;Luchadores;Magos
Fácil;Entretenimiento: Videojuegos;"¿La serie de juegos ""Day of Defeat"" tiene lugar durante qué guerra?";Segunda Guerra Mundial;Primera Guerra Mundial;Guerra de Vietnam;Guerra de Irak
Fácil;Conocimientos generales;En aerodinámica, ¿qué fuerza empuja un objeto hacia arriba?;Ascensor;Arrastre;Peso;Empuje
Fácil;Ciencia y Naturaleza;¿Qué gas forma aproximadamente el 78% de la atmósfera terrestre?;Nitrógeno;Oxígeno;Argón;Dióxido de carbono
Fácil;Ciencia: Informática;¿Qué significa el acrónimo de software JVM?;Máquina Virtual de Java;Máquina de Proveedor de Java;Java Visual Machine;Solo máquina virtual
Fácil;Entretenimiento: Cómics;¿De qué planeta viene Superman?;Krypton;Avalon;Xolnar;Starhaven
Fácil;Entretenimiento: Televisión;"¿La serie de vídeos ""Psycho"" en YouTube fue creada por cuál de los siguientes?";RiDGiD STUDiOS;Dan Bell;Billy Familia;VeganGainz
Fácil;Entretenimiento: Música;¿Cómo se llama el líder de Death Grips, MC Ride?;Stefan Burnett;Zach Hill;Andy Morin;Stanley Burrell
Fácil;Conocimientos generales;¿Cuál de los siguientes componentes sanguíneos forma un tapón en el lugar de la lesión?;Plaquetas;Glóbulos rojos;Glóbulos blancos;Plasma sanguíneo
Fácil;Entretenimiento: Videojuegos;¿Cuál es el número nacional de PokéDex de Pikachu?;#025;#001;#031;#109
Fácil;Geografía;¿Cuál es la capital de la India?;Nueva Delhi;Pekín;Montreal;Tithi
Fácil;Geografía;¿En qué país está la ciudad de Río de Janeiro?;Brasil;Perú;Chile;Venezuela
Fácil;Entretenimiento: Videojuegos;¿Cuántos coches de carbono hay en Burnout Paradise?;6;4;3;5
Fácil;Entretenimiento: Videojuegos;En Super Mario Bros., ¿quién informa a Mario de que la princesa está en otro castillo?;Sapo;Luigi;Yoshi;Bowser
Fácil;Entretenimiento: Cine;"En la película de 1992 ""Army of Darkness"", ¿cómo le da Ash nombre a su escopeta de doble cañón?";Boomstick;Bloomstick;Blastbranch;Chump de 2 bombas
Fácil;Política;¿Cuál de los siguientes países isleños del Pacífico está gobernado por una monarquía constitucional?;Tonga;Palaos;Fiyi;Kiribati
Fácil;Entretenimiento: Cine;"¿Quién dirigió la película de 2017 ""La forma del agua""?";Guillermo del Toro;Steven Spielberg;James Cameron;Martin Scorsese
Fácil;Geografía;¿En qué océano está la isla de la Reunión?;Océano Índico;Océano Atlántico;Océano Pacífico Sur;Océano Pacífico Norte
Fácil;Historia;¿En qué año se fundió la central nuclear de Chernóbil?;1986;1991;1975;1998
Fácil;Geografía;Todas las siguientes se clasifican como lenguas fino-úgricas EXCEPTO:;Samoyedic;Húngaro;Finés;Estonio
Fácil;Entretenimiento: Videojuegos;¿En qué serie de juegos recoges almas para empoderarte y comprar armas y armaduras?;Almas;Final Fantasy;Cazador de Monstruos;La Leyenda de Zelda
Fácil;Historia;¿Cuál es el nombre histórico de Sri Lanka?;Ceilán;Myanmar;Colombo;Badulla
Fácil;Entretenimiento: Videojuegos;¿Qué significa IWHBYD en el cráneo en la serie Halo?;Yo habría sido tu papá;Quiero tener hijos te tumba;Odiaría ser tu chófer;Yo habría comprado tu perro
Fácil;Entretenimiento: Cine;¿Quién dirigió Marvel's Avengers Endgame?;Los hermanos Russo;Zack Snyder;Josh Whedon;Kevin Feige
Fácil;Entretenimiento: Videojuegos;"En ""Rainbow Six: Siege"", ¿cuál de los siguientes operadores no puede romper muros reforzados?";Buck;Termita;Hibana;Maverick
Fácil;Ciencia: Informática;En redes, ¿qué significa OSPF?;Abrir el Camino Más Corto Primero;Ordenar Estado Parte Primero;Localización de ping de detección de orden;Buscador de Camino de Señal Abierto
Fácil;Ciencia y Naturaleza;¿Cuál misión Apolo fue la primera en aterrizar en la Luna?;Apollo 11;Apollo 10;Apollo 9;Apollo 13
Fácil;Entretenimiento: Música;¿Qué publicación musical suele abreviarse como NME?;Nuevo Expreso Musical;Nuevo Metro Entertainment;Próxima empresa musical;Expreso del Norte de Manchester
Fácil;Entretenimiento: Música;¿Qué músico canadiense de reggae tuvo un éxito en 1993 con la canción 'Informer'?;Nieve;Lluvia;Gran;Aguanieve
Fácil;Entretenimiento: Televisión;En Supernatural, ¿cómo se llama el hermano de Sam?;Decano;Dave;Steve;Mike
Fácil;Entretenimiento: Música;¿Qué álbum publicó Bon Iver en 2016?;22, Un millón;Bon Iver;Bon Iver;Blood Bank EP
Fácil;Historia;¿Bajo cuál de las siguientes regiones fue Brasil una antigua colonia?;Portugal;España;Los Países Bajos;Francia
Fácil;Conocimientos generales;Virgin Trains, Virgin Atlantic y Virgin Racing, ¿son todas empresas propiedad de qué empresario famoso?;Richard Branson;Alan Sugar;Donald Trump;Bill Gates
Fácil;Entretenimiento: Videojuegos;"En ""Overwatch"", ¿qué héroe puede hacer wallride?";Lucio;Reinhardt;Sombra;Misericordia
Fácil;Entretenimiento: Videojuegos;En el juego de Nintendo DS 'Ghost Trick: Phantom Detective', ¿cómo se llama el sicario que aparece al principio del juego?;Jeego miope;Un paso adelante Tengo;Misil;Cabanela
Fácil;Entretenimiento: Videojuegos;"En el videojuego ""Team Fortress 2"", ¿qué clase puede hacer doble salto?";Scout;Espía;Ingeniero;Pirotecnia
Fácil;Entretenimiento: Dibujos animados y animaciones;¿Qué tipo de animal es el Bambi de Disney?;Ciervos;Elefante;Lobo;Mouse
Fácil;Geografía;¿Cuál es el nombre de la península que contiene España y Portugal?;Península Ibérica;Península Europea;Península del Peloponeso;Península Escandinava
Fácil;Entretenimiento: Música;En la ópera de Rossini, ¿cómo se llamaba 'El barbero de Sevilla'?;Figaro;Angelo;Fernando;Dave
Fácil;Entretenimiento: Videojuegos;¿Cómo se llamaba la cancelación proyectada por Blizzard Entertainment que más tarde se convertiría en Overwatch?;Titan;Omnic;Omega;Ghost
Fácil;Conocimientos generales;¿Cuál es el apodo del estado estadounidense de California?;Estado Dorado;Estado del Sol;Estado de la Bahía;Estado del Tesoro
Fácil;Ciencia: Informática;¿Qué significa LTS en el mercado del software?;Apoyo a largo plazo;Servicio largo de tacos;Velocidad de transferencia absurda;Velocidad turbo absurda
Fácil;Ciencia y Naturaleza;Las estrellas están formadas principalmente por hidrógeno y ¿qué otro gas?;Helio;Oxígeno;Argón;Nitrógeno
Fácil;Entretenimiento: Videojuegos;"¿Qué videojuego generó controversia por su minijuego oculto ""Hot Coffee""?";Gran Robo de Auto: San Andrés;Gran Robo de Auto: Vice City;Hitman: Dinero Sangriento;Mamá Cocinadora
Fácil;Mitología;¿Cuál de estas criaturas mitológicas se dice que es mitad hombre y mitad caballo?;Centauro;Minotauro;Pegasus;Gorgon
Fácil;Entretenimiento: Cine;En Vengadores: Guerra del Infinito, ¿dónde estaba la Gema del Alma?;Vormir;Xandar;Knowhere;Asgard
Fácil;Entretenimiento: Videojuegos;¿Cuál es el arma más cara en Counter-Strike: Global Offensive?;Scar-20/G3SG1;M4A1;AWP;Revólver R8
Fácil;Entretenimiento: Libros;¿Cómo se llama el padre de Harry Potter?;James Potter;Joey Potter;Frank Potter;El Peludo Potter Sr.
Fácil;Entretenimiento: Música;"¿Qué grupo interpreta la canción ""Crash into Me""?";Banda Dave Matthews;Phish;Los Grateful Dead;El Hijo del Destino
Fácil;Entretenimiento: Cine;¿Qué nombre dio Tom Hanks a su compañero de voleibol en la película 'Náufrago'?;Wilson;Viernes;Jones;Billy
Fácil;Entretenimiento: Dibujos animados y animaciones;"En la serie animada de Disney de 1993 ""Bonkers"", ¿cómo se llama el segundo compañero de Bonker?";Miranda Wright;Dick Tracy;Eddie Valiant;Dr. Ludwig von Drake
Fácil;Entretenimiento: Juegos de mesa;En Dungeons and Dragons (5ª edición), ¿qué estadística sueles añadir a tu tirada de iniciativa?;Destreza;Velocidad;Fuerza;Sabiduría
Fácil;Entretenimiento: Videojuegos;"¿Qué objeto doméstico hace que los personajes de ""Steins; ¿Puerta de viaje"" a través del tiempo?";Microondas;Ordenador;Frigorífico;Televisión
Fácil;Entretenimiento: Videojuegos;¿Cuál de estos NO es el nombre de una banda rival en el videojuego Saint's Row 2?;El Imperio Zin;La Hermandad;Los Ronin;Los hijos de Samedi
Fácil;Entretenimiento: Videojuegos;¿De dónde viene el nombre de la serie Metroid?;Un enemigo en el juego;El nombre del jefe final;El nombre del personaje principal;El nombre de una nave espacial
Fácil;Conocimientos generales;¿Qué es el H2O?;Agua;Oxígeno;Hidrógeno;Ninguno
Fácil;Entretenimiento: Música;¿Qué canción NO es del cantante Tom Jones?;Nunca te voy a abandonar;No es raro;¿Qué hay de nuevo, gatito?;Delilah
Fácil;Entretenimiento: Cine;"¿Quién protagonizó como Bruce Wayne y Batman en la película de Tim Burton de 1989 ""Batman""?";Michael Keaton;George Clooney;Val Kilmer;Adam West
Fácil;Entretenimiento: Música;"¿Qué rapero famoso aparece en el single de Jack Ü (Skrillex and Diplo) de 2015 titulado ""Febreze""?";2 Chainz;Kendrick Lamar;Futuro;Exclusiva de Fatman
Fácil;Conocimientos generales;¿Qué signo del zodiaco está representado por el Cangrejo?;Cáncer;Libra;Virgo;Sagitario
Fácil;Entretenimiento: Cine;"En ""Jurassic World"", ¿cómo se llama el dinosaurio que es un híbrido genético?";Indominus Rex;Mosasaurus;Pteranodón;Tyrannosaurus Rex
Fácil;Entretenimiento: Videojuegos;"¿En qué año se lanzó el juego ""FTL: Faster Than Light""?";2012;2014;2013;2011
Fácil;Entretenimiento: Música;¿Qué término describe mejor la conexión de dos secciones de una pieza musical a través de un pasaje transicional?;Puente;Coda;Capo;Forma binaria
Fácil;Geografía;¿Qué país NO formaba parte de la Unión Soviética?;Rumanía;Turkmenistán;Bielorrusia;Tayikistán
Fácil;Geografía;¿Qué océano limita con la costa oeste de Estados Unidos?;Pacífico;Atlántico;Indio;Ártico
Fácil;Conocimientos generales;¿Qué país desarrolló el fusil de asalto AK-47?;Unión Soviética;Irán;Israel;Polonia
Fácil;Entretenimiento: Anime y Manga japonés;¿Cómo se llama Gatomon en la versión original japonesa de Digimon Adventure?;Tailmon;Pawmon;Catmon;Nekomon
Fácil;Historia;¿Cuál de los siguientes países no fue una potencia del Eje durante la Segunda Guerra Mundial?;Unión Soviética;Italia;Alemania;Japón
Fácil;Conocimientos generales;¿Cuál es el planeta más cercano al sol de nuestro sistema solar?;Mercurio;Marte;Júpiter;Tierra
Fácil;Entretenimiento: Cine;"En la película ""Náufrago"" se llama al mejor amigo del protagonista principal mientras está en la isla";Wilson;Carson;Jackson;Willy
Fácil;Conocimientos generales;La moneda canadiense de 1 dólar es conocida coloquialmente como ¿qué?;Loonie;Boolie;Tonto;Moodie
Fácil;Entretenimiento: Libros;¿Cuál es el nombre del cuarto libro de la serie La Torre Oscura de Stephen King?;Mago y Cristal;Lobos de la Calla;Corazones en Atlantis;La mitad oscura
Fácil;Entretenimiento: Videojuegos;¿Quién es el principal antagonista de Ori y el Bosque Ciego?;Kuro;Nibel;Gumo;Rey Rammer XII
Fácil;Entretenimiento: Dibujos animados y animaciones;En My Little Pony, ¿cómo se llama la hermana pequeña de Applejack?;Manzana Bloom;Red Delicious;Dulces de manzana;Buñuelos de manzana
Fácil;Entretenimiento: Cine;"La película de 2002 ""28 Days Later"" está ambientada principalmente en ¿en qué país europeo?";Reino Unido;Francia;Italia;Alemania
Fácil;Entretenimiento: Música;¿La banda Muse lanzó su primer álbum, Showbiz, en qué año?;1999;1998;2000;2001
Fácil;Entretenimiento: Cine;¿Cuál fue el título de la primera película de Bond, estrenada en 1962?;Dr. No;Desde Rusia con amor;Goldfinger;Bola de trueno
Fácil;Entretenimiento: Música;"¿De qué país proviene la canción ""Gangnam Style""?";Corea del Sur;Japón;Corea del Norte;China
Fácil;Entretenimiento: Videojuegos;"En el juego ""Hearthstone"", ¿cuál es el mejor rango posible?";Leyenda de rango 1;Rango 1 Élite;Rango 1 Maestro;Rango 1 Supremo
Fácil;Entretenimiento: Música;¿Cuál de estos NO es el nombre de un álbum publicado por la cantautora inglesa Adele?;12;19;21;25
Fácil;Entretenimiento: Dibujos animados y animaciones;"¿Cuál es la relación entre Rick y Morty en la serie ""Rick y Morty""?";Abuelo y nieto;Padre e hijo;Mejores amigos;Socios de lucha contra el crimen
Fácil;Entretenimiento: Juegos de mesa;¿En qué ciudad francesa se basa Carcassonne?;Carcasona;París;Marsella;Clermont-Ferrand
Fácil;Deportes;¿Qué deporte incluye los términos love, deuce, match y volea?;Tenis;Críquet;Baloncesto;Curling
Fácil;Conocimientos generales;¿Cuál de estos colores NO aparece en el logo de Google?;Rosa;Amarillo;Azul;Verde
Fácil;Entretenimiento: Cine;"¿Cuál es el nombre del bot naranja y blanco en ""Star Wars: El despertar de la Fuerza""?";BB-8;BB-3;AA-A;R2-D2
Fácil;Entretenimiento: Televisión;"¿Quién es el personaje principal de la serie ""Burn Notice""?";Michael Westen;Sam Axe;Fiona Glenanne;Madeline Westen
Fácil;Geografía;¿Cuántas estrellas aparecen en la bandera de Nueva Zelanda?;4;5;2;0
Fácil;Entretenimiento: Televisión;¿Qué concurso de Nickelodeon presentaba una casa en el set que los concursantes saqueaban para encontrar objetos ocultos?;Hallazgo, Guardianes;Doble Desafío;Nickelodeon Guts;Nick Arcade
Fácil;Conocimientos generales;¿Cuál es el idioma oficial de Brasil?;Portugués;Brasileño;Español;Inglés
Fácil;Geografía;¿Cuál es el mayor desierto caluroso del mundo?;Sahara;Gobi;Mojave;Kalahari
Fácil;Conocimientos generales;¿Quién aparece en el billete de cien dólares estadounidenses?;Benjamin Franklin;George Washington;Abraham Lincoln;Thomas Jefferson
Fácil;Entretenimiento: Videojuegos;¿Cómo se llama la ciudad en Saints Row The Third?;Steelport;Stilwater;Carcer;Libertad
Fácil;Entretenimiento: Televisión;"¿Cuántas temporadas tuvo la serie de televisión de ciencia ficción ""Stargate Atlantis""?";5;10;2;7
Fácil;Entretenimiento: Juegos de mesa;¿Cuál de estos no es un juego real de la serie Dungeons & Dragons?;Extreme Dungeons & Dragons;Avanzados Dungeons & Dragons;Dungeons & Dragons 3.5ª edición;Advanced Dungeons & Dragons 2ª edición
Fácil;Conocimientos generales;Según el Libro del Génesis en el Antiguo Testamento, ¿cuántos días tardó Dios en crear el mundo?;Seis;Siete;Uno;Doce
Fácil;Conocimientos generales;¿Qué signo del zodiaco se sitúa entre Virgo y Escorpio?;Libra;Géminis;Tauro;Capricornio
Fácil;Arte;"¿Quién pintó ""Cisnes que reflejan elefantes"", ""Sueño"" y ""La persistencia de la memoria""?";Salvador Dalí;Jackson Pollock;Vincent van Gogh;Edgar Degas
Fácil;Animales;Se sabe que las serpientes y lagartos mueven la lengua, ¿este comportamiento es para?;Captura de partículas de olor;Prueba el aire dulce;Amenaza a otras especies;Atrae parejas femeninas
Fácil;Entretenimiento: Juegos de mesa;¿Cuántos puntos hay en un solo dado?;21;24;15;18
Fácil;Entretenimiento: Videojuegos;En el juego Sonic Forces, ¿cuál de los siguientes no era de un juego anterior?;Infinite;Metal Sonic;Zavoc;Caos
Fácil;Entretenimiento: Videojuegos;"¿Cuál de las siguientes es una clase en el juego ""Hearthstone""?";Sacerdote;Sage;Clérigo;Monje
Fácil;Entretenimiento: Anime y Manga japonés;¿Quién es el protagonista con el pelo rubio en el anime Naruto?;Naruto;Diez Diez;Sasuke;Kakashi
Fácil;Vehículos;¿El fabricante italiano Lamborghini usa qué animal como logotipo?;Toro;Bat;Caballo;Serpiente
Fácil;Entretenimiento: Videojuegos;En la serie Half-Life, el arma emblemática de Gordon Freeman es una:;Palanca;Mazo;Cable de fibra;Katana
Fácil;Entretenimiento: Videojuegos;En Portal 2, ¿cómo murió presumiblemente el CEO de Aperture Science, Cave Johnson?;Intoxicación por rocas lunares;Enviar accidentalmente un portal a la Luna;Me resbaló en la ducha;Intoxicación por amianto
Fácil;Entretenimiento: Videojuegos;"¿Quién es el fundador de la empresa ficticia ""Mann Co"" de Team Fortress 2?";Zepheniah Mann;Cave Johnson;Wallace Breem;Saxton Hale
Fácil;Entretenimiento: Videojuegos;¿Cómo se llama la ametralladora del tipo de armas pesadas de Team Fortress 2?;Sasha;Betty;Anna;Diana
Fácil;Entretenimiento: Música;¿Cuál fue el nombre del segundo álbum de estudio del cantante Frank Ocean, que se publicó el 20 de agosto de 2016?;Rubia;Morena;Negro;Borgoña
Fácil;Entretenimiento: Videojuegos;¿Qué psicópata o psicópatas en Dead Rising 1 te dieron la motosierra pequeña?;Adam el Payaso;Cliff Hudson;Los convictos;Larry el carnicero
Fácil;Entretenimiento: Libros;"¿Cuál era el nombre original de Sir Handel en ""La serie ferroviaria"" y su contraparte animada ""Thomas y sus amigos""?";Halcón;Eagle;Kyte;Golondrinha
Fácil;Ciencia y Naturaleza;¿Cuál es el nombre oficial de la estrella situada más cerca del Polo Celeste Norte?;Polaris;Eridanus;Gamma Cephei;Iota Cephei
Fácil;Entretenimiento: Televisión;"¿La serie de HBO ""Juego de Tronos"" está basada en qué serie de libros?";Canción de Hielo y Fuego;La Rueda del Tiempo;Harry Potter;El Cuaderno
Fácil;Historia;Estos dos países mantuvieron una mancomunidad desde el siglo XVI hasta el XVIII.;Polonia y Lituania;Hutu y Ruanda;Corea del Norte y Corea del Sur;Bangladés y Bután
Fácil;Arte;¿Quién pintó la Mona Lisa?;Leonardo da Vinci;Pablo Picasso;Vincent van Gogh;Miguel Ángel
Fácil;Deportes;¿Qué fecha celebraron los Juegos Olímpicos de Verano de Río 2016?;46255;23 de agosto;19 de agosto;17 de agosto
Fácil;Entretenimiento: Música;En una orquesta, ¿cuál es el miembro más bajo de la familia de los metales?;Tuba;Trombón;Contrabajo;Fagot
Fácil;Mitología;¿Cuántas cabezas tiene Cerberus?;3;2;1;5
Fácil;Animales;¿Hipocampo es el nombre latino de qué criatura marina?;Caballito de mar;Delfín;Ballena;Pulpo
Fácil;Entretenimiento: Videojuegos;En Dota 2, el Rey Espectro era conocido anteriormente como...;Rey Esqueleto;Rey Segador;Rey Calavera;Rey del Infierno
Fácil;Conocimientos generales;Según la canción infantil, ¿qué fruta sacó el pequeño Jack Horner de su tarta de Navidad?;Plum;Manzana;Melocotón;Pera
Fácil;Conocimientos generales;¿Qué paso de la respiración celular forma el ATP?;Fosforilación oxidativa;Glicólisis;Oxidación por piruvato;Ciclo de Calvin
Fácil;Entretenimiento: Anime y Manga japonés;¿Cuál es el nombre de JoJo's Bizarre Adventure Parte 5?;Vento Aureo;Vento Oreo;Vanto Aureo;Vento Eureo
Fácil;Ciencia y Naturaleza;¿Cuántos cromosomas hay en tus células del cuerpo?;23;21;22;24
Fácil;Celebridades;¿Por qué nombre es más conocido Carlos Estevez?;Charlie Sheen;Ricky Martin;Bruno Mars;Joaquín Fénix
Fácil;Entretenimiento: Cine;"¿Qué película contiene la frase: ""¡Saluda a mi pequeño amigo!""?";Scarface;Perros del embalse;Calor;Buenos chicos
Fácil;Historia;¿Cuántos barcos gemelos estaban relacionados con el Titanic?;2;4;3;1
Fácil;Entretenimiento: Videojuegos;En Animal Crossing, ¿quién es el encargado de la tienda del pueblo?;Tom Nook;Señor Resetti;Gracie;K.K. Slider
Fácil;Historia;¿Quién fue el primer estadounidense en el espacio?;Alan Shephard;Neil Armstrong;John Glenn;Jim Lovell
Fácil;Deportes;En golf, ¿cómo se llama una puntuación de dos bajo par?;Eagle;Birdie;Bogey;Albatros
Fácil;Entretenimiento: Videojuegos;"¿En qué centro comercial transcurre ""Dead Rising""?";Willamette Parkview Mall;Liberty Mall;Twin Pines Mall;Centro Comercial Central Square
Fácil;Vehículos;"¿Dónde se fabrican los coches de la marca ""Ferrari""?";Italia;Rumanía;Alemania;Rusia
Fácil;Entretenimiento: Cómics;¿Cuál de estos equipos de superhéroes aparece en los cómics de Invincible?;Guardianes del Globo;Vengadores;Liga de la Justicia;Tortugas Ninja
Fácil;Geografía;¿Qué continente se considera el más grande y poblado del mundo?;Asia;África;Europa;Norteamérica
Fácil;Geografía;¿Qué país es el segundo más grande del mundo en superficie?;Canadá;Rusia;China;Estados Unidos de América
Fácil;Ciencia y Naturaleza;"¿Cuál es el nombre común del compuesto químico ""monóxido de dihidrógeno""?";Agua;Metano;Amoníaco;Gas de la risa
Fácil;Ciencia y Naturaleza;¿Cuántas lunas tiene la Tierra?;1;0;2;3
Fácil;Política;¿Quién fue el primer presidente negro de Sudáfrica?;Nelson Mandela;Mangosuthu Buthelezi;Steve Biko;Obispo Tutu
Fácil;Entretenimiento: Videojuegos;¿Cómo se llama el gato parlante en Persona 5?;Morgana;Teddie;Marie;Ryuji
Fácil;Geografía;¿Groenlandia forma parte de qué reino?;Dinamarca;Suecia;Noruega;Reino Unido
Fácil;Entretenimiento: Cine;¿Qué actriz bailó el giro con John Travolta en 'Pulp Fiction'?;Uma Thurman;Kathy Griffin;Pam Grier;Bridget Fonda
Fácil;Entretenimiento: Cine;"¿Cuál de los siguientes no fue uno de ""Los Siete Magníficos""?";Clint Eastwood;Steve McQueen;Charles Bronson;Robert Vaughn
Fácil;Entretenimiento: Cine;La película de 1996 'Fargo' está ambientada principalmente en ¿en qué estado de EE. UU.?;Minnesota;Dakota del Norte;Dakota del Sur;Wisconsin
Fácil;Entretenimiento: Videojuegos;¿Quién es el compañero de Sonic?;Tails;Shadow;Amy;Nudillos
Fácil;Deportes;¿Cuántos futbolistas deberían estar en el campo al mismo tiempo?;22;20;24;26
Fácil;Entretenimiento: Música;"""Algunas personas me llaman el vaquero espacial"" es la primera línea de qué canción?";El Joker;Fandango;Toma el dinero y huye;Vuela como un águila
Fácil;Entretenimiento: Música;¿Cuál fue el álbum debut de Rage Against the Machine?;Rabia contra la máquina;Imperio del Mal;Bombtrack;La Batalla de Los Ángeles
Fácil;Geografía;¿Dónde estaba la antigua ciudad de Pompeya?;Italia;África Oriental;Sudamérica;Pompilanus
Fácil;Entretenimiento: Cómics;¿Quién es Batman?;Bruce Wayne;Clark Kent;Barry Allen;Tony Stark
Fácil;Entretenimiento: Dibujos animados y animaciones;"¿Quién puso voz al Genio en ""Aladdín"" de Disney?";Robin Williams;Billy Crystal;Adam Sandler;Jim Carrey
Fácil;Geografía;¿Qué óblast ruso forma frontera con Polonia?;Kaliningrado;Samara;Nizhni Nóvgorod;Omsk
Fácil;Entretenimiento: Videojuegos;¿Qué empresa desarrolla la serie de juegos de ritmo Rock Band?;Harmonix;Activision;Konami;Artes Electrónicas
Fácil;Geografía;¿En qué ciudad india se puede encontrar el Taj Mahal?;Agra;Mumbai;Faridabad;Thane
Fácil;Conocimientos generales;Si viajas a una velocidad de 80 mph, ¿cuánto tiempo tardarás en conducir 80 millas?;60 minutos;90 minutos;30 minutos;50 minutos
Fácil;Celebridades;¿Por qué nombre es más conocido Ramón Estevez?;Martin Sheen;Charlie Sheen;Ramon Sheen;Emilio Estevez
Fácil;Vehículos;¿Qué animal aparece en el logotipo del fabricante de automóviles Porsche?;Caballo;Toro;León;Guepardo
Fácil;Entretenimiento: Videojuegos;"¿Qué personaje de Undertale te dice que ""vas a pasar un mal rato""?";Sans;Undyne;Asgore;Asriel Dreemurr
Fácil;Entretenimiento: Videojuegos;"¿Cuál de los siguientes personajes del juego ""Overwatch"" fue revelado como homosexual en diciembre de 2016?";Trazador;Viuda;Sombra;Symmetra
Fácil;Historia;En 1453, ¿qué ciudad importante cayó?;Constantinopla;Roma;Hamburgo;Atenas
Fácil;Entretenimiento: Anime y Manga japonés;¿Cuál de los siguientes se originó como manga?;Akira;Cowboy Bebop;Instituto DxD;Gurren Lagann
Fácil;Entretenimiento: Videojuegos;¿Quién es el villano principal en Bendy y la máquina de tinta?;Bendy;Joey Drew;Alice;Boris
Fácil;Entretenimiento: Música;¿Cuál fue el primer álbum de estudio de Daft Punk?;Deberes;Descubrimiento;Recuerdos de acceso aleatorio;Humano, al fin y al cabo
Fácil;Historia;¿Cuál de los siguientes países africanos tuvo más éxito resistiendo la colonización?;Etiopía;Costa de Marfil;Congo;Namibia
Fácil;Entretenimiento: Cine;¿Cuál era el apellido de Dorothy en 'El Mago de Oz'?;Gale;Perkins;Día;Parker
Fácil;Geografía;"¿Qué ciudad europea es conocida como la ""Ciudad de la Luz""?";París;Roma;Londres;Madrid
Fácil;Historia;¿Qué mariscal de campo alemán era conocido como el 'Zorro del Desierto'?;Erwin Rommel;Ernst Busch;Wolfram Freiherr von Richthofen;Wilhelm List
Fácil;Entretenimiento: Música;¿Qué cantante apareció en la canción de Jack Ü (Skrillex & Diplo) de 2015 'Where Are Ü Now'?;Justin Bieber;Selena Gomez;Ellie Goulding;The Weeknd
Fácil;Entretenimiento: Cine;"¿Qué raza de perro era Marley en la película ""Marley & Me"" (2008)?";Labrador Retriever;Golden Retriever;Dálmata;Shiba Inu
Fácil;Entretenimiento: Videojuegos;"En la serie de videojuegos ""Worms"", ¿cuál de estas armas se ve afectada por el viento?";Bazuca;Granada;Ataque aéreo;Mortero
Fácil;Mitología;¿Un Ankh es el jeroglífico egipcio para qué?;Vida;Con cariño;Odio;Veneno
Fácil;Entretenimiento: Musicales y teatros;¿Qué obra de Shakespeare inspiró el musical 'West Side Story'?;Romeo y Julieta;Hamlet;Macbeth;Otelo
Fácil;Ciencia y Naturaleza;¿El cinturón de asteroides está situado entre qué dos planetas?;Marte y Júpiter;Júpiter y Saturno;Mercurio y Venus;Tierra y Marte
Fácil;Ciencia y Naturaleza;¿Cuál es un ejemplo de patógeno bacteriano?;Cólera;Sarampión;SIDA;Tiña
Fácil;Conocimientos generales;¿Los restos enterrados de qué explorador inglés de Australia se encontraron en Londres en enero de 2019?;Matthew Flinders;William Bourke;Abel Tasman;Dirk Hartog
Fácil;Historia;¿En qué año tuvo lugar la invasión de Kuwait por parte de Irak?;1990;1992;1988;1986
Fácil;Entretenimiento: Anime y Manga japonés;"En ""Diario del futuro"", ¿cuál es el nombre del Diario Telefónico de Yuno Gasai?";Diario de Yukiteru;Diario del asesinato;Diario de Escape;Diario de la Justicia
Fácil;Ciencia: Informática;En informática, ¿qué significa MIDI?;Interfaz Digital para Instrumentos Musicales;Interfaz musical de instrumentos digitales;Interfaz modular de instrumentos digitales;Interfaz de Datos de Instrumentos Musicales
Fácil;Entretenimiento: Videojuegos;En la mayoría de los videojuegos FPS como Counter-Strike, ¿disparar a qué parte del cuerpo hace más daño?;Cabeza;Brazo;Tramo;Pecho
Fácil;Geografía;¿Cuál de estas es el nombre de la ciudad más grande del estado de Tennessee de EE. Unidos?;Memphis;Tebas;Alejandría;Luxor
Fácil;Entretenimiento: Videojuegos;¿Cuál de los siguientes juegos de Zelda no contó con Ganon como jefe final?;La Máscara de Majora;Ocarina del Tiempo;Espada Celestial;El aliento de la naturaleza
Fácil;Entretenimiento: Videojuegos;En la franquicia Street Fighter, ¿cuál es el apellido de Ken?;Masters;Mitchell;Michaels;Morrison
Fácil;Entretenimiento: Dibujos animados y animaciones;"En la película de Pixar ""Toy Story"", ¿cómo se llamaba el niño que poseía los juguetes?";Andy;Edward;Danny;Matt
Fácil;Entretenimiento: Musicales y teatros;En la obra de Shakespeare Julio César, las últimas palabras de César fueron...;¿Y tú, Brute?;¡Iacta alea est!;Vidi;vini
Fácil;Conocimientos generales;¿Con qué empresa colaboró Valve en la creación del Vive?;HTC;Oculus;Google;Razer
Fácil;Entretenimiento: Videojuegos;¿Quién es el líder del Equipo Valor en Pokémon Go?;Candela;Willow;Blanche;Chispa
Fácil;Entretenimiento: Anime y Manga japonés;"¿Los personajes de ""Log Horizon"" están atrapados en qué juego?";Cuento de los Ancianos;Arte de la espada en línea;Tower Unite;Yggdrasil
Fácil;Geografía;¿Cuántos estados de EE. UU. empiezan por la letra K?;Dos;Uno;Ninguno;Tres
Fácil;Historia;"¿Qué líder mundial famoso es famoso por el dicho ""Que coman pastel"", pero se rumorea que nunca lo dijo?";María Antonieta;Zar Nicolás II;Isabel I;Enrique VIII
Fácil;Entretenimiento: Música;"""Doctor Jones"", ""Turn Back Time"" y ""Barbie Girl"" fueron los números uno en Reino Unido para qué grupo Eurodance?";Aqua;Vengaboys;Eiffel 65;¡Sash!
Fácil;Entretenimiento: Videojuegos;"¿Cuándo se lanzó el RPG online de vista cenital ""Space Station 13""?";2003;2000;2010;2006
Fácil;Conocimientos generales;¿Cuál es la lengua oficial y más hablada de Cuba?;Español;Portugués;Francés;Italiano
Fácil;Entretenimiento: Videojuegos;"En ""Call Of Duty: Zombies"", ¿cómo se llama la ballesta de puñetazo de manada?";Terrible Lawton;Longinus;V-R11;Depredador
Fácil;Entretenimiento: Juegos de mesa;¿Cuál de las siguientes NO es una clase en Dungeons and Dragons 5e?;Ingeniero;Caza;Paladín;Bardo
Fácil;Ciencia y Naturaleza;¿Cuántos planetas forman nuestro Sistema Solar?;8;7;9;6
Fácil;Entretenimiento: Anime y Manga japonés;¿Quién es la heroína principal del anime Full Metal Panic?;Kaname Chidori;Teletha Testarossa;Melissa Mao;Kyoko Tokiwa
Fácil;Arte;¿Quién pintó la Mona Lisa?;Leonardo da Vinci;Pablo Picasso;Claude Monet;Vincent van Gogh
Fácil;Historia;¿Qué país se unió a la UE en 2013?;Croacia;Bulgaria;Eslovenia;Turquía
Fácil;Conocimientos generales;¿Cuál es la letra más utilizada en el alfabeto inglés?;E;A;I;O
Fácil;Entretenimiento: Televisión;"¿En qué pueblo costero británico se ambientó la comedia de situación de la BBC ""Fawlty Towers""?";Torquay;Blackpool;Bournemouth;Gran Yarmouth
Fácil;Conocimientos generales;¿Cuántos colores hay en un arcoíris?;7;8;9;10
Fácil;Entretenimiento: Cine;¿En qué película de James Bond la canción principal fue escrita e interpretada por la cantante y compositora inglesa Adele?;Skyfall;Casino Royale;Quantum Solace;Spectre
Fácil;Entretenimiento: Videojuegos;En Counter-Strike: Global Offensive, ¿cómo se llama la rareza de las skins descatalogadas?;Contrabando;Descontinuado;Disminuido;Limitada
Fácil;Entretenimiento: Anime y Manga japonés;"¿Quién es el autor de la serie manga ""Astro Boy""?";Osamu Tezuka;Mitsuteri Yokoyama;Takao Saito;Yoshihiro Tatsumi
Fácil;Vehículos;"¿Qué fabricante de neumáticos de coches es famoso por su marca ""Eagle"" y es el proveedor oficial de neumáticos de NASCAR?";Goodyear;Pirelli;Piedra de puente;Michelin
Fácil;Entretenimiento: Videojuegos;"¿Cuándo se estrenó ""Luigi's Mansion 3""?";31 de octubre de 2019;13 de enero;2019;6 de septiembre
Fácil;Entretenimiento: Dibujos animados y animaciones;¿Qué familia de dibujos animados vive en el 742 de Evergreen Terrace, Springfield, EE. UU.?;Los Simpson;Las colinas;Los Picapiedra;Los Grifos
Fácil;Entretenimiento: Música;¿Qué álbum de Nirvana tenía un bebé desnudo en la portada?;Olvídalo.;Lejía;In Utero;Incesticidio
Fácil;Deportes;¿Qué país ganó la Copa Mundial de la FIFA 2018 celebrada en Rusia?;Francia;Croacia;Bélgica;Inglaterra
Fácil;Geografía;¿Qué es Laos?;País;Región;Río;Ciudad
Fácil;Geografía;¿En qué continente está Guyana?;Sudamérica;África;Norteamérica;Asia
Fácil;Ciencia: Matemáticas;¿Cómo se llama un polígono de ocho lados?;Octágono;Hexágono;Nanagon;Heptágono
Fácil;Vehículos;Durante la Segunda Guerra Mundial, ¿el tanque era el mayor temor entre los aliados?;PanzerKampfwagen V Panther;Marder III;Mks Matilda II;PanzerKampfwagen VI Tiger
Fácil;Ciencia: Gadgets;¿Cuándo se inventó el DVD?;1995;2000;1990;1980
Fácil;Entretenimiento: Música;"¿Qué guitarrista inglés tiene el apodo de ""Slowhand""?";Eric Clapton;Mark Knopfler;Jeff Beck;Jimmy Page
Fácil;Entretenimiento: Videojuegos;¿En qué empresa trabajaba Gabe Newell antes de fundar Valve Corporation?;Microsoft;Manzana;Google;Yahoo
Fácil;Entretenimiento: Música;"""Hallelujah"" es una canción escrita por qué artista canadiense?";Leonard Cohen;Kory Lefkowits;Ryan Letourneau;Justin Bieber
Fácil;Entretenimiento: Anime y Manga japonés;"¿Cuántos ""JoJos"" que son protagonistas hay en la serie ""La extraña aventura de Jojo""?";8+;6+;4+;5+
Fácil;Política;"¿Qué expresidente de Estados Unidos fue apodado ""Teddy"" después de negarse a disparar a un oso negro indefenso?";Theodore Roosevelt;Woodrow Wilson;James F. Fielder;Andrew Jackson
Fácil;Entretenimiento: Videojuegos;¿En qué año se lanzó Garry's Mod como título independiente en el servicio de distribución Steam de Valve?;2006;2007;2004;2003
Fácil;Entretenimiento: Música;¿Brian May era el guitarrista de qué banda?;Reina;Pink Floyd;Rolling Stones;Las Puertas
Fácil;Historia;¿Qué celebra Estados Unidos de América durante el 4 de julio?;La firma de la Declaración de Independencia;El aniversario de la Batalla de Gettysburg;El cruce del río Delaware;La ratificación de la Constitución
Fácil;Geografía;¿El cuerpo de la Esfinge egipcia se basaba en qué animal?;León;Toro;Caballo;Perro
Fácil;Entretenimiento: Videojuegos;¿Cuáles de los dos juegos de Valve están ambientados en el mismo universo?;Vida Media y Portal;Portal y Left 4 Dead;Half-Life y Left 4 Dead;Vida media y Contraataque
Fácil;Conocimientos generales;¿Cómo se llama el pedal extra en un coche con cambio manual o estándar?;Embrague;Shifter;Propulsor;Freno de mano
Fácil;Entretenimiento: Cine;¿Quién es el protagonista principal de la película de 1985, Regreso al futuro?;Marty McFly;"Emmett ""Doc"" Brown";Biff Tannen;George McFly
Fácil;Entretenimiento: Videojuegos;"¿En qué juego hizo su primera aparición ""Sonic The Hedgehog""?";Rad Mobile;Sonic el erizo;Super Mario 64;Mega Man
Fácil;Geografía;¿Cuál es el único estado de Estados Unidos que no tiene una bandera con forma de 4 bordes?;Ohio;Florida;Idaho;Nuevo México
Fácil;Conocimientos generales;"En inglés, ¿cuál es el nombre del carácter ""&""?";Ampersand;Octava Corte;Y firmar;Obelo
Fácil;Entretenimiento: Videojuegos;¿Cuál de estos personajes NO es un luchador jugable en Super Smash Bros. Ultimate?;Kumatora;King K. Rool;Incineroar;Corrin
Fácil;Deportes;"¿De qué ciudad procedía el antiguo equipo de la NHL ""The Nordiques""?";Ciudad de Quebec;Houston;Montreal;Nueva York
Fácil;Conocimientos generales;¿Cuál de estas palabras se refiere a algo fabricado, distribuido o vendido ilegalmente?;Bootleg;Bootblack;Cordones de bota;Bootstrap
Fácil;Deportes;¿Qué equipo ganó la Premier League inglesa 2015-16?;Leicester City;Liverpool;Cheslea;Manchester United
Fácil;Conocimientos generales;¿Cuál de los siguientes juegos de ritmo fue creado por Harmonix?;Banda de Rock;La manía del beat de la carne;Guitar Hero Live;Revolución de la Danza
Fácil;Vehículos;¿Cuántas pulgadas cúbicas tiene el motor LS3?;376;346;364;427
Fácil;Entretenimiento: Videojuegos;¿Qué juego de Animal Crossing fue para Nintendo Wii?;Animal Crossing: Gente de la ciudad;Animal Crossing: Nueva Hoja;Animal Crossing: Mundo Salvaje;¡Animal Crossing: Población en aumento!
Fácil;Mitología;¿Quién, en la mitología griega, lideró a los Argonautas en busca del Toisón de Oro?;Jason;Castor;Dédalo;Odiseo
Fácil;Conocimientos generales;¿Qué país ha tenido primeros ministros llamados Eden, Major, Peel, Law, Brown y Heath?;Reino Unido;Australia;Nueva Zelanda;Canadá
Fácil;Ciencia y Naturaleza;¿Cuál es la unidad SI estándar para la temperatura?;Kelvin;Fahrenheit;Celsius;Rankine
Fácil;Vehículos;¿Qué tren del Reino Unido NO supera los 125 MPH?;Velocista;Clase 43;Jabalina;Pendolino
Fácil;Ciencia y Naturaleza;¿Cuál de estos elementos es un metaloide?;Antimonio;Estaño;Bromo;Rubio
Fácil;Entretenimiento: Anime y Manga japonés;¿Qué parte del manga JoJo's Bizarre Adventure trata sobre una carrera de caballos por toda América?;Parte 7: Carrera por bola de acero;Parte 6: Océano de Piedra;Parte 3: Cruzados del Polvo de Estrellas;Parte 5: Viento Dorado
Fácil;Deportes;¿Qué país acogió la Copa Mundial de la FIFA 2018?;Rusia;Alemania;Estados Unidos;Arabia Saudí
Fácil;Entretenimiento: Videojuegos;En la expansión Mists of Pandaria de World of Warcraft, ¿cuál era el límite de nivel?;90;85;80;75
Fácil;Historia;¿Cuándo es el Idus de marzo?;46096;14 de marzo;31 de marzo;1 de marzo
Fácil;Conocimientos generales;¿Cuál es la forma del juguete inventado por el profesor húngaro Ernś' Rubik?;Cubo;Esfera;Cilindro;Pirámide
Fácil;Entretenimiento: Videojuegos;El juego más violento gráficamente que precedió a la creación de la ESRB (Junta de Clasificación de Software de Entretenimiento) fue...;Mortal Kombat;Duke Nukem;Resident Evil;Doom
Fácil;Ciencia y Naturaleza;¿Qué elemento tiene el símbolo químico 'Fe'?;Hierro;Oro;Plata;Estaño
Fácil;Entretenimiento: Cine;"¿Quién protagonizó la película de 1973 ""Enter The Dragon""?";Bruce Lee;Jackie Chan;Jet Li;Yun-Fat Chow
Fácil;Ciencia: Matemáticas;¿Cuántos grados completan un círculo?;360;180;90;720
Fácil;Entretenimiento: Dibujos animados y animaciones;¿Qué Tortuga Ninja lleva tradicionalmente un pañuelo naranja?;Miguel Ángel;Leonardo;Donatello;Rafael
Fácil;Entretenimiento: Videojuegos;¿Cuál de estos motores de videojuegos fue fabricado por la empresa Epic Games?;Increíble;Unidad;Game Maker: Studio;Motor Cry
Fácil;Historia;¿Cuándo se fundó Google?;36042;9 de octubre;1997;12 de diciembre
Fácil;Conocimientos generales;En un tablero de dardos, ¿qué número está justo enfrente del número 1?;19;20;12;15
Fácil;Geografía;¿Cuál es el país más grande del mundo?;Rusia;Canadá;China;Estados Unidos
Fácil;Ciencia y Naturaleza;¿Cuál es la composición química del agua?;H20;C12H6O2;CO2;H
Fácil;Entretenimiento: Cine;"En la película de 1951 ""El día que la Tierra se detuvo"", ¿en qué ciudad estadounidense aterrizó la nave alienígena?";Washington D.C.;Los Ángeles;Nueva York;Filadelfia
Fácil;Entretenimiento: Cine;¿Qué superhéroe ha sido interpretado en el cine por los actores Michael Keaton, Val Kilmer, George Clooney y Christian Bale?;Batman;Superman;Iron Man;Spiderman
Fácil;Entretenimiento: Música;"""Grande Valse"" es una frase de la canción ""Gran Vals"". ¿Cómo se llama ese segmento de canción?";Nokia Tune;Hola Moto Motorola Tono de llamada;;
Fácil;Conocimientos generales;En la tipificación sanguínea, el marcador (+) y (-) tras un factor A, B, Ab o O se llama factor Rh. ¿Cuál de las siguientes es la fuente de su descubrimiento?;Monos rhesus;Pacientes con reumatismo;Gente pelirroja;Rizomas
Fácil;Conocimientos generales;¿Cuál es el primer libro del Antiguo Testamento?;Génesis;Éxodo;Levítico;Números
Fácil;Ciencia y Naturaleza;¿Qué tipo de roca se crea por calor Y presión intensos?;Metamórfico;Sedimentario;Ígneo;Diamante
Fácil;Entretenimiento: Juegos de mesa;En ajedrez, ¿cuál es una característica del Gambito de Rey?;Sacrificar un peón;Sacrificar al rey por una reina;Enroque en el flanco del rey;Moviendo el rey en el segundo movimiento
Fácil;Conocimientos generales;¿En qué estado de EE. UU. está el Área 51?;Nevada;Arizona;Nuevo México;Utah
Fácil;Entretenimiento: Videojuegos;En el juego Half-Life, ¿qué enemigo aparece como jefe final?;El Nihilanth;Dr. Wallace Breen;G-Man;El Gonarca
Fácil;Conocimientos generales;¿Cuál es el órgano más grande del cuerpo humano?;Piel;Corazón;Intestino grueso;Hígado
Fácil;Animales;El KÄkāpť es un loro grande, incapaz de volar y nocturno, originario de ¿de qué país?;Nueva Zelanda;Sudáfrica;Australia;Madagascar
Fácil;Entretenimiento: Videojuegos;"¿Cuál de estos no es un ""Origen"" de Dragon Age Origins:";Humano Plebeyo;Plebeyo enano;Noble Enano;Noble humano
Fácil;Entretenimiento: Videojuegos;¿Qué juego se usó para promocionar Steam?;Contraataque 1.6;Half-Life;Half-Life 2;Team Fortress
Fácil;Historia;¿Cuál de estos no fue un lugar de desembarco en la Invasión de Normandía?;Plata;Oro;Juno;Espada
Fácil;Entretenimiento: Videojuegos;En la serie Assassin's Creed, ¿cuál fue el nombre que Abstergo dio a Desmond Miles?;Sujeto 17;Sujeto 16;Sujeto 18;Altaïr Ibn-La'Ahad
Fácil;Entretenimiento: Cine;¿Cuál fue la primera película de James Bond?;Dr. No;Goldfinger;Desde Rusia con amor;Bola de trueno
Fácil;Entretenimiento: Televisión;¿Grant Gustin interpreta a qué superhéroe en la serie de la CW del mismo nombre?;El Flash;La Flecha;Black Canary;Daredevil
Fácil;Ciencia y Naturaleza;¿Qué hay en el centro de nuestra galaxia?;Un agujero negro;Un agujero de gusano;Una supernova;Un cuásar
Fácil;Mitología;¿Qué punto débil de Aquiles expuso por el príncipe troyano, París?;Talón;Cuello;Atrás;Pantorrilla
Fácil;Entretenimiento: Anime y Manga japonés;"En ""Fairy Tail"", ¿cuál es el apodo de Natsu Dragneel?";La Salamandra;El Cazador de Dragones;El Dragón;El Demonio
Fácil;Ciencia: Informática;En el lenguaje de programación Java, ¿cuál de estas palabras clave pondrías en una variable para asegurarte de que no se modifique?;Final;Estática;Soldado;Público
Fácil;Entretenimiento: Videojuegos;En Cinco noches en Freddy's 1, ¿cómo puedes hacer desaparecer Golden Freddy?;Habilitar cámaras;Enciende la luz;Cierra la puerta;No hagas nada
Fácil;Entretenimiento: Videojuegos;En Spyro el Dragón, ¿cómo se llama el amigo libélula de Spyro?;Sparx;Sam;Sparky;Spinkles
Fácil;Entretenimiento: Televisión;"¿Cuántas temporadas tuvo la serie de televisión de ciencia ficción ""Stargate Universe""?";2;10;5;3
Fácil;Entretenimiento: Videojuegos;¿Cómo se llamaba el protagonista en Portal y Portal 2?;Chell;Mel;Chloe;Christine
Fácil;Conocimientos generales;¿Qué aerolínea era la propietaria del avión que se estrelló frente a la costa de Nueva Escocia en 1998?;Swiss Air;Air France;British Airways;TWA
Fácil;Entretenimiento: Videojuegos;¿Qué miembro de la Primera Generación de Pokémon de la Primera Orden de Pokémon se convirtió en campeón de la siguiente generación?;Lance;Agatha;Bruno;Lorelei
Fácil;Vehículos;¿Los automóviles fabricados por Tesla Motors funcionan con qué tipo de energía?;Electricidad;Gasolina;Diésel;Nuclear
Fácil;Ciencia: Gadgets;¿Cuándo se lanzó la mascota digital Tamagotchi?;1996;1989;1992;1990
Fácil;Conocimientos generales;¿Por qué el cielo nocturno está oscuro?;El universo es finito en edad y tamaño;Las nubes de polvo absorben la luz;El corrimiento al rojo no nos permite ver estrellas lejanas;Mecánica cuántica
Fácil;Ciencia: Matemáticas;¿Quién demostró el último teorema de Fermat?;Andrew Wiles;Leonhard Euler;Carl Friedrich Gauss;Srinivasa Ramanujan
Fácil;Ciencia: Informática;El ordenador Electron se lanzó en Gran Bretaña en 1983 para el mercado de informática doméstica, ¿por qué empresa?;Acorn Computers;Investigación Sinclair;Amstrad PLC;Máquinas de Negocios Commodore
Fácil;Geografía;¿Cuál de las siguientes características geográficas es un arrecife de coral en forma de anillo, una isla o una serie de islotes?;Atolón;Península;Istmo;Delta
Fácil;Geografía;¿Cuál es el idioma oficial de Costa Rica?;Español;Inglés;Portugués;Criollo
Fácil;Conocimientos generales;¿En qué país se fundó la Hyundai Motor Company?;Corea del Sur;Rusia;Japón;China
Fácil;Geografía;¿Cuál es el nombre de los pueblos indígenas de Nueva Zelanda?;Maoríes;Vikingos;Polinesios;Samoanos
Fácil;Entretenimiento: Cine;En la película Gremlins, ¿a qué hora del día no deberías alimentar a Mogwai?;Medianoche;Noche;Buenos días;Tarde
Fácil;Entretenimiento: Televisión;¿Qué comedia de situación de NBC vio a dos de sus personajes intentar presentar a NBC una comedia sin motivo?;Seinfeld;Frasier;Becker;Amigos
Fácil;Mitología;En la mayoría de las tradiciones, ¿quién era la esposa de Zeus?;Hera;Afrodita;Atenea;Hestia
Fácil;Ciencia y Naturaleza;¿Cuál fue el nombre del primer satélite artificial terrestre, lanzado por la Unión Soviética en 1957?;Sputnik 1;Soyuz 7K-OK;Zenit-2;Voskhod 3KV
Fácil;Entretenimiento: Videojuegos;En la serie Yakuza, ¿quién es el Dragón de Dojima?;Kazuma Kiryu;Sohei Dojima;Ryuji Goda;Haruka Sawamura
Fácil;Entretenimiento: Música;¿Cuántos álbumes de estudio ha publicado el dúo Daft Punk?;4;1;5;2
Fácil;Ciencia y Naturaleza;¿Cuántas copias suelen tener las células humanas de cada gen?;2;1;4;3
Fácil;Entretenimiento: Videojuegos;"Si un ""360 sin mira"" es una rotación completa antes de disparar, ¿cuántas rotaciones tendría un ""1080 sin mira""?";3;4;2;5
Fácil;Historia;¿En qué año se diseñó la pistola M1911?;1911;1907;1899;1917
Fácil;Entretenimiento: Videojuegos;Los Khajiit son una raza de criaturas felinas de la cual proviene una épica serie de juegos de rol ambientados en la tierra de Tamriel?;Los Pergaminos Antiguos;El Señor de los Anillos;El brujo;Noches de Nunca Invierno
Fácil;Ciencia y Naturaleza;¿Cuál es la masa atómica del carbono?;12;14;16;10
Fácil;Entretenimiento: Televisión;"En la serie de televisión de AMC ""The Walking Dead"", ¿cómo se llaman los ""zombis""?";Caminantes;Creepers;Gusanos;Cerdos del Infierno
Fácil;Entretenimiento: Televisión;"En la serie de televisión ""Cheers"", Sam Malone fue un ex relevista de ¿qué equipo de béisbol?";Boston Red Sox;New York Mets;Baltimore Orioles;Milwaukee Brewers
Fácil;Entretenimiento: Videojuegos;"¿Cuál de los siguientes NO es una invocación en el juego ""South Park: The Stick of Truth""?";Toalla;Jesús;Señor Hankey;Señor Esclavo
Fácil;Conocimientos generales;¿Cuántos dedos tiene una sola mano humana?;Cuatro;Cinco;Diez;Ocho
Fácil;Ciencia y Naturaleza;¿Cuál de los siguientes vasos sanguíneos transporta sangre desoxigenada?;Artería pulmonar;Vena pulmonar;Aorta;Arteria coronaria
Fácil;Entretenimiento: Videojuegos;"¿En qué año se lanzó el juego ""Fallout""?";1997;1998;1999;1996
Fácil;Entretenimiento: Televisión;"¿Cómo se llama el hermano de Chris en ""Todos odian a Chris""?";Drew;Jerome;Greg;Joe
Fácil;Entretenimiento: Videojuegos;En Minecraft, ¿qué dos objetos deben combinarse para fabricar una antorcha?;Palo y Carbón;Stick and Fire;Madera y Carbón;Leña y fuego
Fácil;Entretenimiento: Libros;¿En qué libro de Harry Potter se encontró por primera vez con un Horrocrux?;La Cámara de los Secretos;El Príncipe Mestizo;El Cáliz de Fuego;Las Reliquias de la Muerte
Fácil;Entretenimiento: Videojuegos;"¿Qué personaje de la serie ""Animal Crossing"" usa la expresión ""zip zoom"" cuando habla con el jugador?";¡Súbete;Drake;Factura;Mallary
Fácil;Conocimientos generales;¿Cuál es la especie de pingüino viva más grande?;Emperador;Rey;Gentoo;Adele
Fácil;Entretenimiento: Libros;¿Quién escribió la novela 'Miedo y desprecio en Las Vegas'?;Hunter S. Thompson;F. Scott Fitzgerald;Henry Miller;William S. Burroughs
Fácil;Entretenimiento: Videojuegos;En el juego Dark Souls, ¿cómo se llama la región en la que estás la mayor parte del juego?;Lordran;Drangleic;Oolacile;Catarina
Fácil;Conocimientos generales;El foie gras es una delicatessen francesa que normalmente se elabora con qué parte de un pato o ganso.;Hígado;Corazón;Estómago;Intestinos
Fácil;Ciencia: Informática;¿Cómo se llama la Capa 7 del modelo OSI?;Aplicación;Sesión;Red;Actualidad
Fácil;Entretenimiento: Videojuegos;¿Qué equipo de eSports quedó en primer lugar en el Campeonato Internacional de Dota 2 2016?;Wings Gaming;Caos Digital;Genios del Mal;Fnatic
Fácil;Entretenimiento: Cine;Daniel Radcliffe se convirtió en una estrella mundial en la industria cinematográfica gracias a su actuación en ¿qué franquicia cinematográfica?;Harry Potter;Ted;Niños Espías;Piratas del Caribe
Fácil;Entretenimiento: Anime y Manga japonés;¿Kirito y Asuna son personajes principales de qué anime?;Arte de la espada en línea;One Piece;Death Note;Fairy Tail
Fácil;Entretenimiento: Videojuegos;¿League of Legends, DOTA 2, Smite y Heroes of the Storm forman parte de qué género de juego?;Arena de batalla online multijugador (MOBA);Estrategia en Tiempo Real (RTS);Shooter en primera persona (FPS);Juego de rol (RPG)
Fácil;Entretenimiento: Libros;¿Quién fue el autor original de Frankenstein?;Mary Shelley;Edgar Allan Poe;Bram Stoker;H. P. Lovecraft
;;;;;;
;;;;;;
;;;;;;
;;;;;;
;;;;;;
;;;;;;
;;;;;;
;;;;;;
;;;;;;
;;;;;;
;;;;;;
;;;;;;
;;;;;;
;;;;;;
;;;;;;
;;;;;;
;;;;;;
;;;;;;
;;;;;;
;;;;;;
;;;;;;
;;;;;;
;;;;;;
;;;;;;
;;;;;;
;;;;;;
;;;;;;
;;;;;;
;;;;;;
;;;;;;
;;;;;;
;;;;;;
;;;;;;
;;;;;;
;;;;;;
;;;;;;
;;;;;;
;;;;;;
;;;;;;
;;;;;;
;;;;;;
;;;;;;
;;;;;;
;;;;;;
;;;;;;
;;;;;;
;;;;;;
;;;;;;
;;;;;;
;;;;;;
;;;;;;
;;;;;;
;;;;;;
;;;;;;
;;;;;;
;;;;;;
;;;;;;
;;;;;;
;;;;;;
;;;;;;
;;;;;;
;;;;;;
;;;;;;
;;;;;;
;;;;;;
;;;;;;
;;;;;;
;;;;;;
;;;;;;
;;;;;;
;;;;;;
;;;;;;
;;;;;;
;;;;;;
;;;;;;
;;;;;;
;;;;;;
;;;;;;
;;;;;;
;;;;;;
;;;;;;
;;;;;;
;;;;;;
;;;;;;
;;;;;;
;;;;;;
;;;;;;
;;;;;;
;;;;;;
;;;;;;
;;;;;;
;;;;;;
;;;;;;
;;;;;;
;;;;;;
;;;;;;
;;;;;;
;;;;;;
;;;;;;
;;;;;;
;;;;;;
;;;;;;
;;;;;;
;;;;;;
;;;;;;
;;;;;;
;;;;;;
;;;;;;
;;;;;;
;;;;;;
;;;;;;
;;;;;;
;;;;;;
;;;;;;
;;;;;;
;;;;;;
;;;;;;
;;;;;;
;;;;;;
;;;;;;
;;;;;;
;;;;;;
;;;;;;
;;;;;;
;;;;;;
;;;;;;
;;;;;;
;;;;;;
;;;;;;
;;;;;;
;;;;;;
;;;;;;
;;;;;;
;;;;;;
;;;;;;
;;;;;;
;;;;;;
;;;;;;
;;;;;;
;;;;;;
;;;;;;
;;;;;;
;;;;;;
;;;;;;
;;;;;;
;;;;;;
;;;;;;
;;;;;;
;;;;;;
;;;;;;
;;;;;;
;;;;;;
;;;;;;
;;;;;;
;;;;;;
;;;;;;
;;;;;;
;;;;;;
;;;;;;
;;;;;;
;;;;;;
;;;;;;
;;;;;;
;;;;;;
;;;;;;
;;;;;;
;;;;;;
;;;;;;
;;;;;;
;;;;;;
;;;;;;
;;;;;;
;;;;;;
;;;;;;
;;;;;;
;;;;;;
;;;;;;
;;;;;;
;;;;;;
;;;;;;
;;;;;;
;;;;;;
;;;;;;
;;;;;;
;;;;;;
;;;;;;
;;;;;;
;;;;;;
;;;;;;
;;;;;;
;;;;;;
;;;;;;
;;;;;;
;;;;;;
;;;;;;
;;;;;;
;;;;;;
;;;;;;
;;;;;;
;;;;;;
;;;;;;
;;;;;;
;;;;;;
;;;;;;
;;;;;;
;;;;;;
;;;;;;
;;;;;;
;;;;;;
;;;;;;
;;;;;;
;;;;;;
;;;;;;
;;;;;;
;;;;;;
;;;;;;
;;;;;;
;;;;;;
;;;;;;
;;;;;;
;;;;;;
;;;;;;
;;;;;;
;;;;;;
;;;;;;
;;;;;;
;;;;;;
;;;;;;
;;;;;;
;;;;;;
;;;;;;
;;;;;;
;;;;;;
;;;;;;
;;;;;;
;;;;;;
;;;;;;
;;;;;;
;;;;;;
;;;;;;
;;;;;;
;;;;;;
;;;;;;
;;;;;;
;;;;;;
;;;;;;
;;;;;;
;;;;;;
;;;;;;
;;;;;;
;;;;;;
;;;;;;
;;;;;;
;;;;;;
;;;;;;
;;;;;;
;;;;;;
;;;;;;
;;;;;;
;;;;;;
;;;;;;
;;;;;;
;;;;;;
;;;;;;
;;;;;;
;;;;;;
;;;;;;
;;;;;;
;;;;;;
;;;;;;
;;;;;;
;;;;;;
;;;;;;
;;;;;;
;;;;;;
;;;;;;
;;;;;;
;;;;;;
;;;;;;
;;;;;;
;;;;;;
;;;;;;
;;;;;;
;;;;;;
;;;;;;
;;;;;;
;;;;;;
;;;;;;
;;;;;;
;;;;;;
;;;;;;
;;;;;;
;;;;;;
;;;;;;
;;;;;;
;;;;;;
;;;;;;
;;;;;;
;;;;;;
;;;;;;
;;;;;;
;;;;;;
;;;;;;
;;;;;;
;;;;;;
;;;;;;
;;;;;;
;;;;;;
;;;;;;
;;;;;;
;;;;;;
;;;;;;
;;;;;;
;;;;;;
;;;;;;
;;;;;;
;;;;;;
;;;;;;
;;;;;;
;;;;;;
;;;;;;
;;;;;;
;;;;;;
;;;;;;
;;;;;;
;;;;;;
;;;;;;
;;;;;;
;;;;;;
;;;;;;
;;;;;;
;;;;;;
;;;;;;
;;;;;;
;;;;;;
;;;;;;
;;;;;;
;;;;;;
;;;;;;
;;;;;;
;;;;;;
;;;;;;
;;;;;;
;;;;;;
;;;;;;
;;;;;;
;;;;;;
;;;;;;
;;;;;;
;;;;;;
;;;;;;
;;;;;;
;;;;;;
;;;;;;
;;;;;;
;;;;;;
;;;;;;
;;;;;;
;;;;;;
;;;;;;
;;;;;;
;;;;;;
;;;;;;
;;;;;;
;;;;;;
;;;;;;
;;;;;;
;;;;;;
;;;;;;
;;;;;;
;;;;;;
;;;;;;
;;;;;;
;;;;;;
;;;;;;
;;;;;;
;;;;;;
;;;;;;
;;;;;;
;;;;;;
;;;;;;
;;;;;;
;;;;;;
;;;;;;
;;;;;;
;;;;;;
;;;;;;
;;;;;;
;;;;;;
;;;;;;
;;;;;;
;;;;;;
;;;;;;
;;;;;;
;;;;;;
;;;;;;
;;;;;;
;;;;;;
;;;;;;
;;;;;;
;;;;;;
;;;;;;
;;;;;;
;;;;;;
;;;;;;
;;;;;;
;;;;;;
;;;;;;
;;;;;;
;;;;;;
;;;;;;
;;;;;;
;;;;;;
;;;;;;
;;;;;;
;;;;;;
;;;;;;
;;;;;;
;;;;;;
;;;;;;
;;;;;;
;;;;;;
;;;;;;
;;;;;;
;;;;;;
;;;;;;
;;;;;;
;;;;;;
;;;;;;
;;;;;;
;;;;;;
;;;;;;
;;;;;;
;;;;;;
;;;;;;
;;;;;;
;;;;;;
;;;;;;
;;;;;;
;;;;;;
;;;;;;
;;;;;;
;;;;;;
;;;;;;
;;;;;;
;;;;;;
;;;;;;
;;;;;;
;;;;;;
;;;;;;
;;;;;;
;;;;;;
;;;;;;
;;;;;;
;;;;;;
;;;;;;
;;;;;;
;;;;;;
;;;;;;
;;;;;;
;;;;;;
;;;;;;
;;;;;;
;;;;;;
;;;;;;
;;;;;;
;;;;;;
;;;;;;
;;;;;;
;;;;;;
;;;;;;
;;;;;;
;;;;;;
;;;;;;
;;;;;;
;;;;;;
;;;;;;
;;;;;;
;;;;;;
;;;;;;
;;;;;;
;;;;;;
;;;;;;
;;;;;;
;;;;;;
;;;;;;
;;;;;;
;;;;;;
;;;;;;
;;;;;;
;;;;;;
;;;;;;
;;;;;;
;;;;;;
;;;;;;
;;;;;;
;;;;;;
;;;;;;
;;;;;;
;;;;;;
;;;;;;
;;;;;;
;;;;;;
;;;;;;
;;;;;;
;;;;;;
;;;;;;
;;;;;;
;;;;;;
;;;;;;
;;;;;;
;;;;;;
;;;;;;
;;;;;;
;;;;;;
;;;;;;
;;;;;;
;;;;;;
;;;;;;
;;;;;;
;;;;;;
;;;;;;
;;;;;;
;;;;;;
;;;;;;
;;;;;;
;;;;;;
;;;;;;
;;;;;;
;;;;;;
;;;;;;
;;;;;;
;;;;;;
;;;;;;
;;;;;;
;;;;;;
;;;;;;
;;;;;;
;;;;;;
;;;;;;
;;;;;;
;;;;;;
;;;;;;
;;;;;;
;;;;;;
;;;;;;
;;;;;;
;;;;;;
;;;;;;
;;;;;;
;;;;;;
;;;;;;
;;;;;;
;;;;;;
;;;;;;
;;;;;;
;;;;;;
;;;;;;
;;;;;;
;;;;;;
;;;;;;
;;;;;;
;;;;;;
;;;;;;
;;;;;;
;;;;;;
;;;;;;
;;;;;;
;;;;;;
;;;;;;
;;;;;;
;;;;;;
;;;;;;
;;;;;;
;;;;;;
;;;;;;
;;;;;;
;;;;;;
;;;;;;
;;;;;;
;;;;;;
;;;;;;
;;;;;;
;;;;;;
;;;;;;
;;;;;;
;;;;;;
;;;;;;
;;;;;;
;;;;;;
;;;;;;
;;;;;;
;;;;;;
;;;;;;
;;;;;;
;;;;;;
;;;;;;
;;;;;;
;;;;;;
;;;;;;
;;;;;;
;;;;;;
;;;;;;
;;;;;;
;;;;;;
;;;;;;
;;;;;;
;;;;;;
;;;;;;
;;;;;;
;;;;;;
;;;;;;
;;;;;;
;;;;;;
;;;;;;
;;;;;;
;;;;;;
;;;;;;
;;;;;;
;;;;;;
;;;;;;
;;;;;;
;;;;;;
;;;;;;
;;;;;;
;;;;;;
;;;;;;
;;;;;;
;;;;;;
;;;;;;
;;;;;;
;;;;;;
;;;;;;
;;;;;;
;;;;;;
;;;;;;
;;;;;;
;;;;;;
;;;;;;
;;;;;;
;;;;;;
;;;;;;
;;;;;;
;;;;;;
;;;;;;
;;;;;;
;;;;;;
;;;;;;
;;;;;;
;;;;;;
;;;;;;
;;;;;;
;;;;;;
;;;;;;
;;;;;;
;;;;;;
;;;;;;
;;;;;;
;;;;;;
;;;;;;
;;;;;;
;;;;;;
;;;;;;
;;;;;;
;;;;;;
;;;;;;
;;;;;;
;;;;;;
;;;;;;
;;;;;;
;;;;;;
;;;;;;
;;;;;;
;;;;;;
;;;;;;
;;;;;;
;;;;;;
;;;;;;
;;;;;;
;;;;;;
;;;;;;
;;;;;;
;;;;;;
;;;;;;
;;;;;;
;;;;;;
;;;;;;
;;;;;;
;;;;;;
;;;;;;
;;;;;;
;;;;;;
;;;;;;
;;;;;;
;;;;;;
;;;;;;
;;;;;;
;;;;;;
;;;;;;
;;;;;;
;;;;;;
;;;;;;
;;;;;;
;;;;;;
;;;;;;
;;;;;;
;;;;;;
;;;;;;
;;;;;;
;;;;;;
;;;;;;
;;;;;;
;;;;;;
;;;;;;
;;;;;;
;;;;;;
;;;;;;
;;;;;;
;;;;;;
;;;;;;
;;;;;;
;;;;;;
;;;;;;
;;;;;;
;;;;;;
;;;;;;
;;;;;;
;;;;;;
;;;;;;
;;;;;;
;;;;;;
;;;;;;
;;;;;;
;;;;;;
;;;;;;
;;;;;;
;;;;;;
;;;;;;
;;;;;;
;;;;;;
;;;;;;
;;;;;;
;;;;;;
;;;;;;
;;;;;;
;;;;;;
;;;;;;
;;;;;;
;;;;;;
;;;;;;
;;;;;;
;;;;;;
;;;;;;
;;;;;;
;;;;;;
;;;;;;
;;;;;;
;;;;;;
;;;;;;
;;;;;;
;;;;;;
;;;;;;
;;;;;;
;;;;;;
;;;;;;
;;;;;;
;;;;;;
;;;;;;
;;;;;;
;;;;;;
;;;;;;
;;;;;;
;;;;;;
;;;;;;
;;;;;;
;;;;;;
;;;;;;
;;;;;;
;;;;;;
;;;;;;
;;;;;;
;;;;;;
;;;;;;
;;;;;;
;;;;;;
;;;;;;
;;;;;;
;;;;;;
;;;;;;
;;;;;;
;;;;;;
;;;;;;
;;;;;;
;;;;;;
;;;;;;
;;;;;;
;;;;;;
;;;;;;
;;;;;;
;;;;;;
;;;;;;
;;;;;;
;;;;;;
;;;;;;
;;;;;;
;;;;;;
;;;;;;
;;;;;;
;;;;;;
;;;;;;
;;;;;;
;;;;;;
;;;;;;
;;;;;;
;;;;;;
;;;;;;
;;;;;;
;;;;;;
;;;;;;
;;;;;;
;;;;;;
;;;;;;
;;;;;;
;;;;;;
;;;;;;
;;;;;;
;;;;;;
;;;;;;
;;;;;;
;;;;;;
;;;;;;
;;;;;;
;;;;;;
;;;;;;
;;;;;;
;;;;;;
;;;;;;
;;;;;;
;;;;;;
;;;;;;
;;;;;;
;;;;;;
;;;;;;
;;;;;;
;;;;;;
;;;;;;
;;;;;;
;;;;;;
;;;;;;
;;;;;;
;;;;;;
;;;;;;
;;;;;;
;;;;;;
;;;;;;
;;;;;;
;;;;;;
;;;;;;
;;;;;;
;;;;;;
;;;;;;
;;;;;;
;;;;;;
;;;;;;
;;;;;;
;;;;;;
;;;;;;
;;;;;;
;;;;;;
;;;;;;
;;;;;;
;;;;;;
;;;;;;
;;;;;;
;;;;;;
;;;;;;
;;;;;;
;;;;;;
;;;;;;
;;;;;;
;;;;;;
;;;;;;
;;;;;;
;;;;;;
;;;;;;
;;;;;;
;;;;;;
;;;;;;
;;;;;;
;;;;;;
;;;;;;
;;;;;;
;;;;;;
;;;;;;
;;;;;;
;;;;;;
;;;;;;
;;;;;;
;;;;;;
;;;;;;
;;;;;;
;;;;;;
;;;;;;
;;;;;;
;;;;;;
;;;;;;
;;;;;;
;;;;;;
;;;;;;
;;;;;;
;;;;;;
;;;;;;
;;;;;;
;;;;;;
;;;;;;
;;;;;;
;;;;;;
;;;;;;
;;;;;;
;;;;;;
;;;;;;
;;;;;;
;;;;;;
;;;;;;
;;;;;;
;;;;;;
;;;;;;
;;;;;;
;;;;;;
;;;;;;
;;;;;;
;;;;;;
;;;;;;
;;;;;;
;;;;;;
;;;;;;
;;;;;;
;;;;;;
;;;;;;
;;;;;;
;;;;;;
;;;;;;
;;;;;;
;;;;;;
;;;;;;
;;;;;;
;;;;;;
;;;;;;
;;;;;;
;;;;;;
;;;;;;
;;;;;;
;;;;;;
;;;;;;
;;;;;;
;;;;;;
;;;;;;
;;;;;;
;;;;;;
;;;;;;
;;;;;;
;;;;;;
;;;;;;
;;;;;;
;;;;;;
;;;;;;
;;;;;;
;;;;;;
;;;;;;
;;;;;;
;;;;;;
;;;;;;
;;;;;;
;;;;;;
;;;;;;
;;;;;;
;;;;;;
;;;;;;
;;;;;;
;;;;;;
;;;;;;
;;;;;;
;;;;;;
;;;;;;
;;;;;;
;;;;;;
;;;;;;
;;;;;;
;;;;;;
;;;;;;
;;;;;;
;;;;;;
;;;;;;
;;;;;;
;;;;;;
;;;;;;
;;;;;;
;;;;;;
;;;;;;
;;;;;;
;;;;;;
;;;;;;
;;;;;;
;;;;;;
;;;;;;
;;;;;;
;;;;;;
;;;;;;
;;;;;;
;;;;;;
;;;;;;
;;;;;;
;;;;;;
;;;;;;
;;;;;;
;;;;;;
;;;;;;
;;;;;;
;;;;;;
;;;;;;
;;;;;;
;;;;;;
;;;;;;
;;;;;;
;;;;;;
;;;;;;
;;;;;;
;;;;;;
;;;;;;
;;;;;;
;;;;;;
;;;;;;
;;;;;;
;;;;;;
;;;;;;
;;;;;;
;;;;;;
;;;;;;
;;;;;;
;;;;;;
;;;;;;
;;;;;;
;;;;;;
;;;;;;
;;;;;;
;;;;;;
;;;;;;
;;;;;;
;;;;;;
;;;;;;
;;;;;;
;;;;;;
;;;;;;
;;;;;;
;;;;;;
;;;;;;
;;;;;;
;;;;;;
;;;;;;
;;;;;;
;;;;;;
;;;;;;
;;;;;;
;;;;;;
;;;;;;
;;;;;;
;;;;;;
;;;;;;
;;;;;;
;;;;;;
;;;;;;
;;;;;;
;;;;;;
;;;;;;
;;;;;;
;;;;;;
;;;;;;
;;;;;;
;;;;;;
;;;;;;
;;;;;;
;;;;;;
;;;;;;
;;;;;;
;;;;;;
;;;;;;
;;;;;;
;;;;;;
;;;;;;
;;;;;;
;;;;;;
;;;;;;
;;;;;;
;;;;;;
;;;;;;
;;;;;;
;;;;;;
;;;;;;
;;;;;;
;;;;;;
;;;;;;
;;;;;;
;;;;;;
;;;;;;
;;;;;;
;;;;;;
;;;;;;
;;;;;;
;;;;;;
;;;;;;
;;;;;;
;;;;;;
;;;;;;
;;;;;;
;;;;;;
;;;;;;
;;;;;;
;;;;;;
;;;;;;
;;;;;;
;;;;;;
;;;;;;
;;;;;;
;;;;;;
;;;;;;
;;;;;;
;;;;;;
;;;;;;
;;;;;;
;;;;;;
;;;;;;
;;;;;;
;;;;;;
;;;;;;
;;;;;;
;;;;;;
;;;;;;
;;;;;;
;;;;;;
;;;;;;
;;;;;;
;;;;;;
;;;;;;
;;;;;;
;;;;;;
;;;;;;
;;;;;;
;;;;;;
;;;;;;
;;;;;;
;;;;;;
;;;;;;
;;;;;;
;;;;;;
;;;;;;
;;;;;;
;;;;;;
;;;;;;
;;;;;;
;;;;;;
;;;;;;
;;;;;;
;;;;;;
;;;;;;
;;;;;;
;;;;;;
;;;;;;
;;;;;;
;;;;;;
;;;;;;
;;;;;;
;;;;;;
;;;;;;
;;;;;;
;;;;;;
;;;;;;
;;;;;;
;;;;;;
;;;;;;
;;;;;;
;;;;;;
;;;;;;
;;;;;;
;;;;;;
;;;;;;
;;;;;;
;;;;;;
;;;;;;
;;;;;;
;;;;;;
;;;;;;
;;;;;;
;;;;;;
;;;;;;
;;;;;;
;;;;;;
;;;;;;
;;;;;;
;;;;;;
;;;;;;
;;;;;;
;;;;;;
;;;;;;
;;;;;;
;;;;;;
;;;;;;
;;;;;;
;;;;;;
;;;;;;
;;;;;;
;;;;;;
;;;;;;
;;;;;;
;;;;;;
;;;;;;
;;;;;;
;;;;;;
;;;;;;
;;;;;;
;;;;;;
;;;;;;
;;;;;;
;;;;;;
;;;;;;
;;;;;;
;;;;;;
;;;;;;
;;;;;;
;;;;;;
;;;;;;
;;;;;;
;;;;;;
;;;;;;
;;;;;;
;;;;;;
;;;;;;
;;;;;;
;;;;;;
;;;;;;
;;;;;;
;;;;;;
;;;;;;
;;;;;;
;;;;;;
;;;;;;
;;;;;;
;;;;;;
;;;;;;
;;;;;;
;;;;;;
;;;;;;
;;;;;;
;;;;;;
;;;;;;
;;;;;;
;;;;;;
;;;;;;
;;;;;;
;;;;;;
;;;;;;
;;;;;;
;;;;;;
;;;;;;
;;;;;;
;;;;;;
;;;;;;
;;;;;;
;;;;;;
;;;;;;
;;;;;;
;;;;;;
;;;;;;
;;;;;;
;;;;;;
;;;;;;
;;;;;;
;;;;;;
;;;;;;
;;;;;;
;;;;;;
;;;;;;
;;;;;;
;;;;;;
;;;;;;
;;;;;;
;;;;;;
;;;;;;
;;;;;;
;;;;;;
;;;;;;
;;;;;;
;;;;;;
;;;;;;
;;;;;;
;;;;;;
;;;;;;
;;;;;;
;;;;;;
;;;;;;
;;;;;;
;;;;;;
;;;;;;
;;;;;;
;;;;;;
;;;;;;
;;;;;;
;;;;;;
;;;;;;
;;;;;;
;;;;;;
;;;;;;
;;;;;;
;;;;;;
;;;;;;
;;;;;;
;;;;;;
;;;;;;
;;;;;;
;;;;;;
;;;;;;
;;;;;;
;;;;;;
;;;;;;
;;;;;;
;;;;;;
;;;;;;
;;;;;;
;;;;;;
;;;;;;
;;;;;;
;;;;;;
;;;;;;
;;;;;;
;;;;;;
;;;;;;
;;;;;;
;;;;;;
;;;;;;
;;;;;;
;;;;;;
;;;;;;
;;;;;;
;;;;;;
;;;;;;
;;;;;;
;;;;;;
;;;;;;
;;;;;;
;;;;;;
;;;;;;
;;;;;;
;;;;;;
;;;;;;
;;;;;;
;;;;;;
;;;;;;
;;;;;;
;;;;;;
;;;;;;
;;;;;;
;;;;;;
;;;;;;
;;;;;;
;;;;;;
;;;;;;
;;;;;;
;;;;;;
;;;;;;
;;;;;;
;;;;;;
;;;;;;
;;;;;;
;;;;;;
;;;;;;
;;;;;;
;;;;;;
;;;;;;
;;;;;;
;;;;;;
;;;;;;
;;;;;;
;;;;;;
;;;;;;
;;;;;;
;;;;;;
;;;;;;
;;;;;;
;;;;;;
;;;;;;
;;;;;;
;;;;;;
;;;;;;
;;;;;;
;;;;;;
;;;;;;
;;;;;;
;;;;;;
;;;;;;
;;;;;;
;;;;;;
;;;;;;
;;;;;;
;;;;;;
;;;;;;
;;;;;;
;;;;;;
;;;;;;
;;;;;;
;;;;;;
;;;;;;
;;;;;;
;;;;;;
;;;;;;
;;;;;;
;;;;;;
;;;;;;
;;;;;;
;;;;;;
;;;;;;
;;;;;;
;;;;;;
;;;;;;
;;;;;;
;;;;;;
;;;;;;
;;;;;;
;;;;;;
;;;;;;
;;;;;;
;;;;;;
;;;;;;
;;;;;;
;;;;;;
;;;;;;
;;;;;;
;;;;;;
;;;;;;
;;;;;;
;;;;;;
;;;;;;
;;;;;;
;;;;;;
;;;;;;
;;;;;;
;;;;;;
;;;;;;
;;;;;;
;;;;;;
;;;;;;
;;;;;;
;;;;;;
;;;;;;
;;;;;;
;;;;;;
;;;;;;
;;;;;;
;;;;;;
;;;;;;
;;;;;;
;;;;;;
;;;;;;
;;;;;;
;;;;;;
;;;;;;
;;;;;;
;;;;;;
;;;;;;
;;;;;;
;;;;;;
;;;;;;
;;;;;;
;;;;;;
;;;;;;
;;;;;;
;;;;;;
;;;;;;
;;;;;;
;;;;;;
;;;;;;
;;;;;;
;;;;;;
;;;;;;
;;;;;;
;;;;;;
;;;;;;
;;;;;;
;;;;;;
;;;;;;
;;;;;;
;;;;;;
;;;;;;
;;;;;;
;;;;;;
;;;;;;
;;;;;;
;;;;;;
;;;;;;
;;;;;;
;;;;;;
;;;;;;
;;;;;;
;;;;;;
;;;;;;
;;;;;;
;;;;;;
;;;;;;
;;;;;;
;;;;;;
;;;;;;
;;;;;;
;;;;;;
;;;;;;
;;;;;;
;;;;;;
;;;;;;
;;;;;;
;;;;;;
;;;;;;
;;;;;;
;;;;;;
;;;;;;
;;;;;;
;;;;;;
;;;;;;
;;;;;;
;;;;;;
;;;;;;
;;;;;;
;;;;;;
;;;;;;
;;;;;;
;;;;;;
;;;;;;
;;;;;;
;;;;;;
;;;;;;
;;;;;;
;;;;;;
;;;;;;
;;;;;;
;;;;;;
;;;;;;
;;;;;;
;;;;;;
;;;;;;
;;;;;;
;;;;;;
;;;;;;
;;;;;;
;;;;;;
;;;;;;
;;;;;;
;;;;;;
;;;;;;
;;;;;;
;;;;;;
;;;;;;
;;;;;;
;;;;;;
;;;;;;
;;;;;;
;;;;;;
;;;;;;
;;;;;;
;;;;;;
;;;;;;
;;;;;;
;;;;;;
;;;;;;
;;;;;;
;;;;;;
;;;;;;
;;;;;;
;;;;;;
;;;;;;
;;;;;;
;;;;;;
;;;;;;
;;;;;;
;;;;;;
;;;;;;
;;;;;;
;;;;;;
;;;;;;
;;;;;;
;;;;;;
;;;;;;
;;;;;;
;;;;;;
;;;;;;
;;;;;;
;;;;;;
;;;;;;
;;;;;;
;;;;;;
;;;;;;
;;;;;;
;;;;;;
;;;;;;
;;;;;;
;;;;;;
;;;;;;
;;;;;;
;;;;;;
;;;;;;
;;;;;;
;;;;;;
;;;;;;
;;;;;;
;;;;;;
;;;;;;
;;;;;;
;;;;;;
;;;;;;
;;;;;;
;;;;;;
;;;;;;
;;;;;;
;;;;;;
;;;;;;
;;;;;;
;;;;;;
;;;;;;
;;;;;;
;;;;;;
;;;;;;
;;;;;;
;;;;;;
;;;;;;
;;;;;;
;;;;;;
;;;;;;
;;;;;;
;;;;;;
;;;;;;
;;;;;;
;;;;;;
;;;;;;
;;;;;;
;;;;;;
;;;;;;
;;;;;;
;;;;;;
;;;;;;
;;;;;;
;;;;;;
;;;;;;
;;;;;;
;;;;;;
;;;;;;
;;;;;;
;;;;;;
;;;;;;
;;;;;;
;;;;;;
;;;;;;
;;;;;;
;;;;;;
;;;;;;
;;;;;;
;;;;;;
;;;;;;
;;;;;;
;;;;;;
;;;;;;
;;;;;;
;;;;;;
;;;;;;
;;;;;;
;;;;;;
;;;;;;
;;;;;;
;;;;;;
;;;;;;
;;;;;;
;;;;;;
;;;;;;
;;;;;;
;;;;;;
;;;;;;
;;;;;;
;;;;;;
;;;;;;
;;;;;;
;;;;;;
;;;;;;
;;;;;;
;;;;;;
;;;;;;
;;;;;;
;;;;;;
;;;;;;
;;;;;;
;;;;;;
;;;;;;
;;;;;;
;;;;;;
;;;;;;
;;;;;;
;;;;;;
;;;;;;
;;;;;;
;;;;;;
;;;;;;
;;;;;;
;;;;;;
;;;;;;
;;;;;;
;;;;;;
;;;;;;
;;;;;;
;;;;;;
;;;;;;
;;;;;;
;;;;;;
;;;;;;
;;;;;;
;;;;;;
;;;;;;
;;;;;;
;;;;;;
;;;;;;
;;;;;;
;;;;;;
;;;;;;
;;;;;;
;;;;;;
;;;;;;
;;;;;;
;;;;;;
;;;;;;
;;;;;;
;;;;;;
;;;;;;
;;;;;;
;;;;;;
;;;;;;
;;;;;;
;;;;;;
;;;;;;
;;;;;;
;;;;;;
;;;;;;
;;;;;;
;;;;;;
;;;;;;
;;;;;;
;;;;;;
;;;;;;
;;;;;;
;;;;;;
;;;;;;
;;;;;;
;;;;;;
;;;;;;
;;;;;;
;;;;;;
;;;;;;
;;;;;;
;;;;;;
;;;;;;
;;;;;;
;;;;;;
;;;;;;
;;;;;;
;;;;;;
;;;;;;
;;;;;;
;;;;;;
;;;;;;
;;;;;;
;;;;;;
;;;;;;
;;;;;;
;;;;;;
;;;;;;
;;;;;;
;;;;;;
;;;;;;
;;;;;;
;;;;;;
;;;;;;
;;;;;;
;;;;;;
;;;;;;
;;;;;;
;;;;;;
;;;;;;
;;;;;;
;;;;;;
;;;;;;
;;;;;;
;;;;;;
;;;;;;
;;;;;;
;;;;;;
;;;;;;
;;;;;;
;;;;;;
;;;;;;
;;;;;;
;;;;;;
;;;;;;
;;;;;;
;;;;;;
;;;;;;
;;;;;;
;;;;;;
;;;;;;
;;;;;;
;;;;;;
;;;;;;
;;;;;;
;;;;;;
;;;;;;
;;;;;;
;;;;;;
;;;;;;
;;;;;;
;;;;;;
;;;;;;
;;;;;;
;;;;;;
;;;;;;
;;;;;;
;;;;;;
;;;;;;
;;;;;;
;;;;;;
;;;;;;
;;;;;;
;;;;;;
;;;;;;
;;;;;;
;;;;;;
;;;;;;
;;;;;;
;;;;;;
;;;;;;
;;;;;;
;;;;;;
;;;;;;
;;;;;;
;;;;;;
;;;;;;
;;;;;;
;;;;;;
;;;;;;
;;;;;;
;;;;;;
;;;;;;
;;;;;;
;;;;;;
;;;;;;
;;;;;;
;;;;;;
;;;;;;
;;;;;;
;;;;;;
;;;;;;
;;;;;;
;;;;;;
;;;;;;
;;;;;;
;;;;;;
;;;;;;
