Dificultad;Categoría;Pregunta;Respuesta Correcta;Incorrecta 1;Incorrecta 2;Incorrecta 3
Medio;Entretenimiento: Cómics;¿Quién fue el primer vampiro americano (American Vampire de Scott Snyder)?;Skinner Sweet;Hattie Hargrove;Pearl Jones;"Libro de James ""Jim"""
Medio;Geografía;"Frankenmuth, una ciudad estadounidense apodada ""Pequeña Baviera"", está situada en qué estado?";Michigan;Pensilvania;Kentucky;Virginia
Medio;Entretenimiento: Anime y Manga japonés;¿Cuál fue la primera serie animada original de larga duración para televisión del estudio Trigger?;Kill la Kill;Kiznaiver;Inferno Cop;Gurren Lagann
Medio;Entretenimiento: Música;¿Cuál es el nombre del álbum de estudio de 2016 del dúo francés de música electrónica Justice?;Mujer;Randy;Sano y salvo;Un placer
Medio;Entretenimiento: Televisión;En la serie de Netflix Stranger Things, ¿qué canción cantaría Will para sí mismo mientras estaba desaparecido?;¿Debería quedarme o debería irme?;El amor nos separará;Este hombre encantador;África
Medio;Entretenimiento: Anime y Manga japonés;En Pokémon Chronicles, ¿por qué Misty tenía miedo de Gyarados?;Se metió en su boca cuando era bebé.;Le daba miedo.;Resultó gravemente herida por ello.;Es en parte Bug.
Medio;Conocimientos generales;¿Qué falacia lógica significa atacar el carácter de tu oponente en lugar de sus argumentos?;Ad hominem;Post hoc ergo propter hoc;Tú quoque;Argumentum ad populum
Medio;Mitología;¿Cómo se llama el salvaje con el que Gilgamesh se hace amigo y con quien sale de aventuras?;Enkidu;Ishtar;Inanna;Agga
Medio;Deportes;¿Qué equipo fue campeón de la NBA en la temporada 2015-2016?;Cleveland Cavaliers;Golden State Warriors;Toronto Raptors;Oklahoma City Thunders
Medio;Deportes;¿Cuál es el equipo más antiguo de la NFL?;Arizona Cardinals;Chicago Bears;Green Bay Packers;New York Giants
Medio;Ciencia: Informática;En general, ¿qué componente de un ordenador consume más energía?;Tarjeta gráfica;Disco duro;Procesador;Suministro eléctrico
Medio;Entretenimiento: Música;"¿Qué álbum de Aerosmith incluía ""Walk This Way""?";Juguetes en el desván;Rocas;¡Consigue tus alas;Traza la línea
Medio;Entretenimiento: Videojuegos;"Los editores de videojuegos conocidos como ""tinyBuild"" publicaron cuál de estos juegos?";Cluster truck;No te mueras de hambre;Valle Stardew;Ganadero de Slime
Medio;Geografía;¿Qué acontecimiento llevó a Liechenstein a añadir una corona a su bandera?;Los Juegos Olímpicos de 1936;Coronación del príncipe Johann I Joseph en 1805;Decreto de Carlos VI en 1719;Firma de la Constitución de Liechtenstein de 1862
Medio;Entretenimiento: Videojuegos;"En ""Un sombrero a tiempo"", ¿quién es el jefe final?";Chica del Bigote;Ladrón;Director;Jefe de la mafia
Medio;Entretenimiento: Videojuegos;¿Cuál es el nombre del protagonista de La vida es extraña?;Max Caulfield;Frank Bowers;Rachel Amber;Kate Marsh
Medio;Deportes;¿Quién ganó el Gran Premio de Mónaco 2018?;Daniel Ricciardo;Sebastian Vettel;Kimi Raikkonen;Lewis Hamilton
Medio;Entretenimiento: Cine;"¿Cuál es el nombre del sistema de Inteligencia Artificial en la película de 1983, ""WarGames""?";Respuesta al Plan de Operaciones de Guerra;Hélice del pensamiento autoevolutivo;Programa de Control Maestro;Ordenador analógico del campus oeste
Medio;Entretenimiento: Dibujos animados y animaciones;¿Cuál es el nombre del arma de Ruby Rose de RWBY?;Rosa Media Luna;Capullo de rosa espinoso;Magnhild;Guadaña Torcida
Medio;Geografía;¿Cuántos países independientes hay dentro del continente sudamericano?;12;8;9;10
Medio;Geografía;¿En qué condado inglés está la ciudad de Portsmouth?;Hampshire;Oxfordshire;Buckinghamshire;Surrey
Medio;Ciencia y Naturaleza;¿Aproximadamente cuánto dura un año en Urano?;84 años terrestres;47 años terrestres;62 años terrestres;109 años terrestres
Medio;Entretenimiento: Libros;"¿El título de la autobiografía de Adolf Hitler ""Mein Kampf"" es ¿qué traducido al inglés?";Mi lucha;Mi odio;Mi tristeza;Mi deseo
Medio;Ciencia y Naturaleza;¿El agua desionizada es agua con cuál de los siguientes se elimina?;Hierro;Oxígeno;Hidrógeno;Átomos sin carga
Medio;Ciencia y Naturaleza;¿Un positrón es una antípartícula de qué?;Electrón;Neutrones;Proton;Fotón
Medio;Entretenimiento: Videojuegos;¿Cuál es el nombre del AK-47 en Counter Strike: Source?;CV-47;AK-74;AK;CZ-75
Medio;Vehículos;¿Cuándo se fundó Cadillac?;1902;1964;1898;1985
Medio;Mitología;En la mitología africana, Anansi es un embaucador y narrador que toma la forma de qué animal.;Spider;Perro salvaje;Mono;Crocodile
Medio;Entretenimiento: Juegos de mesa;"En el póker, ¿qué significa ""EV""?";Valor esperado;Valor de las acciones;Variación equivalente;Variación de acciones
Medio;Entretenimiento: Videojuegos;"¿Quién pone voz al personaje ""Vernon Cherry"" en ""Red Dead Redemption""?";Casey Mongillo;Tara Strong;Troy Baker;Rob Wiethoff
Medio;Ciencia y Naturaleza;¿De qué ciudad danesa se llama el elemento 72 en la tabla periódica?;Copenhague;Odense;Herning;Skagen
Medio;Historia;¿Cuál fue el nombre no oficial de Alemania entre 1919 y 1933?;República de Weimar;República Democrática Alemana;República Federal de Alemania;Oesterreich
Medio;Deportes;¿Cuál era el promedio de bateo de Sir Donald Bradman en los partidos de prueba?;99,94;100;69.51;44.78
Medio;Política;¿Qué presidente de EE.UU. se dice que tuvo la barba más larga?;Rutherford B. Hayes;Zachary Taylor;John Quincy Adams;James A. Garfield
Medio;Entretenimiento: Anime y Manga japonés;"¿En qué año transcurre la Parte 7 de ""JoJo's Bizarre Adventure""?";1890;1888;1999;2003
Medio;Geografía;¿Qué ciudad tiene el aeropuerto más concurrido del mundo?;Atlanta, Georgia, EE. UU.;Londres;Inglaterra;Chicago
Medio;Arte;¿Qué artista tenía el estilo de usar pequeños puntos de diferentes colores para crear una imagen?;Georges Seurat;Paul Cézanne;Vincent Van Gogh;Henri Rousseau
Medio;Historia;¿Qué dictador mató a más gente?;Mao Zedong;Joseph Stalin;Adolf Hitler;Kim Il Sung
Medio;Historia;¿El creador del Cifrado y la Máquina Enigma era de qué nacionalidad?;Alemán;Americano;Británicos;Polaco
Medio;Historia;¿En qué año Australia se convirtió en federación?;1901;1910;1899;1911
Medio;Entretenimiento: Cine;"¿Quién pone voz al personaje principal, Blu, en la película animada de 2011 ""Río""?";Jesse Eisenberg;Michael Cera;Jonah Hill;Zach Galifianakis
Medio;Entretenimiento: Cine;¿Cómo se llama el artista de foley que diseñó los famosos sonidos de Star Wars, incluyendo el rugido de Chewbacca y los pitidos y silbidos de R2-D2?;Ben Burtt;Ken Burns;Ralph McQuarrie;Miranda Keyes
Medio;Ciencia y Naturaleza;¿Cuál es la unidad de capacitancia eléctrica?;Farad;Gauss;Henry;Watt
Medio;Entretenimiento: Cómics;"En el cómic ""Sonic the Hedgehog"", ¿quién fue el creador de Roboticizer?";Profesor Charles el Erizo;Julian Robotnik;Ivo Robotnik;Snively Robotnik
Medio;Entretenimiento: Cine;"¿Cuál es el nombre de la primera película de ""Star Wars"" por orden de estreno?";Una nueva esperanza;La amenaza fantasma;El despertar de la Fuerza;La venganza de los Sith
Medio;Conocimientos generales;¿Cuál es la esperanza de vida media de una hormiga de jardín?;15 años;24 horas;1 semana;3 años
Medio;Geografía;¿Con cuántos países tiene España frontera terrestre?;5;2;3;4
Medio;Entretenimiento: Música;"¿Quién lanzó el álbum ""Out of Time"" de 1991?";R.E.M.;U2;Coldplay;Los Rolling Stones
Medio;Entretenimiento: Música;¿Cuál fue el título del primer éxito de ABBA en Reino Unido?;Waterloo;Mamma Mia;Fernando;Reina del Baile
Medio;Entretenimiento: Videojuegos;En la serie Super Smash Bros., ¿qué juego presentó por primera vez a Luigi como personaje jugable?;Super Smash Bros.;Super Smash Bros. Melee;Super Smash Bros. Brawl;Super Smash Bros. para Wii U
Medio;Historia;¿En qué día comenzó el intento de golpe de Estado de 1991 en la Unión Soviética?;46253;21 de agosto;26 de diciembre;24 de diciembre
Medio;Conocimientos generales;¿Cuál de los siguientes edificios es ejemplo de una estructura construida principalmente en el estilo arquitectónico Art Decó?;Edificio Mohawk de Niagara;Taipéi 101;Un Centro de Detroit;Westendstrasse 1
Medio;Entretenimiento: Videojuegos;¿Cuál fue el primer juego lanzado usando el motor de construcción?;Witchaven;DOOM;Duke Nukem 3D;Tekwar de William Shatner
Medio;Entretenimiento: Libros;Mary Shelley es la autora de qué historia clásica de terror?;Frankenstein;Drácula;Extraño caso del doctor Jekyll y el señor Hyde;La leyenda de Sleepy Hollow
Medio;Arte;¿Cuál de estas pinturas no pintó Johannes Vermeer?;Baco;Chica con pendiente de perla;La lechera;La encajera
Medio;Entretenimiento: Dibujos animados y animaciones;"¿A qué ciudad reprochó Anger por arruinar la pizza en ""Del revés""?";San Francisco;Minnesota;Washington;California
Medio;Entretenimiento: Música;"¿La exitosa canción de Rick Astley ""Never going to Give You Up"" se publicó en qué año?";1987;1985;1986;1988
Medio;Entretenimiento: Música;¿Quién es el letrista principal de la banda canadiense de rock progresivo Rush?;Neil Peart;Geddy Lee;Alex Lifeson;John Rutsey
Medio;Historia;¿Cómo se llamaba el químico que se lanzó sobre Vietnam durante la guerra de Vietnam?;Agente Naranja;Fosgeno;Gas mostaza;Cianuro de hidrógeno
Medio;Entretenimiento: Anime y Manga japonés;"¿Aoi Miyamori es la directora de producción de qué anime en ""Shirobako""?";El tercer equipo femenino de aéreo;¡Éxodo!;Andes Chucky;¡Angel Beats!
Medio;Entretenimiento: Videojuegos;"¿Cuál de los cuatro primeros títulos de la franquicia ""Grand Theft Auto"" inició la serie de icónicas portadas con cuadrícula de imágenes?";Gran Robo de Automóviles III;Gran Robo de Automóviles;Gran Robo Auto II;Grand Theft Auto Vici City
Medio;Conocimientos generales;¿El nuevo One World Trade Center en Manhattan, Nueva York, fue diseñado por qué arquitecto?;David Childs;Bjarke Ingels;Michael Arad;Fumihiko Maki
Medio;Entretenimiento: Videojuegos;"¿Cuándo se lanzó el juego ""Roblox""?";2006;2003;2002;2007
Medio;Entretenimiento: Videojuegos;En el juego Overwatch, ¿cuál de los siguientes 4 héroes es de Brasil?;Lúcio;Sombra;McCree;Symmetra
Medio;Entretenimiento: Cine;"¿Cuál de los siguientes actores no interpreta un papel en la película ""Los sospechosos habituales""?";Steve Buscemi;Kevin Spacey;Benicio Del Toro;Gabriel Byrne
Medio;Entretenimiento: Dibujos animados y animaciones;¿Cuál es la tasa de fotogramas estándar para animación?;24 FPS;12 FPS;30 FPS;60 FPS
Medio;Entretenimiento: Televisión;"¿Qué luchador de la WWF tenía el apodo de ""El Ayatolá del Rock 'N' Rolla""?";Chris Jericho;Marty Jannetty;Scott Hall;Shawn Michaels
Medio;Historia;¿Quién dio clases particulares a Alejandro Magno?;Aristóteles;Sócrates;Platón;El rey Felipe
Medio;Geografía;¿Cuál es la capital de Columbia Británica, Canadá?;Victoria;Vancouver;Esperanza;Kelowna
Medio;Ciencia y Naturaleza;¿Cuál de estos científicos llevó a cabo el Experimento de la Lámina de Oro, que concluyó que los átomos están formados principalmente por espacio vacío?;Ernest Rutherford;Joseph John Thomson;Arquímedes;Niels Henrik David Bohr
Medio;Historia;¿Cuál de los siguientes reyes asirios NO gobernó durante el Imperio Neoasirio?;Shamshi-Adad III;Shalmaneser V;Esharhaddon;Ashur-nasir-pal II
Medio;Historia;¿Quién fue el primer presidente de la República Popular China?;Mao Zedong;Liu Shaoqi;Dong Biwu;Li Xiannian
Medio;Entretenimiento: Cine;"En la película ""Réquiem por un sueño"", ¿a qué droga se vuelve adicto el personaje de Jared Leto?";Heroína;Cocaína;Marihuana;Oxicodona
Medio;Entretenimiento: Anime y Manga japonés;"En ""Toriko"", ¿cuál de los siguientes Reyes Celestiales tiene un sentido del Oído mejorado?";Zebra;Coco;Sunny;Toriko
Medio;Geografía;¿Broome es una ciudad en qué estado de Australia?;Australia Occidental;Territorio del Norte;Australia Meridional;Tasmania
Medio;Historia;¿En qué año ocurrieron el terremoto y tsunami del Boxing Day en el Océano Índico?;2004;2006;2008;2002
Medio;Ciencia: Informática;¿.rs es el dominio de primer nivel para qué país?;Serbia;Rumanía;Rusia;Ruanda
Medio;Deportes;¿Qué país acogió los Juegos Olímpicos de Invierno de 2014?;Rusia;Canadá;Estados Unidos;Alemania
Medio;Entretenimiento: Cine;"En la película de 1984 ""Terminator"", ¿qué número de modelo es el Terminator interpretado por Arnold Schwarzenegger?";T-800;I-950;T-888;T-1000
Medio;Geografía;¿En qué continente se encuentra el país de Angola?;África;Sudamérica;Europa;Asia
Medio;Entretenimiento: Videojuegos;"¿En qué ciudad nació Seamus ""Sledge"" Cowden de ""Tom Clancy's Rainbow Six Siege""?";John O'Groats;Pelea;Kearvaig;Talmine
Medio;Entretenimiento: Videojuegos;"¿Qué fase estaba prevista para formar parte de ""Sonic the Hedgehog 2"", pero fue descartada durante el desarrollo?";Zona de la Ciudad Genocidio;Zona del Circuito Stardust;Zona Sky High;Zona Mecánica
Medio;Entretenimiento: Cine;"En la película de 2002 ""Kung Pow! Entra el Puño"", ¿por qué Wimp Lo fue entrenado mal a propósito?";Como broma;Por hacer trampas;Venganza;Para ponerle a prueba
Medio;Entretenimiento: Videojuegos;¿Cuál de estos NO es el nombre de un líder de equipo en Pokémon GO?;Leif;Blanche;Chispa;Candela
Medio;Entretenimiento: Cómics;En Black Hammer, ¿por qué dimensión viaja el Coronel Estrangero?;Para-Zona;Hiperespacio;Universo Espejo;Zona Fantasma
Medio;Celebridades;¿En qué año fue absuelto O.J. Simpson de sus cargos de asesinato?;1995;1992;1996;1991
Medio;Entretenimiento: Cine;¿Qué exactor de Star Trek dirigió Tres hombres y un bebé (1987)?;Leonard Nimoy;William Shatner;George Takei;James Doohan
Medio;Ciencia: Matemáticas;¿Cuál es la derivada de sin(x);cos(x);CSC(X);-cos(x);-sin(x)
Medio;Entretenimiento: Cine;"¿Quién proporcionó la mayoría de las canciones y letras de ""Spirit: Stallion of the Cimarron""?";Bryan Adams;Boca Rompida;Oasis;Suministro de aire
Medio;Deportes;¿Quién ganó la Super Bowl de la NFL LI? (51);Patriots;Halcones;Broncos;Eagles
Medio;Entretenimiento: Anime y Manga japonés;¿Cuál de los siguientes mangas tiene más volúmenes de tankouban?;Golgo 13;La extraña aventura de JoJo;Detective Conan;One Piece
Medio;Geografía;¿Qué altura tiene el One World Trade Center en Nueva York?;1.776 pies;1;888 pies;1
Medio;Deportes;¿Qué jugador de dardos ha ganado más títulos del mundo?;Phil Taylor;Michael van Gerwen;Raymond van Barneveld;Eric Bristow
Medio;Entretenimiento: Videojuegos;"¿Qué no es una raza jugable en ""Final Fantasy XIV: A Realm Reborn""?";Hume;Miqo'te;Lalafell;Roegadyn
Medio;Ciencia: Informática;¿Cuántos bytes hay en un solo kibibyte?;1024;2400;1000;1240
Medio;Entretenimiento: Anime y Manga japonés;"En ""JoJo's Bizarre Adventure: Stardust Crusaders"", ¿cuál es el apellido del protagonista Jotaro?";Kujo;Cujoh;Joestar;Higashikata
Medio;Celebridades;Si aún estuviera vivo, ¿en qué año celebraría Elvis Presley su centésimo cumpleaños?;2035;2030;2040;2045
Medio;Entretenimiento: Televisión;¿Qué actor no fue un personaje principal en la serie de televisión Freaks and Geeks?;Jonah Hill;Jason Segel;Seth Rogen;James Franco
Medio;Historia;¿Qué país fue una potencia aliada en la Segunda Guerra Mundial?;Unión Soviética;Italia;Alemania;Japón
Medio;Conocimientos generales;¿El té Earl Grey es té negro con sabor a qué?;Aceite de bergamota;Lavanda;Vainilla;Cariño
Medio;Entretenimiento: Cine;¿En qué película de 1955 interpreta Frank Sinatra a Nathan Detroit?;Chicos y Muñecos;Anclas Aweigh;De aquí a la eternidad;Alta sociedad
Medio;Entretenimiento: Videojuegos;"En el MMO RPG ""Realm of the Mad God"", ¿qué clase es conocida por tener la mayor defensa posible?";El Caballero;El Mago;El Arquero;El Guerrero
Medio;Entretenimiento: Música;¿Cuántos álbumes de estudio ha lanzado la banda de heavy metal 'Metallica' en el periodo entre 1983 y 2016?;10;7;9;12
Medio;Entretenimiento: Dibujos animados y animaciones;"¿En qué año se estrenó la película de Disney ""Una película de tontos""?";1995;1999;2001;1997
Medio;Ciencia y Naturaleza;¿En qué misión se desintegró el transbordador espacial Columbia al reentrar?;STS-107;STS-51-L;STS-61-C;STS-109
Medio;Ciencia: Matemáticas;¿Qué letra griega se usa para significar la suma?;Sigma;Delta;Alfa;Omega
Medio;Entretenimiento: Videojuegos;¿Cuál de estos NO es el nombre de un mapa jugable en PUBG: Battlegrounds?;Orinocco;Miramar;Sanhok;Vikendi
Medio;Entretenimiento: Televisión;"En la serie ""The Office"", con quién acaba Michael Scott?";Holly Flax;Angela Martin;Jan Levinson;Pam Beesly
Medio;Entretenimiento: Videojuegos;¿En qué estado de EE. UU. se encuentra el escenario ficticio de Far Cry 5, 'Hope County'?;Montana;Idaho;Wyoming;Carolina del Norte
Medio;Ciencia: Matemáticas;¿Cuántos ceros hay en un googol?;100;10;1;0
Medio;Entretenimiento: Anime y Manga japonés;¿Qué deporte se juega en el Anime Eyeshield 21?;Fútbol americano;Béisbol;Fútbol americano;Baloncesto
Medio;Entretenimiento: Música;"El músico irlandés Hozier lanzó una canción en 2013 titulada ""Take Me to ______""";Iglesia;Mezquita;Sinagoga;Templo
Medio;Entretenimiento: Televisión;"En ""Star Trek"", ¿qué es el ritual de muerte klingon?";Mira al cielo y grita fuerte de luto.;Besa la frente irregular antes del entierro.;Disparar al espacio en una casquilla de torpedo.;Divide las ganancias del difunto entre sangre de sangre.
Medio;Ciencia y Naturaleza;¿Cuál fue la primera criatura viva en el espacio?;Moscas de la fruta;Mono;Perro;Mouse
Medio;Entretenimiento: Videojuegos;"En ""FTL: Más rápido que la luz"", ¿cuántas razas hay, incluidos los Lanius?";8;9;7;10
Medio;Entretenimiento: Música;"¿Cuál es el nombre del personaje principal del videoclip de ""Shelter"" de Porter Robinson y A-1 Studios?";Rin;Rem;Ren;Ram
Medio;Entretenimiento: Videojuegos;¿Quién fue el principal antagonista de Max Payne 3 (2012)?;Victor Branco;Álvaro Neves;Armando Becker;Milo Rego
Medio;Entretenimiento: Videojuegos;¿Cuál de estos mapas de Counter-Strike es un escenario de desactivación de bombas?;Prodigio;747;La Habana;Plataforma petrolífera
Medio;Entretenimiento: Videojuegos;¿Cuál de los siguientes juegos tiene más personajes jugables?;Timesplitters: Futuro Perfecto;Mortal Kombat: Armageddon;Marvel Vs. Capcom 2;Dragon Ball Z: Budokai Tenkaichi 3
Medio;Entretenimiento: Música;¿En qué año nació Taylor Swift?;1989;1988;1987;1990
Medio;Entretenimiento: Televisión;"¿Cómo se llamaba el mono mascota de Ross en ""Friends""?";Marcel;Jojo;George;Campeón
Medio;Conocimientos generales;¿Cuál es la unidad monetaria en Laos?;Kip;Rublo;Konra;Dólar
Medio;Historia;¿Qué inventor británico inventó la sembradora?;Jethro Tull;Charles Babbage;Isaac Newton;J.J. Thomson
Medio;Historia;¿Quién se cree que fue el primer europeo en 'descubrir' la tierra de Nueva Zelanda?;Abel Tasman;Cristóbal Colón;Jeanne Baré;John Cabot
Medio;Entretenimiento: Música;"¿""Lift Your Spirit"" es un álbum de qué artista?";Aloe Blacc;Lena Meyer-Landrut;Stevie Wonder;Taylor Swift
Medio;Entretenimiento: Videojuegos;¿Cuándo se lanzó la Sega Genesis en Japón?;32445;14 de agosto;1989;30 de noviembre
Medio;Entretenimiento: Música;"¿Qué músico hizo la canción ""F**kin' Perfect"" en 2010?";P!nk;Mitis;Adam Lambert;Koven
Medio;Geografía;¿Cuál de estos países limita con Polonia?;Lituania;Francia;Noruega;Países Bajos
Medio;Entretenimiento: Música;¿Cuál fue el lugar de nacimiento del artista musical 'Sir Robert Bryson Hall II' (también conocido como ¿Lógica)?;Maryland, Estados Unidos;Atlanta;Estados Unidos;Londres
Medio;Ciencia y Naturaleza;"¿Qué desierto es el único en el mundo donde el cactus ""Saguaro"" crece de forma autóctona?";El desierto de Sonora;El desierto del Gobi;El desierto de Yuma;El desierto arábigo
Medio;Geografía;¿Cuál es el lago más grande del continente africano?;Lago Victoria;Lago Tanganica;Lago Malawi;Lago Turkana
Medio;Entretenimiento: Videojuegos;"¿Cuál es el nombre del primer jefe que el jugador encuentra en el juego de 2017, ""Little Nightmares""?";El Conserje;El Alcaide;El Cuidador;El Supervisor
Medio;Geografía;¿Qué país dentro del Reino Unido NO aparece en su bandera, la Union Jack?;Gales;Escocia;Irlanda;Isla de Wight
Medio;Historia;¿Qué país atacó el USS Liberty el 8 de junio de 1967?;Israel;Siria;Arabia Saudí;Irán
Medio;Vehículos;¿Cuál de ellas NO es la función del aceite de motor en los motores de los coches?;Combustión;Lubricación;Refrigeración;Reducir la corrosión
Medio;Entretenimiento: Videojuegos;En Portal 2, ¿qué cuerpo del sistema solar acabó orbitando Wheatley?;La luna;Tierra;Júpiter;Marte
Medio;Entretenimiento: Cine;"En la película de 1994 ""Speed"", ¿cuál es la velocidad mínima a la que debe ir el autobús para evitar que explote una bomba?";50 mph;60 mph;40 mph;70 mph
Medio;Entretenimiento: Videojuegos;"¿Cuál es la ventaja que se introdujo en el mapa ""Call Of Duty: Zombies"", ""Mob Of The Dead""?";Electric Cherry;Revivificación rápida;Ayuda Buitre;Lápida
Medio;Entretenimiento: Cine;¿Cuál de los siguientes villanos de James Bond no está afiliado a la organización SPECTRE?;Auric Goldfinger;Dr. Julius No;Rosa Klebb;Emilio Largo
Medio;Entretenimiento: Videojuegos;En los años 80, un servicio llamado Gameline permitía a los usuarios descargar juegos en qué consola.;Atari 2600;Sega Genesis;Nintendo Entertainment System;ColecoVision
Medio;Entretenimiento: Cine;"¿Qué ciudad atacó el monstruo en la película ""Cloverfield""?";Nueva York, Nueva York;Las Vegas;Nevada;Chicago
Medio;Deportes;¿Quién es considerado el mejor futbolista rumano de todos los tiempos?;Gheorghe Hagi;Cristian Chivu;Nicolae Dobrin;Gheorghe Popescu
Medio;Entretenimiento: Cine;¿Qué película destronó Avatar, de James Cameron, como la película más taquillera de la historia?;Titanic;Guerra de las galaxias;Lo que el viento se llevó;Jaws
Medio;Geografía;¿En qué continente está el país de Lesoto?;África;Asia;Sudamérica;Europa
Medio;Entretenimiento: Videojuegos;"¿Cuál de estos no es un personaje en el juego ""Lethal League""?";Rex;Cambio;Candyman;Sonata
Medio;Deportes;"La canción ""Three Lions"" de los Lightning Seeds se hizo para qué gran evento de fútbol americano en 1996?";Campeonatos Europeos;Copa del Mundo;Liga de Campeones;Copa Confederaciones
Medio;Ciencia y Naturaleza;¿De qué están hechas las uñas humanas?;Queratina;Bone;Quitina;Calcio
Medio;Ciencia y Naturaleza;¿Qué representa el diamante amarillo en el diamante de fuego NFPA 704?;Reactividad;Salud;Inflamabilidad;Radiactividad
Medio;Ciencia y Naturaleza;¿Cuál es la fórmula molecular del componente activo de los chiles (Capsaicina)?;C18H27NO3;C21H23NO3;C6H4Cl2;C13H25NO4
Medio;Mitología;¿Cómo se llama el dios griego de los herreros?;Hefesto;Dyntos;Vulcano;Artagato
Medio;Historia;¿Cuál de los siguientes países fue el primero en enviar un objeto al espacio?;Alemania;EE. UU.;Rusia;China
Medio;Entretenimiento: Videojuegos;El título de survival horror de Capcom, Dead Rising, empieza canónicamente en qué día de septiembre de 2006?;19 de septiembre;21 de septiembre;30 de septiembre;14 de septiembre
Medio;Entretenimiento: Música;"¿Cuáles de estas canciones de Queen fueron sampleadas para la línea base en ""Ice's Ice Ice Baby"" de Vanilla?";Bajo presión;No me detengas ahora;Brighton Rock;Descansando un domingo por la tarde
Medio;Entretenimiento: Música;¿Cuál fue la fecha de lanzamiento del álbum de They Might Be Giants, 'Mink Car'?;11 de septiembre de 2001;17 de abril;2003;4 de noviembre
Medio;Entretenimiento: Música;"¿Cuál de estas bandas fue artista destacada en el álbum de 2017 del rapero de Compton Kendrick Lamar, ""DAMN""?";U2;Radiohead;Coldplay;Bon Jovi
Medio;Geografía;¿Cuál es el río más largo del mundo?;Nilo;Misuri;Amazon;Yangtsé
Medio;Deportes;¿Quién ganó el Gran Premio de San Marino de 1994, la carrera en la que murió Ayrton Senna?;Michael Schumacher;Nicola Larini;Gerhard Berger;Mika Häkkinen
Medio;Entretenimiento: Libros;"El libro ""El Principito"" fue escrito por...";Antoine de Saint-Exupéry;Miguel de Cervantes Saavedra;Jane Austen;F. Scott Fitzgerald
Medio;Celebridades;¿Dónde nació Kanye West?;Atlanta, Georgia;Chicago;Illinois;Los Ángeles
Medio;Entretenimiento: Videojuegos;¿Cuál es el castigo por jugar a Postal 2 en Nueva Zelanda?;10 años de prisión y una multa de 50.000 dólares;Multa de 5 dólares;0;Nada
Medio;Entretenimiento: Música;"¿Cuál de estas canciones no está en el álbum ""sin título"" de Led Zeppelin?";Día de la Celebración;Escalera al cielo;Perro Negro;Rock and Roll
Medio;Ciencia y Naturaleza;¿Cuál es el término médico para el nivel bajo de azúcar en sangre?;Hipoglucemia;Hipotiroidismo;Hipotermia;Hipoxia
Medio;Entretenimiento: Videojuegos;En Need for Speed: Underground, ¿qué coche conduce Eddie?;Nissan Skyline GT-R (R34);Mazda RX-7 FD3S;Acura Integra Tipo R;Subaru Impreza 2.5 RS
Medio;Entretenimiento: Videojuegos;"¿Quién era la mascota de SEGA antes de ""Sonic the Hedgehog""?";Alex Kidd;Opa Opa;Noches;Ristar
Medio;Entretenimiento: Videojuegos;¿En qué año se lanzó el juego original de Sonic the Hedgehog?;1991;1989;1993;1995
Medio;Entretenimiento: Videojuegos;¿Cuáles de estas franquicias de juegos fueron creadas por Namco?;Tekken;Street Fighter;Mortal Kombat;Dragon Quest
Medio;Entretenimiento: Videojuegos;"¿La tarta que aparece en la franquicia ""Portal"" de Valve se parece más a qué tipo real de tarta se parece más?";Selva Negra;Comida del Diablo;Chocolate fundido;Chocolate alemán
Medio;Ciencia y Naturaleza;Junto con el oxígeno, ¿qué elemento es el principal responsable de que el cielo parezca azul?;Nitrógeno;Helio;Carbono;Hidrógeno
Medio;Mitología;El nombre griego de Neptuno era...;Poseidón;Ares;Zeus;Apollo
Medio;Entretenimiento: Cine;"¿Quién interpretó al Cenobita llamado ""Pinhead"" en las películas originales de Hellraiser?";Doug Bradley;Doug Jones;Doug Savant;Doug Benson
Medio;Entretenimiento: Dibujos animados y animaciones;"¿Cómo se llama el perro de Sid en ""Toy Story""?";Scud;Buster;Bigotes;Señor Jones
Medio;Entretenimiento: Videojuegos;¿Cuál fue el primer juego de Super Mario lanzado en Norteamérica para la 3DS?;Super Mario 3D Land;Super Mario Maker;Nuevo Super Mario Bros. 2;Mario Kart 7
Medio;Ciencia y Naturaleza;"¿La ""Tibia"" se encuentra en qué parte del cuerpo?";Tramo;Brazo;Mano;Cabeza
Medio;Conocimientos generales;¿All Souls y Merton son colegios constituyentes de qué universidad?;Oxford;Cambridge;Manchester;Leeds
Medio;Historia;En relación con la ocupación británica en Irlanda, ¿qué representa el IRA?;Ejército Republicano Irlandés;Alianza Rebelde Irlandesa;Ejército de la Reforma Irlandesa;Alianza Irlandés-Real
Medio;Animales;¿De qué color/color es la piel de un oso polar?;Negro;Blanco;Rosa;Verde
Medio;Entretenimiento: Videojuegos;¿Qué ciudad estadounidense apareció en el juego de PC de 1999 Midtown Madness?;Chicago;Washington D.C.;San Francisco;Nueva York
Medio;Entretenimiento: Videojuegos;"El protagonista del juego ""Cave Story"" se llama";Cita;Kazuma;Rizado;Arthur
Medio;Conocimientos generales;¿Cuál es la última letra del alfabeto griego?;Omega;Mu;Epsilon;Kappa
Medio;Ciencia y Naturaleza;¿Cuántos dientes tiene la boca adulta media (excepto las muelas del juicio)?;32;36;20;28
Medio;Ciencia y Naturaleza;¿Cuándo se clonó con éxito el primer mamífero?;1996;2009;1999;1985
Medio;Entretenimiento: Cómics;¿Quién creó a Ultron de la Tierra-616?;Henry Pym;Amadeus Cho;Tony Stark;Reed Richards
Medio;Conocimientos generales;¿La estación Amsterdam Centraal está hermanada con qué estación?;Londres Liverpool Street;Estación central de Frankfurt (Meno);París Gare du Nord;Bruselas Midi
Medio;Entretenimiento: Videojuegos;"Las paredes del Gimnasio de Ciudad Vara en ""Pokémon Oro y Plata"" están dispuestas con la forma de qué Pokémon?";Clefairy;Bulbasaur;Pikachu;Pidgey
Medio;Entretenimiento: Dibujos animados y animaciones;¿Qué tipo de personajes se conocen Bugs Bunny, Tony el Tigre y otros animales bípedos?;Antropomórfico;Antropólega;Antropología;Antropética
Medio;Entretenimiento: Música;El artista afroamericano Sammy Davis Jr. era conocido por perder qué parte de su cuerpo en un accidente de coche.;Ojo izquierdo;Oreja derecha;Dedo corazón derecho;Nariz
Medio;Entretenimiento: Cine;"¿Quién interpretó al Barón Victor Frankestein en la película de terror de Hammer de 1957 ""La maldición de Frankenstein""?";Peter Cushing;Boris Karloff;Vincent Price;Lon Chaney Jr.
Medio;Entretenimiento: Música;"¿Qué artista musical hizo las canciones ""Heart"", ""It's a Sin"" y ""West End Girls""?";Chicos de la tienda de mascotas;La Liga Humana;Nuevo Orden;Ultravox
Medio;Geografía;¿Qué tramo de agua conecta el océano Atlántico con el mar Mediterráneo?;Estrecho de Gibraltar;Camino de Gibraltar;Estrecho español;Channelle de Tangiers
Medio;Entretenimiento: Anime y Manga japonés;¿Qué anime NO dirigió Seiji Kishi?;Otro;La humanidad ha decaído;Aula de Asesinatos;Danganronpa: La animación
Medio;Entretenimiento: Videojuegos;En la serie Pokémon, ¿qué tipo es Sudowoodo, el Pokémon Imitación?;Rock;Césped;Bug;Campo
Medio;Entretenimiento: Música;¿Quién tuvo un éxito en 1976 con la canción 'You Make Me Feel Like Dancing'?;Leo Sayer;Elton John;Billy Joel;Andy Gibb
Medio;Entretenimiento: Videojuegos;"¿Cuál de estos operadores de ""Tom Clancy's Rainbow Six Siege"" tiene la capacidad de dañar muros reforzados?";"Rastro de Jordan ""Thermite""";"Eliza ""Ash"" Cohen";"Seamus ""Sledge"" Cowden";"Dominic ""Bandit"" Brunsmeier"
Medio;Entretenimiento: Videojuegos;En la serie de juegos Portal, ¿quién fue el fundador de Aperture Science?;Cave Johnson;GLaDOs;Wallace Breen;Gordon Freeman
Medio;Historia;¿Cuál fue el nombre del primer asentamiento inglés permanente en América?;Jamestown;Nueva York;San Juan;Plymouth
Medio;Entretenimiento: Cómics;¿Cuál es la debilidad de los vampiros americanos (American Vampire de Scott Snyder)?;Oro;Luz solar;Madera;Plata
Medio;Ciencia y Naturaleza;¿Qué parte del cuerpo afecta el glaucoma?;Ojos;Garganta;Estómago;Sangre
Medio;Entretenimiento: Anime y Manga japonés;"En ""Toriko"", ¿cuál de los siguientes alimentos es conscientemente compatible con Toriko?";Patata Venenosa;Mors Oil;Alpacookie;Fruta Parmesansho
Medio;Historia;¿Quién fue el líder de Suecia en la Gran Guerra del Norte?;Carlos XII;Per Albin Hansson;Pedro el Grande;Gustavo Adolfo
Medio;Historia;¿Qué casino de Las Vegas fue construido y gestionado originalmente por el mafioso Bugsy Siegel?;El Flamenco;El MGM Grand;Las Arenas;El Sahara
Medio;Conocimientos generales;¿Cuál de los cereales monstruosos de General Mills Corporation fue el último en lanzarse en los años 70?;Bruto de la fruta;Conde Chocula;Franken Berry;Boo-Berry
Medio;Historia;¿Cómo se llamaba la invasión planeada de Japón hacia el final de la Segunda Guerra Mundial?;Operación Caída;Operación Equipo de Abordaje;Operación Acorazado;Operación Aflame
Medio;Entretenimiento: Música;¿En qué año publicó la banda estadounidense Weezer Weezer (The White Album)?;2016;2001;2008;2019
Medio;Entretenimiento: Libros;¿Cuál era el seudónimo de la novelista Mary Ann Evans?;George Eliot;George Orwell;George Bernard Shaw;George Saunders
Medio;Geografía;¿Cuál es la isla no continental más grande del mundo?;Groenlandia;Nueva Guinea;Borneo;Madagascar
Medio;Animales;"¿Por qué motivo ""reíría"" una hiena moteada?";Nerviosismo;Emoción;Agresividad;Agotamiento
Medio;Entretenimiento: Cine;"¿Qué canción de Queen suena durante la escena final de la pelea de la película ""Hardcore Henry""?";No me detengas ahora;Brighton Rock;Otro muerde el polvo;Te vamos a rockear
Medio;Entretenimiento: Cine;"En la película de 1971 ""Willy Wonka y la fábrica de chocolate"", ¿quién interpretó a Willy Wonka?";Gene Wilder;Shia LeBouf;Peter Ostrum;Johnny Depp
Medio;Entretenimiento: Cómics;¿Cuál es el nombre del personaje principal en el webcómic Gunnerkrigg Court de Tom Siddell?;Antimonio;Bismuto;Mercurio;Cobalto
Medio;Entretenimiento: Videojuegos;"En ""Resident Evil 2"", ¿cuál es el segundo nombre de Leon Kennedy?";Scott;Shaun;Simon;Sam
Medio;Historia;"¿Quién acuñó famosamente la frase ""Pienso, por lo tanto existo""?";Descartes;Platón;Aristóteles;Shakespeare
Medio;Entretenimiento: Televisión;¿Cómo se llama el caballo de carreras al que Tony Soprano se encariña?;Pie-o-My;Buque de guerra;Bada Bing;Beneficios honestos
Medio;Entretenimiento: Música;"¿Quién grabó el álbum llamado ""Down to the Moon"" en 1986?";Andreas Vollenweider;Jean-Michel Jarre;Bing Crosby;Enya
Medio;Política;¿Cuáles son los nombres de pila de la primera pareja padre e hijo que fueron ambos primeros ministros de Canadá?;Justin y Pierre;Juan y Luis;Brian y Justin;Brian y Pierre
Medio;Historia;"¿En qué año lanzó Skoal, una empresa de tabaco sin humo, su primera línea de bolsas, conocidas como ""Skoal Bandits""?";1983;1934;1984;1822
Medio;Entretenimiento: Videojuegos;Según la historia de Overwatch, ¿quién fue miembro de la Banda Deadlock?;McCree;Roadhog;Soldado 76;Junkrat
Medio;Entretenimiento: Cine;"¿Quién interpreta a ""Bruce Wayne"" en la película de 2008 ""El caballero oscuro""?";Christian Bale;Michael Caine;Ron Dean;Heath Ledger
Medio;Conocimientos generales;"¿Qué es un ""dakimakura""?";Una almohada corporal;Una comida china;Compuesto esencialmente por peces;Una postura de yoga
Medio;Entretenimiento: Videojuegos;¿Cuándo se estrenó el Star Wars: Battlefront II original?;38656;18 de diciembre;2004;21 de noviembre
Medio;Historia;¿Joseph Smith fue el fundador de qué religión?;Mormonismo;Budismo;Cristianismo;Hinduismo
Medio;Entretenimiento: Televisión;"En la serie de televisión ""Person of Interest"", ¿quién interpreta al personaje ""Harold Finch""?";Michael Emerson;Jim Caviezel;Taraji P. Henson;Kevin Chapman
Medio;Entretenimiento: Televisión;"¿Quién cofundó el canal Let's Play de YouTube ""Game Grumps"" junto al animador de Newgrounds, Egoraptor?";JonTron;Pewdiepie;Tobuscus;Markiplier
Medio;Geografía;¿Cuál es la capital del estado de Dakota del Sur?;Pierre;Cataratas Sioux;Ciudad Rápida;Watertown
Medio;Ciencia: Gadgets;"¿Cómo separa&nbsp;una centrífuga partículas pesadas y ligeras?";Hilado;Vibración;Tamizado;Ionizante
Medio;Historia;¿Cuántos años tenía Lyndon B. Johnson cuando asumió el cargo de presidente de los Estados Unidos?;55;50;60;54
Medio;Conocimientos generales;¿Cuál era el destino del vuelo MH370 desaparecido?;Pekín;Kuala Lumpur;Singapur;Tokio
Medio;Entretenimiento: Videojuegos;¿Cuál de estos juegos no se lanzó en 2016?;Metal Gear Solid V;La división de Tom Clancy.;Planta 2 de la Muerte;Hitman
Medio;Animales;¿Cómo se llama una abeja macho que proviene de un huevo no fecundado?;Dron;Soldado;Trabajador;Masculino
Medio;Geografía;¿Cuál es el primer Parque Nacional designado en Estados Unidos?;Yellowstone;Sequoia;Yosemite;Montañas Rocosas
Medio;Geografía;¿Cuál es la capital de Bielorrusia?;Minsk;Varsovia;Kiev;Vilna
Medio;Mitología;¿Con qué animal durmió la reina Pasipahe antes de dar a luz al Minotauro en la mitología griega?;Toro;Cerdo;Ox;Caballo
Medio;Conocimientos generales;¿Qué carácter se consideraba en su día la vigésima séptima letra del alfabeto?;Ampersand;Interrobang;Tilde;Pilcrow
Medio;Política;En la historia de Estados Unidos, ¿cuántos vicepresidentes tuvo Franklin D. Roosevelt durante su mandato como presidente?;3;1;2;0
Medio;Entretenimiento: Juegos de mesa;Europa Universalis es un videojuego de estrategia basado en qué juego de mesa francés?;Europa Universalis;Europa y el Universo;¡Europa!;Poder en Europa
Medio;Entretenimiento: Videojuegos;En Portal 2, el icónico personaje GLaDOS se convierte en:;Una patata;Un tomate;Un limón;Una manzana
Medio;Entretenimiento: Música;"La composición musical de 1952 4'33"", compuesta por el prolífico compositor estadounidense John Cage, está compuesta principalmente por qué sonido?";Silencio;Pedos;Gente hablando;El grillo pia
Medio;Entretenimiento: Videojuegos;En WarioWare: Smooth Moves, ¿cuál de estos NO es una Forma?;El Estrella;El Descarte;El elefante;Los Mohawk
Medio;Entretenimiento: Videojuegos;En Kingdom Hearts, ¿cuál de las siguientes personas NO puede empuñar una llave espada?;Larxene;Xehanort;Lea;Mickey
Medio;Entretenimiento: Televisión;"¿Cuál de los siguientes no fue actor o actriz en la serie estadounidense ""Saturday Night Live"" en la temporada 42?";Tina Fey;Mikey Day;Kate McKinnon;Sasheer Zamata
Medio;Arte;¿Quién pintó el mural épico Guernica?;Pablo Picasso;Francisco Goya;Leonardo da Vinci;Henri Matisse
Medio;Conocimientos generales;¿Cuál es la característica definitoria de alguien que se describe como peludo?;Peludo;Qué grosero;Gracioso;Alto
Medio;Historia;¿Cuál era la capital de Vietnam del Sur antes de la Guerra de Vietnam?;Saigón;Ciudad Ho Chi Minh;Hanói;Hue
Medio;Entretenimiento: Videojuegos;"¿Cuál de estas naciones se añadió a Civilization V con la expansión ""Dioses y Reyes""?";Los Países Bajos;Los zulúes;Los otomanos;El Kongo
Medio;Entretenimiento: Videojuegos;"Quién creó la bomba ""F.L.U.D.D.D."" ¿Lo usa Mario en Super Mario Sunshine?";Elvin Gadd;Robert Fludd;Nirona;Crygor
Medio;Geografía;¿En qué país se encuentran las localidades de Brugelette, Arlon y Ath?;Bélgica;Andorra;Francia;Luxemburgo
Medio;Historia;¿Cuál de los siguientes presidentes de los Estados Unidos fue asesinado?;William McKinley;Lyndon Johnson;Chester Arthur;Franklin Roosevelt
Medio;Ciencia: Informática;¿Cuál es el nombre del tema predeterminado que se instala con Windows XP?;Luna;Neptuno;Whistler;Felicidad
Medio;Entretenimiento: Videojuegos;"¿Cuál es la frase famosa que dice Vaas en ""Far Cry 3""?";¿Alguna vez te he dicho la definición de locura?;¿He fallado en entretenerte?;¡Eres mi zorra!;Quizá sea tu mejor opción... sería andar con cautela.
Medio;Entretenimiento: Música;"La canción ""Feel Good Inc."" de la banda británica Gorillaz incluye a qué grupo de hip hop?";De La Soul;Enemigo Público;OutKast;Colina Cypress
Medio;Entretenimiento: Videojuegos;¿Qué compañía de videojuegos desarrolló el juego Rage 2 de 2019?;Estudios Avalanche;Bethesda Game Studios;Infinity Ward;Software de la caja de cambios
Medio;Mitología;El hipogrifo, que no debe confundirse con el grifo, es una criatura mágica con la mitad delantera de un águila, ¿y la mitad trasera de qué?;Un caballo;Un dragón;Un tigre;Un león
Medio;Entretenimiento: Dibujos animados y animaciones;"¿Qué cantante puso voz a la Mother Brain de Metroid en la serie animada ""Captain N: The Game Master""?";Levi Stubbs;Freddie Mercury;Janet Jackson;Joan Jett
Medio;Ciencia: Matemáticas;"¿Cuáles son los primeros 6 dígitos del número ""Pi""?";3,14159;314.169;312.423;325.812
Medio;Entretenimiento: Musicales y teatros;¿En qué obra shakesperiana encontrarás el suicidio de Ofelia?;Hamlet;Macbeth;Otelo;Rey Lear
Medio;Entretenimiento: Música;La gira 'In the Flesh' se utilizó para promocionar qué álbum de Pink Floyd?;Animales;El Muro;Ojalá estuvieras aquí;El corte final
Medio;Entretenimiento: Videojuegos;¿Cuál de estos NO es un personaje del videojuego Overwatch?;Garen;Reaper;Hana Song;Trazador
Medio;Ciencia y Naturaleza;Tetsuya Fujita fue un científico que desarrolló la escala para qué desastre natural?;Tornados;Huracanes;Terremotos;Volcanes
Medio;Conocimientos generales;¿Qué prenda suele llevar un escocés en una boda?;Kilt;Falda;Vestimenta;Rhobes
Medio;Geografía;En la encuesta del Índice Global de Paz de 2016, de 163 países, ¿cuál fue la clasificación de Estados Unidos de América?;103;10;59;79
Medio;Geografía;¿En qué país europeo se encuentra la sede de la Organización Mundial de la Salud?;Suiza;Reino Unido;Francia;Bélgica
Medio;Geografía;¿En qué condado inglés está Stonehenge?;Wiltshire;Somerset;Cumbria;Herefordshire
Medio;Historia;La Tsar Bomba, la bomba nuclear más potente jamás probada, tenía un rendimiento de 50 megatones pero, en teoría, un rendimiento máximo de ¿cuánto?;100 megatones;200 megatones;75 megatones;150 megatones
Medio;Historia;¿Quién fue el líder del Partido Comunista de Yugoslavia?;Josip Broz Tito;Karadjordje Petrovic;Milos Obilic;Aleskandar Petrovic
Medio;Ciencia y Naturaleza;¿Qué psicólogo suizo es sinónimo de los conceptos de personalidad introvertida y extrovertida?;Carl Jung;Jean Piaget;Alice Miller;Hermann Rorschach
Medio;Entretenimiento: Cómics;En Marvel Comics, ¿Tauro es el fundador y líder de qué organización criminal?;Zodiaco;Escorpio;Tiger Mafia;La Unión
Medio;Ciencia: Informática;Las impresoras de inyección láser y de inyección de tinta son ejemplos de qué tipo de impresora es esta.;Impresora no de impacto;Impresora de impacto;Impresora Daisywheel;Impresora de matriz de puntos
Medio;Entretenimiento: Cine;"En la película ""John Wick"", ¿por qué John Wick sale de su jubilación?";Su cachorro es asesinado y le roban el coche;Le dieron un puñetazo en la cara;Le han atracado;Necesitaba dinero
Medio;Entretenimiento: Videojuegos;"En ""Super Mario World 2: La Isla de Yoshi"", ¿cuál de estos colores NO está representado por un Yoshi?";Blanco;Morado;Brown;Rojo
Medio;Mitología;"El dios nórdico Odín tiene dos cuervos mascotas llamados ""Huginn"" y ""Muninn"".  ¿Qué significan sus nombres?";Pensamiento y memoria;Poder y Paz;Guerra y aprendizaje;Dormir y despertar
Medio;Entretenimiento: Videojuegos;"¿Cuál de estas armas NO está disponible para el equipo terrorista en el juego ""Counter-Strike: Global Offensive""?";SCAR-20;SG 550;CZ-75;XM1014
Medio;Historia;Tras su derrota en la Batalla de Waterloo, ¿Napoleón Bonaparte fue exiliado a qué isla?;Santa Elena;Elba;Córcega;Canario
Medio;Entretenimiento: Videojuegos;"¿Qué compañía hizo el RPG japonés ""Dragon Quest""?";Square Enix;Capcom;Konami;Ventisca
Medio;Entretenimiento: Videojuegos;"En ""Call Of Duty: Zombies"", completar el huevo de pascua principal de qué mapa te recompensará con el logro ""Pequeña Niña Perdida""?";Orígenes;Revelaciones;Luna;Tranzit
Medio;Geografía;¿Cuál es la mayor de estas 4 islas?;Borneo;Gran Bretaña;Cuba;Madagascar
Medio;Entretenimiento: Videojuegos;En Splatoon, ¿cuál es la edad en la que los inklings pueden cambiar libremente entre formas de calamar y humanoides?;14;13;16;10
Medio;Entretenimiento: Música;¿Quién caminaba como un egipcio en 1981?;Las Pulseras;R.E.M.;El Azul Océano;Los Connell
Medio;Entretenimiento: Música;¿Cuál es la firma de tiempo más común en canciones de rock?;46116;01-feb;08-dic;02-abr
Medio;Entretenimiento: Música;¿Cuál de estos es el nombre de una banda estadounidense de rock psicodélico formada en 2002 por Benjamin Goldwasser y Andrew VanWyngarden?;MGMT;MSTRKRFT;STRFKR;SBTRKT
Medio;Deportes;¿Con qué equipo debutó Michael Schumacher en la Fórmula 1 en el Gran Premio de Bélgica de 1991?;Jordan;Benetton;Ferrari;Mercedes
Medio;Entretenimiento: Libros;¿Cuál es el nombre del autor de la serie de libros 'Percy Jackson'?;Rick Riordan;J.K. Rowling;Sandra Bullock;Roald Dahl
Medio;Entretenimiento: Videojuegos;¿Cuántos años tiene Chloe Price en Life is Strange: Before the Storm?;16;24;19;15
Medio;Entretenimiento: Juegos de mesa;Quién fue campeón mundial de ajedrez entre 1894 y 1921;Emanuel Lasker;José Raúl Capablanca;Wilhelm Steinitz;Bobby Fischer
Medio;Geografía;¿Cuántos ríos hay en Arabia Saudí?;0;1;2;3
Medio;Entretenimiento: Anime y Manga japonés;"En la serie de anime ""Full Metal Alchemist"", ¿cuál considera los alquimistas el mayor tabú?";Transmutación humana;Transmutación de plomo en oro;Uso de la alquimia para el crimen;Actuando sin permiso
Medio;Mitología;¿Cuál de las siguientes no es una de las Parcas griegas?;Narciso;Cloto;Atropos;Lachesis
Medio;Entretenimiento: Videojuegos;"¿Cuál de los siguientes colores brillan los ojos de Zombie en el mapa ""Nuketown"" en el modo Zombies de ""Call of Duty: Black Ops II""?";Amarillo y azul;Amarillo y rojo;Rojo y Azul;Azul y Blanco
Medio;Entretenimiento: Música;"¿Qué animal aparece en la portada del álbum del grupo inglés de música electrónica The Prodigy, ""The Fat of the Land""?";Cangrejo;Fox;Elefante;Tiger
Medio;Conocimientos generales;"¿Qué nombre representa la letra ""M"" en el alfabeto fonético de la OTAN?";Mike;Matthew;Mark;Max
Medio;Entretenimiento: Televisión;En Battlestar Galactica (2004), ¿cuál es el nombre del Presidente de las Doce Colonias?;Laura Roslin;William Adama;Tricia Helfer;Harry Stills
Medio;Geografía;¿Dónde se encuentra la antigua ciudad de Petra?;Jordan;Egipto;Israel;Italia
Medio;Ciencia y Naturaleza;¿Gannymedes es la luna más grande de qué planeta?;Júpiter;Urano;Neptuno;Marte
Medio;Entretenimiento: Videojuegos;En Overwatch, ¿cuántos años tiene Reinhardt Wilhelm?;61;59;65;62
Medio;Entretenimiento: Videojuegos;"¿Cuál es el nombre del primer Persona del protagonista en ""Persona 5""?";Arsène;Mara;Izanagi;Sandaphlon
Medio;Entretenimiento: Videojuegos;"¿Cuál era el nombre original de ""Minecraft""?";Juego de la Cueva;Minecraft: Orden de la Piedra;Cavar y construir;Infiniminer
Medio;Deportes;¿Un stimpímetro mide la velocidad de una bola sobre qué superficie?;Green de golf;Campo de fútbol;Jardinero de críquet;Mesa de pinball
Medio;Arte;¿Cuál de estos es el nombre de una marca famosa de marcadores?;Copic;Dopix;Cofijo;Marx
Medio;Entretenimiento: Videojuegos;"¿Quién es la compañía de villanos en ""Stardew Valley""?";Joja Co;Ronin;Imperio;Robotnik Industry
Medio;Entretenimiento: Cómics;En Calvin y Hobbes, ¿cómo se llama el novio de la niñera?;Charlie;Dave;Charles;Nathaniel
Medio;Entretenimiento: Videojuegos;En la historia de World of Warcraft, ¿cuántos hermanos tiene Sylvanas Windrunner?;3;2;4;1
Medio;Historia;¿Cuál de estos países NO formaba parte de la Unión Soviética?;Afganistán;Turkmenistán;Kazajistán;Uzbekistán
Medio;Entretenimiento: Videojuegos;¿Qué funda de CS:GO contiene el Cuchillo Mariposa?;Caso de fuga;Caso Sombra;Caso Vanguard;Esports 2014 Case
Medio;Entretenimiento: Música;"¿Qué artista o grupo consideraba John Lennon ""hijo(s) de los Beatles""?";La Orquesta de Luz Eléctrica de Jeff Lynne;Los Rolling Stones;Pink Floyd;The Who
Medio;Entretenimiento: Televisión;¿Quién fue el rival de Firestorm durante la emisión original de UK Robot Wars?;Ataque de pánico;Razer;Chaos 2;Disco de Hipno
Medio;Entretenimiento: Anime y Manga japonés;"¿Cómo se llama el dispositivo que permite energía infinita en el anime ""Dimension W""?";Bobinas;Cables;Coleccionistas;Tesla
Medio;Entretenimiento: Dibujos animados y animaciones;"¿Cómo se llama el caimán que Los Simpson ""mataron"" en el episodio ""Mata al caimán y corre""?";Capitán Jack;Capitán Jake;Capitán Héctor;Capitán Flynn
Medio;Entretenimiento: Cine;¿En qué película Eddie Murphy intercambia su identidad con Dan Aykroyd?;Lugares de intercambio;Cazafantasmas;Llegando a América;Los Hermanos Blues
Medio;Entretenimiento: Cómics;¿De qué tierra de otro mundo viene Thor?;Asgard;Midgard;Jotunheim;Sovengarde
Medio;Entretenimiento: Televisión;"¿En qué universidad trabajan los personajes de ""La teoría del Big Bang"", el señor Wolowitz y los doctores Cooper, Hofstadter y Koothrappali?";Caltech;UCLA;MIT;UC Berkeley
Medio;Ciencia: Informática;¿Cuál de estos no es un nombre oficial de desarrollo para una versión de Ubuntu?;Mansión Mística;Confiable Tahr;Unicornio Utópico;Astuto Hombre Lobo
Medio;Entretenimiento: Música;¿Cuál de estas no es una canción del álbum Graduation de Kanye West?;Ondas;Me pregunto;Gran Hermano;La Gloria
Medio;Historia;¿Cuál de las siguientes no pertenece a la familia de lenguas indoeuropeas?;Finés;Inglés;Hindi;Ruso
Medio;Entretenimiento: Cómics;El éxito de Swamp Thing, Sandman y otros cómics de estilo similar llevó a la creación de qué nuevo sello en 1993.;Vértigo;Impacto;Nuevo Universo;Círculo Rojo
Medio;Entretenimiento: Anime y Manga japonés;¿Cuál es el nombre de la canción tema de Ryşko Matoi en el anime Kill la Kill?;Antes de que mi cuerpo esté seco;No te pierdas;Hasta que muera;Chupa tu sangre
Medio;Entretenimiento: Videojuegos;¿Qué dos personajes del juego Undertale nunca están en una relación o no tienen familia?;Frisk & Chara;Sans y Papiro;Toriel & Asgore;Alphys & Undyne
Medio;Entretenimiento: Música;¿Cuál fue el álbum debut en solitario de Raekwon the Chefs?;Solo construyó 4 Linx cubanos;Shaolin vs Wu-Tang;El Salvaje;La historia de Lex Diamond
Medio;Conocimientos generales;En un juego estándar de cartas, ¿cuál es el único rey sin bigote?;Corazones;Espadas;Diamantes;Clubes
Medio;Entretenimiento: Videojuegos;En el primer Left 4 Dead, puedes jugar con cualquiera de estos cuatro personajes.;Francis, Bill, Zoey y Louis;Bender;Andrew;Allison
Medio;Entretenimiento: Cine;¿Cuál de estas películas de acción se roda íntegramente en una sola toma?;Victoria;Ip Man 2;El legado Bourne;Léon: El profesional
Medio;Animales;¿El cachemir es la lana de qué tipo de animal?;Cabra;Ovejas;Camello;Llama
Medio;Deportes;¿Cuántos Roland Garros ganó Björn Borg?;6;4;9;2
Medio;Ciencia y Naturaleza;¿Au en la tabla periódica se refiere a qué elemento?;Oro;Plata;Oxígeno;Níquel
Medio;Entretenimiento: Música;Normalmente, ¿cuántas teclas tiene un piano?;88;24;12;96
Medio;Entretenimiento: Libros;En Romance de los Tres Reinos, ¿quién no era miembro del Juramento del Jardín de Durazones?;Zhao Yun;Liu Bei;Guan Yu;Zhang Fei
Medio;Geografía;Todos los siguientes son pueblos/aldeas de la nación insular del Pacífico llamada Kiribati EXCEPTO:;Urutora;Rungata;Londres;Washington
Medio;Entretenimiento: Cine;"En la película británica de 1979 ""Quadrophenia"", ¿cuál es el nombre del protagonista principal?";Jimmy Cooper;Pete Townshend;Franc Roddam;Búnker Archie
Medio;Entretenimiento: Libros;"¿Qué poeta escribió ""La balada de la cárcel de Reading"" mientras estaba encarcelado por ser gay?";Oscar Wilde;Lord Byron;William Blake;Wilfred Owen
Medio;Entretenimiento: Música;¿Cuál de estos NO es un álbum lanzado por The Beatles?;El Muro;Abbey Road;Gira de misterio mágico;Revólver
Medio;Entretenimiento: Música;"""El Genio"" es el nombre original y secundario de qué miembro del Wu-Tang Clan?";GZA;Ghostface Killah;Viejo bastardo sucio;Raekwon el Chef
Medio;Ciencia y Naturaleza;¿Qué parte de la planta de marihuana produce la sustancia psicoactiva conocida como THC?;Flor femenina;Hojas;Flor masculina;Root Ball
Medio;Ciencia y Naturaleza;¿Cuál de estas dos placas es mejor conocida por formar terremotos y tsunamis?;Límites de placas convergentes/corteza oceánica;Fronteras divergentes de placas/Corteza convergente/Oceánica;Límites de placas transformantes/Límites divergentes de placas;Fronteras de corteza oceánica y continental/placas transformantes
Medio;Conocimientos generales;¿De qué país europeo se originó la ensalada de col?;Los Países Bajos;Reino Unido;Dinamarca;Alemania
Medio;Entretenimiento: Música;¿Qué rapero tuvo un álbum que fue doble platino sin colaboraciones?;J. Cole;Kendrick Lamar;Drake;Big Sean
Medio;Historia;¿Cuándo comenzó la Crisis del Siglo III?;235 d.C.;235 a.C.;242 d.C.;210 d.C.
Medio;Entretenimiento: Videojuegos;"En el juego ""Brawlhalla"", ¿qué especie es el personaje Bödvar?";Mitad humano / mitad oso;Un humano;Mitad Lobo / Medio Oso;Mitad tigre / mitad humano
Medio;Entretenimiento: Videojuegos;En el universo de Half-Life 2, ¿cuánto tiempo tardaron los Combine en tomar el control total de la Tierra?;7 horas;3 meses;24 horas;1 semana
Medio;Arte;"¿Qué artista pintó ""La traición de las imágenes"", una pintura de una pipa con la descripción ""esto no es una pipa""?";Magritte;Matisse;Modigliani;Munch
Medio;Deportes;¿Qué piloto de Fórmula 1 fue apodado 'El Profesor'?;Alain Prost;Ayrton Senna;Niki Lauda;Emerson Fittipaldi
Medio;Geografía;"¿Dónde se encuentra el paso elevado de Colchester, también conocido como ""Puente del Hombre Conejito"",";Condado de Fairfax, Virginia;Medford;Oregón;Condado de Braxton
Medio;Entretenimiento: Cine;"En la película de 2002 ""Kung Pow! Entra el Puño"", ¿Master Pain cambia su nombre a qué?";Betty;Sally;Amy;Kitty
Medio;Conocimientos generales;¿Una estatua de Charles Darwin está en qué museo de Londres?;Museo de Historia Natural;Tate;Museo Británico;Museo de Ciencia
Medio;Ciencia: Informática;.at es el dominio de primer nivel para qué país?;Austria;Argentina;Australia;Angola
Medio;Entretenimiento: Videojuegos;"¿Qué animal aparece en ""Bloons TD Battles""?";Monos;Caimanes;Palomas;Lagartos
Medio;Entretenimiento: Música;¿Cuál es el nombre del álbum debut de estudio del productor francés de música electrónica Madeon en 2015?;Aventura;La Ciudad;Ícaro;Cultura popular
Medio;Ciencia: Gadgets;"¿En qué país se fundó la empresa de hardware y software móvil ""Blackberry Limited""?";Canadá;Noruega;Estados Unidos de América;Reino Unido
Medio;Entretenimiento: Libros;"¿Quién escribió el cuento infantil ""La niña de cerillas""?";Hans Christian Andersen;Charles Dickens;Lewis Carroll;Oscar Wilde
Medio;Entretenimiento: Juegos de mesa;¿Quién fue el primer campeón mundial oficial de ajedrez?;Wilhelm Steinitz;José Raúl Capablanca;Emanuel Lasker;Bobby Fischer
Medio;Historia;¿Cuáles de estos tanques del siglo XX fueron diseñados y construidos ANTES que los demás?;Renault FT;M4 Sherman;Panzer IV;Cromwell
Medio;Mitología;Hera es diosa de...;Matrimonio;Agricultura;Mar;Guerra
Medio;Entretenimiento: Anime y Manga japonés;"¿Cuál fue la razón de la prohibición del episodio 35 del anime ""Pokémon Original Series""?";Uso de armas;Imágenes intermitentes;Jynx;Violencia fuerte
Medio;Entretenimiento: Videojuegos;En No Man's Sky (desde la actualización Beyond), ¿qué dos recursos necesitas para fabricar antimateria?;Carbono condensado y metal cromático;Combustible de lanzamiento de naves estelares y carbono condensado;Ferrita y sodio puros;Cristal de tormenta y carcasa de antimateria
Medio;Ciencia: Informática;¿En qué dispositivo de hardware informático está ubicado el chip BIOS?;Placa base;Disco duro;Unidad Central de Procesamiento;Unidad de procesamiento gráfico
Medio;Entretenimiento: Videojuegos;"En ""Call Of Duty: Zombies"", ¿qué mapa incluye el huevo de pascua ""Fly Trap""?";Der Riese;Tranzit;La Llamada de los Muertos;Shi No Numa
Medio;Entretenimiento: Música;¿Qué canción no es de TheFatRat?;Ascenso;Monody;Ganancia inesperada;¡Poder infinito!
Medio;Entretenimiento: Cine;Este tropo se refiere a personajes secundarios que son eliminados para mostrar cómo funciona un monstruo.;Camiseta Roja;Minions;Expendables;Carne de cañón
Medio;Conocimientos generales;De estos cuatro edificios, ¿cuál es el más alto, con una altura de 1.776 pies (541,3 m)?;One World Trade Center, Estados Unidos;Taipéi 101;Taiwán;Torre Willis
Medio;Política;¿Quién era el primer ministro británico al estallar la Segunda Guerra Mundial?;Neville Chamberlain;Clement Attlee;Winston Churchill;Stanley Baldwin
Medio;Entretenimiento: Videojuegos;"¿Quién es el protagonista principal de ""Ace Combat Zero: La Guerra Belkan""?";Cifrado;Mobius 1;Blaze;Pixy
Medio;Política;"¿Qué expresidente de Estados Unidos usó ""Hagamos América Grande de Nuevo"" como su eslogan de campaña antes de la campaña de Donald Trump?";Ronald Reagan;Jimmy Carter;Gerald Ford;Richard Nixon
Medio;Animales;¿Cuál de las siguientes NO es una serpiente venenosa?;Pitón reticulado;Krait malayo;Serpiente marina de vientre amarillo;Mamba negra
Medio;Ciencia: Gadgets;¿Quién patentó una máquina de vapor que producía movimiento rotativo continuo?;James Watt;Nikola Tesla;Albert Einstein;Alessandro Volta
Medio;Entretenimiento: Anime y Manga japonés;"En ""Love Live: School Idol Project"" qué seudónimo usa Kotori Minami en su trabajo como criada?";Minalinsky;Stanoytchev;Kuznetsov;Aqours
Medio;Entretenimiento: Cine;"¿Cómo se llama el perro que interpretó a Toto en la película de 1939 ""El mago de Oz""?";Terry;Tommy;Teddy;Toto
Medio;Ciencia: Matemáticas;"¿Una constante matemática, conocida como ""La Proporción Áurea"", se representa más comúnmente por qué letra griega?";Φ (phi);π (pi);Ψ (psi);Τ (tau)
Medio;Ciencia: Informática;¿Cuál de los siguientes lenguajes se utiliza como lenguaje de scripting en el motor de juegos 3D de Unity?;C#;Java;C++;Objetivo-C
Medio;Entretenimiento: Videojuegos;"¿Cómo se llama la criatura con la que el protagonista se hace amigo en ""El último guardián""?";Trico;Nico;Lobo;Andazi
Medio;Geografía;¿Dónde está situada la Muralla de Adriano?;Carlisle, Inglaterra;Roma;Italia;Alejandría
Medio;Historia;¿La Batalla del Somme en la Primera Guerra Mundial tuvo lugar en qué país?;Francia;Alemania;Italia;Austria
Medio;Entretenimiento: Videojuegos;En Need For Speed: Most Wanted (2005), ¿cuántas personas hay que derrotar en la lista negra?;15;5;10;20
Medio;Entretenimiento: Música;¿Cuál de las siguientes NO es una canción de la serie de álbumes SATURATION de BROCKHAMPTON?;CORDERO;GUAPA;PANTANO;BUMP
Medio;Ciencia: Informática;¿Qué sistema operativo se lanzó primero?;Mac OS;Windows;Linux;OS/2
Medio;Geografía;¿En qué condado inglés encontrarás la Universidad de East Anglia?;Norfolk;Suffolk;Essex;Cambridgeshire
Medio;Ciencia: Informática;¿Cuántos núcleos tiene el Intel i7-6950X?;10;12;8;4
Medio;Historia;¿En qué día invadió Alemania Polonia?;14489;7 de diciembre;1941;22 de junio
Medio;Ciencia y Naturaleza;En la tabla periódica de elementos, ¿cuál es el símbolo de Estaño?;Sn;Ti;Ni;No
Medio;Entretenimiento: Videojuegos;Sin encantamientos, qué pico en minas de Minecraft bloquea más rápido.;Oro;Diamante;Hierro;Obsidiana
Medio;Conocimientos generales;¿Cuáles son los tres Pokémon iniciales disponibles en Pokémon Negro y Blanco?;Snivy, Tepig, Oshawott;Snivy;Fennekin;Froakie
Medio;Animales;"¿Qué significa ""hipopótamo"" y en qué idioma?";Caballo del río (griego);Caballo del río (latín);Cerdo Gordo (griego);Cerdo Gordo (latín)
Medio;Entretenimiento: Televisión;"En ""Star Trek"", ¿cuál es la primera regla de adquisición de los ferengies?";Una vez que tienes su dinero, nunca lo devuelves.;Nunca pongas la amistad por encima del beneficio;La codicia es eterna;Nunca permitas que la familia se interponga en el camino de las oportunidades
Medio;Entretenimiento: Videojuegos;En Minecraft, ¿qué tipos de archivos de sonido se requieren para que los SFX personalizados funcionen en los paquetes de recursos?;.ogg;.wav;.mp3;.clase
Medio;Entretenimiento: Televisión;¿Qué escritor británico escribió tanto para Doctor Who como para Sherlock?;Steven Moffatt;Phil Ford;Russell T Davies;Toby Whithouse
Medio;Ciencia: Gadgets;"¿Qué es el ""Mitsubishi Wakamaru""?";Un robot;Una camioneta;Una motocicleta;Una lancha a motor
Medio;Entretenimiento: Anime y Manga japonés;¿De qué color de pelo tiene el personaje principal de la Yu-Gi-Oh! ¿Tienen las series de anime originales?;Rojo, negro y amarillo;Rojo;amarillo y verde;Rojo
Medio;Geografía;¿Montreal es en qué provincia canadiense?;Quebec;Ontario;Nueva Escocia;Alberta
Medio;Animales;¿Cuál es el término común para la encefalopatía espongiforme bovina (EEB)?;Enfermedad de las vacas locas;Enfermedad de Weil;Fiebre de la leche;Fiebre aftosa
Medio;Entretenimiento: Videojuegos;"La mascota original del popular juego de Nintendo, ""Splatoon"", iba a ser...";Mario;Inklings;Octolings;Zelda
Medio;Geografía;¿Qué país europeo no forma parte de la UE?;Noruega;Lituania;Irlanda;Chequia
Medio;Conocimientos generales;"La expresión ""accidente a punto de ocurrir"" es un ejemplo de qué tipo de figura retórica es.";Modismo;Símil;Metáfora;Analogía
Medio;Entretenimiento: Dibujos animados y animaciones;En la serie animada RWBY, ¿cuál es el nombre del arma que usa Weiss Schnee?;Myrtenaster;Sudario de Gambol;Rosa Media Luna;Ember Celica
Medio;Entretenimiento: Videojuegos;¿Quién compuso la banda sonora del juego VVVVVV?;Magnus Pålsson;Terry Cavanagh;Danny Baranowsky;Joel Zimmerman
Medio;Historia;Cuando Cristóbal Colón navegó hacia América, ¿cuál fue la primera región a la que llegó?;El archipiélago de las Bahamas;Florida;Istmo de Panamá;Nicaragua
Medio;Entretenimiento: Videojuegos;Esta arma en Counter-Strike: Global Offensive no existe en la vida real.;M4A4;AWP;M4A1;MP9
Medio;Entretenimiento: Videojuegos;¿Cuál de estos no es un protagonista de Fallout?;Serpiente del Túnel;Mensajero;Vagabundo solitario;Habitante de la Bóveda
Medio;Geografía;¿Bridgetown es la capital de qué país insular en el Caribe?;Barbados;Cuba;Jamaica;Dominica
Medio;Entretenimiento: Videojuegos;"¿Cómo se llama la hija de Joel en el juego ""The Last of Us""?";Sarah;Ellie;Tess;Marlene
Medio;Política;¿Quién fue elegido líder del Partido Laborista del Reino Unido en septiembre de 2015?;Jeremy Corbyn;Ed Miliband;David Cameron;Theresa May
Medio;Historia;El Sistema de Defensa Estratégica de Estados Unidos durante la Guerra Fría fue apodado en honor a esta famosa película.;Guerra de las galaxias;Jaws;Blade Runner;Alien
Medio;Entretenimiento: Videojuegos;"En ""Call Of Duty: Zombies"", ¿cómo se llama el perro de Samantha Maxis?";Esponjoso;Baxter;Fido;Henry
Medio;Celebridades;¿Cuál se considera generalmente la fecha de nacimiento de William Shakespeare?;23 de abril de 1564;4 de julio;1409;29 de septiembre
Medio;Entretenimiento: Anime y Manga japonés;"En la serie ""To Love-Ru"", ¿cuántas armas trans se crearon?";3;1;2;4
Medio;Entretenimiento: Anime y Manga japonés;"En ""Highschool DxD"", ¿cómo se llama el objeto con el que nacen algunos humanos?";Sacred Gear;Brazo Imperial;Reliquia Sagrada;Artefacto Bendecido
Medio;Historia;¿Cuál de las siguientes batallas se considera a menudo como el inicio de la caída del Imperio Romano de Occidente?;Batalla de Adrianópolis;Batalla de Tesalónica;Batalla de Pollentia;Batalla de Constantinopla
Medio;Entretenimiento: Videojuegos;¿Cuál es el nombre canónico del protagonista de Persona 4?;Yu Narukami;Minato Arisato;Soji Seta;Nagito Komaeda
Medio;Entretenimiento: Música;¿Quién es el cantante de Fall Out Boy?;Patrick Stump;Brendon Urie;Pete Wentz;Gary Lee Weinrib
Medio;Entretenimiento: Videojuegos;¿Cuál de las siguientes unidades terranas del juego de estrategia en tiempo real Starcraft fue introducida por primera vez en la expansión Brood War?;Médico;Wraith;Nave de Ciencia;SCV
Medio;Geografía;¿Cuál de estos archipiélagos NO forma parte del Reino Unido?;Las Islas del Canal;Islas Orcadas;Islas de Sorlingas;Islas Shetland
Medio;Entretenimiento: Videojuegos;¿Cuál es la primera consola de videojuegos del mundo?;Magnavox Odyssey;Coleco Telstar;Juego de Nintendo Color TV;Atari 2600
Medio;Entretenimiento: Videojuegos;"¿Cuál de los siguientes personajes NO es jugable en ""Resident Evil 6""?";Jill Valentine;Chris Redfield;Sherry Birkin;Helena Harper
Medio;Entretenimiento: Cine;"¿Qué actor interpreta al personaje ""Tommy Jarvis"" en ""Viernes 13: El capítulo final"" (1984)?";Corey Feldman;Macaulay Culkin;Mel Gibson;Mark Hamill
Medio;Arte;¿Qué escultor griego diseñó la estatua de Atenea Partenos dentro del Partenón?;Fidias;Scopas;Hesíodo;Praxiteles
Medio;Vehículos;¿Cuál de los siguientes países ha prohibido oficialmente el uso civil de cámaras de salpicadero en los coches?;Austria;Estados Unidos;Chequia;Corea del Sur
Medio;Historia;En la Primera Guerra Mundial, ¿cómo se llamaba la alianza entre Alemania, Austria-Hungría, el Imperio Otomano y Bulgaria?;Las Potencias Centrales;Las Potencias del Eje;La Federación de Imperios;Alianza Autoritaria
Medio;Conocimientos generales;"¿Cuál de estas palabras significa ""espectador ocioso""?";Gongoozler;Gossypiboma;Jentacular;Meupareunia
Medio;Entretenimiento: Anime y Manga japonés;En JoJo's Bizarre Adventure, ¿qué personaje es capaz de acelerar el tiempo?;Enrico Pucci;Jotaro Kujo;Jolyne Cujoh;Kujo Jotaro
Medio;Entretenimiento: Música;"¿Qué banda publicó canciones como ""Electric Feel"", ""Kids"" y ""Time to Pretend""?";MGMT;Foso de la Pasión;Phoenix;Francisco Fernando
Medio;Entretenimiento: Musicales y teatros;"¿El musical ""Dirty Rotten Scoundrels"" está ambientado en qué país?";Francia;EE. UU.;Alemania;Suecia
Medio;Entretenimiento: Videojuegos;¿Qué futbolista aparece en la portada de FIFA 18 de EA Sport?;Cristiano Ronaldo;Lionel Messi;Neymar;Harry Kane
Medio;Ciencia y Naturaleza;¿A qué profundidad deberías hacer una parada de descompresión, o parada de seguridad, en una inmersión típica de buceo?;15 pies / 5 metros;25 pies / 7,5 metros;50 pies / 15 metros;75 pies / 23 metros
Medio;Entretenimiento: Libros;¿Qué serie de libros publicada por Jim Butcher sigue a un mago en el Chicago actual?;Los Archivos Dresden;Un sombrero en el tiempo;Las Agujas de Ceniza;Mi vida como mago adolescente
Medio;Geografía;¿Cómo se conocía anteriormente la nación africana de Zimbabue?;Rodesia;Zambia;Mozambique;Bulawayo
Medio;Ciencia y Naturaleza;¿Cuántos lóbulos tiene el pulmón derecho humano?;3;4;2;1
Medio;Entretenimiento: Anime y Manga japonés;"¿Cómo se llama el villano final en la serie manga ""Bleach""?";Yhwach;Juha Bach;Yuhabah;Juhabach
Medio;Entretenimiento: Televisión;En el universo de Doctor Who, ¿cuántas veces puede regenerarse normalmente un Señor del Tiempo?;12;11;13;15
Medio;Arte;"¿Qué compás se conoce comúnmente como ""Tiempo de Corte""?";46055;04-abr;06-ago;03-abr
Medio;Entretenimiento: Videojuegos;"En Call of Duty: Modern Warfare 2, ¿cuántas bajas consecutivas se necesitan para conseguir la racha de bajas ""Nuclear Táctica""?";25;20;30;35
Medio;Entretenimiento: Videojuegos;En Minecraft, ¿cuál de estos ingredientes se necesita para preparar una Poción de Respiración Acuática?;Pez globo;Saco de tinta;Calabaza;Caña de pescar
Medio;Entretenimiento: Anime y Manga japonés;¿Qué estudio animó el Club de Anfitriones del Instituto Ouran?;Bones;Producción I.G;Kyoto Animation;xebec
Medio;Mitología;En la mitología griega, Perséfone debe volver al inframundo porque había comido qué tipo de semillas.;Granada;Girasol;Naranja;Higo
Medio;Entretenimiento: Musicales y teatros;En la versión musical de la guerra de los mundos de Jeff Wayne, las probabilidades de que algo venga de Marte son...;Un millón a uno;Mil millones a uno;Un billón a uno;Cien a uno
Medio;Política;"La película de 2014 ""The Raid 2: Berandal"" se rodó principalmente en qué país asiático?";Indonesia;Tailandia;Brunéi;Malasia
Medio;Entretenimiento: Videojuegos;¿Cuál de estos juegos NO fue un título de lanzamiento para Nintendo Switch en Estados Unidos?;Voez;Just Dance 2017;Clips de cortadores;RMX rápido
Medio;Ciencia y Naturaleza;¿Qué transbordador espacial de la NASA se desintegró durante la reentrada atmosférica el 1 de febrero de 2003?;Columbia;Challenger;Descubrimiento;Endeavour
Medio;Historia;¿Cómo se llama la serie de enfrentamientos entre el Reino Unido e Islandia por los derechos de pesca en el Atlántico Norte?;Las Guerras del Bacalao;Las Guerras de la Langosta;Las Guerras del Halibut;Las Guerras de la Caballa
Medio;Entretenimiento: Cine;"¿Cuál es el nombre del personaje de James Dean en la película de 1955 ""Rebelde sin causa""?";Jim Stark;Ned Stark;Jim Kane;Frank Stark
Medio;Entretenimiento: Cine;"¿En qué año se estrenó la película ""Police Academy""?";1984;1986;1985;1983
Medio;Entretenimiento: Cine;"En la película ""Regreso al futuro"", ¿a qué velocidad necesita alcanzar el DeLorean de Doc Brown para viajar en el tiempo?";88 mph;77 mph;100 mph;70 mph
Medio;Entretenimiento: Televisión;¿Por qué vende Bart su alma en el episodio de Los Simpson 'Bart vende su alma'?;5;Una copia de Bonestorm 2;100 dólares;Un Gobstopper Gigante
Medio;Entretenimiento: Videojuegos;"En la saga de juegos ""The Legend of Zelda"", ¿cuál fue el primer juego en 3D?";Ocarina del Tiempo;La Máscara de Majora;Un vínculo con el pasado;El Despertador del Viento
Medio;Entretenimiento: Videojuegos;"En el mapa ""Call Of Duty: Zombies"" ""Der Riese"", ¿cómo se llama el ""PPSH-41 Pack-A-Punched""?";El Segador;Lamentación;La Parca;El Eviscerador
Medio;Entretenimiento: Música;¿Cuál de estos artistas NO era miembro del supergrupo de música electrónica Swedish House Mafia, que se disolvió en 2013?;Alesso;Steve Angello;Sebastian Ingrosso;Axwell
Medio;Ciencia: Informática;¿En qué día se conectó la World Wide Web?;33227;17 de diciembre;1996;12 de noviembre
Medio;Entretenimiento: Videojuegos;"¿Sean Bean pone voz al personaje de ""Martin Septim"" en qué juego de Elder Scrolls?";The Elder Scrolls IV: Oblivion;The Elder Scrolls V: Skyrim;The Elder Scrolls III: Morrowind;Los Elder Scrolls Online
Medio;Entretenimiento: Videojuegos;¿Por qué solo se produjeron 300.000 copias de Uniracer?;DMA Designs fue demandada por Pixar, impidiendo que se produjeran más copias;Hubo un desacuerdo entre DMA Designs y Nintendo;No vendió bien debido a malas puntuaciones en las críticas;No hay información pública disponible
Medio;Entretenimiento: Televisión;¿Quién fue el ganador del WWE Royal Rumble 2016?;Triple H;Reinados romanos;AJ Styles;Decano Ambrose
Medio;Ciencia y Naturaleza;¿Cuál de estos elementos de la tabla periódica es un gas noble?;Neón;Potasio;Yodo;Colbalt
Medio;Historia;¿En qué año terminó la Guerra de Vietnam?;1975;1978;1967;1969
Medio;Conocimientos generales;El arquitecto conocido como Le Corbusier fue una figura importante en qué estilo arquitectónico fue importante.;Modernismo;Neoclásico;Barroco;Renacimiento Gótico
Medio;Entretenimiento: Anime y Manga japonés;El protagonista principal de la cuarta parte de JoJo's Bizarre Adventure es cuál de los siguientes?;Josuke Higashikata;Yoshikage Kira;Koichi Hirose;Joey JoJo
Medio;Ciencia: Informática;¿Cuál es la CPU principal de la Sega Mega Drive / Sega Genesis?;Motorola 68000;Zilog Z80;Yamaha YM2612;Intel 8088
Medio;Conocimientos generales;¿Rolex es una empresa que se especializa en qué tipo de producto?;Relojes;Coches;Ordenadores;Equipamiento deportivo
Medio;Entretenimiento: Televisión;"Dee de ""It's Always Sunny in Philadelphia"" ha salido con todos los siguientes chicos EXCEPTO";"Matthew ""Grillo Tambaleante"" Mara";Colin el Ladrón;Ben el Soldado;Kevin Gallagher, también conocido como Lil' Kevin
Medio;Historia;¿Cuál de los siguientes pueblos antiguos del Cercano Oriente sigue existiendo como grupo étnico moderno?;Asirios;Babilonios;Hititas;Elamitas
Medio;Entretenimiento: Videojuegos;"¿Cuándo se fundó la editorial de videojuegos ""Ubisoft""?";31472;Abril de 1990;Junio de 2001;Agosto de 1956
Medio;Historia;¿Qué rey murió en la batalla de Bosworth Field en 1485?;Ricardo III;Eduardo V;Enrique VII;Jacobo I
Medio;Geografía;¿Cuál es el nombre del único Gran Ducado que queda en el mundo?;Luxemburgo;Montenegro;Liechtenstein;Andorra
Medio;Entretenimiento: Anime y Manga japonés;¿Cuál de las siguientes películas NO fue dirigida por Hayao Miyazaki?;Niños Lobo;Princesa Mononoke;El viaje de Chihiro;El servicio de entrega de Kiki
Medio;Entretenimiento: Videojuegos;¿Cuántas clases hay en Team Fortress 2?;9;10;8;7
Medio;Entretenimiento: Cine;¿Qué película de 1958 protagonizaron Kirk Douglas y Tony Curtis como los medios hermanos Einar y Eric?;Los vikingos;Los barcos largos;Príncipe Valiente;Espartaco
Medio;Conocimientos generales;¿En qué mes se celebra el Mes de la Historia Negra en Estados Unidos?;Febrero;Mayo;Noviembre;Agosto
Medio;Entretenimiento: Videojuegos;¿Quién pone voz a la infame IA de la Estación Citadel conocida como S.H.O.D.A.N, en los juegos System Shock?;Terri Brosius;Jennifer Hale;Jenn Taylor;Lori Alan
Medio;Entretenimiento: Música;¿Cuál de estas mujeres no es miembro del grupo femenino coreano TWICE TWICE?;Kang Seulgi;Myoui Mina;Kim Dahyun;Hirai Momo
Medio;Geografía;¿Cuál es la forma correcta de escribir la capital de Hungría?;Budapest;Boodapesto;Butapest;Budapast
Medio;Entretenimiento: Videojuegos;En Left 4 Dead, ¿cuál es el nombre del virus, según la CEDA, que hace que la mayoría de los humanos se conviertan en Infectados?;Gripe Verde;Fiebre Amarilla;T-Virus;Frunbuesas Snifles
Medio;Entretenimiento: Videojuegos;"En ""Call Of Duty: Zombies"", ¿qué mapa introdujo la ventaja ""PhD Flopper""?";Ascensión;Luna;La Llamada de los Muertos;Die Rise
Medio;Celebridades;¿Cuántos años tenía Muhammad Ali cuando murió?;74;61;Sigue vivo;56
Medio;Geografía;¿Cómo se llama la masa terrestre de la Turquía actual?;Anatolia;Ismuth de Ottoma;Ottoma;Ismuth de Anatolia
Medio;Entretenimiento: Videojuegos;"¿Cuál fue la primera actualización de ""Team Fortress 2"" que incluyó una guerra?";Actualización de francotirador vs. espía;¡GUERRA! Actualización;Actualización de Conoce tu Partido;Actualización de Spy vs. Engineer
Medio;Entretenimiento: Videojuegos;"¿En qué motor funcionaba el ""Half-Life"" original?";GoldSrc;Fuente;Terremoto;Increíble
Medio;Entretenimiento: Música;"¿Cuándo lanzaron The Beatles el LP ""Please Please Me""?";1963;1970;1960;1969
Medio;Entretenimiento: Videojuegos;"¿Por cuántos minutos llegas tarde al trabajo en ""Half-Life""?";30;5;60;15
Medio;Entretenimiento: Cine;"¿Qué personaje icónico aparece en películas como ""El Ejecutor"", ""Impacto repentino"" y ""La piscina de los muertos""?";Harry el Sucio;Indiana Jones;James Bond;Harry Potter
Medio;Entretenimiento: Cine;¿Cuál de estas películas se rodó íntegramente en una sola toma?;Arca rusa;Búsqueda de Buena Voluntad;Birdman;La lista de Schindler
Medio;Conocimientos generales;¿De dónde proviene el agua de Polonia Botellas de agua de manantial?;Maine, Estados Unidos;Hesse;Alemania;Masovia
Medio;Geografía;¿El distrito japonés de Akihabara también es conocido por qué apodo?;Ciudad Eléctrica;Río Moon Walk;Otaku Central;Ojos Grandes
Medio;Entretenimiento: Anime y Manga japonés;El protagonista principal de la quinta parte de JoJo's Bizarre Adventure es cuál de las siguientes?;Giorno Giovanna;Guido Mista;Jonathan Joestar;Joey JoJo
Medio;Entretenimiento: Televisión;¿En qué comedia aparece la película ficticia 'Rochelle, Rochelle'?;Seinfeld;Frasier;¡Salud;Amigos
Medio;Entretenimiento: Libros;"¿Quién escribió la novela de terror de 1967 ""El bebé de Rosemary""?";Ira Levin;Stephen King;Robert Bloch;Mary Shelley
Medio;Mitología;Los maoríes sostienen que ¿qué nación insular fue fundada por Kupe, que la descubrió bajo una larga nube blanca?;Nueva Zelanda;Vanuatu;Fiyi;Hawái
Medio;Vehículos;¿Cuál de los siguientes NO es un fabricante de automóviles ruso?;BYD;Silant;Dragon;GAZ
Medio;Entretenimiento: Música;Saul Hudson (Slash), de la banda Guns N' Roses, es conocido por tocar qué tipo de guitarra.;Les Paul Standard;Fender Stratocaster;LsL Mestizo;Gretsch Falcon
Medio;Entretenimiento: Música;"¿Qué banda de rock lanzó el álbum ""The Bends"" en marzo de 1995?";Radiohead;Nirvana;Coldplay;U2
Medio;Entretenimiento: Videojuegos;"¿Quién desarrolló el RPG agrícola ""Stardew Valley"" de 2016?";Eric Barone;Daisuke Amaya;Jasper Byrne;Lucas Pope
Medio;Ciencia: Informática;¿Qué significa el nombre de la empresa tecnológica HP?;Hewlett-Packard;Howard Packmann;Husker-Pollosk;Hellman-Pohl
Medio;Historia;¿A quién se le atribuye el crédito por grabar el poema épico La Odisea?;Homero;Aristóteles;Odiseo;Sócrates
Medio;Entretenimiento: Música;¿Quién fue la primera banda blanca en tocar en el Apollo Theater?;Buddy Holly y Los grillos;Chuck Berry;Los Beatles;Elvis
Medio;Entretenimiento: Cine;¿Cuál fue otro nombre sugerido para la película de 1985, Regreso al futuro?;Astronauta de Plutón;Viajeros en el tiempo de Hill Valley;Los viajeros en el tiempo;El Hombre Afortunado
Medio;Historia;John Moses Browning, el diseñador del M1918 BAR (Browning Automatic Rifle), formaba parte de ¿qué religión?;Mormón;Católico;Judío;Ateo
Medio;Historia;¿La corona del Empire State Building se construyó originalmente con qué propósito?;Muelle de dirigibles;Pararrayos;Antenas;Asta de la bandera
Medio;Ciencia: Gadgets;¿Qué empresa fabricó la icónica caja de ritmos TR-808?;Roland;Technics;Korg;Casio
Medio;Geografía;¿En qué país está el Atolón Bikini?;Islas Marshall;Fiyi;Islas Christmas;Bahamas
Medio;Entretenimiento: Anime y Manga japonés;"¿Cuál de estos no es un mundo en el anime ""Buddyfight""?";Antiguo Mundo del Dragón;Mundo del Dragón;Mundo Dragón Estelar;Mundo del Dragón de la Oscuridad
Medio;Entretenimiento: Cine;¿Qué animales mutados actúan como monstruos en la película 'La noche del lepus'?;Conejos;Perros;Ratas;Murciélagos
Medio;Entretenimiento: Dibujos animados y animaciones;"¿El programa de comedia en stop motion ""Robot Chicken"" fue creado por cuál de los siguientes?";Seth Green;Seth MacFarlane;Seth Rogen;Seth Rollins
Medio;Deportes;¿Josh Mansour forma parte de qué equipo de la NRL?;Penrith Panthers;Melbourne Storm;Sydney Roosters;Vaqueros del Norte de Queensland
Medio;Entretenimiento: Libros;¿Cuál es el cuarto libro del Antiguo Testamento?;Números;Génesis;Éxodo;Levítico
Medio;Deportes;¿Cuál de estos equipos de la NHL nunca se ha movido desde su creación?;St. Louis Blues;New Jersey Devils;Huracanes de Carolina;Dallas Stars
Medio;Entretenimiento: Música;"¿Qué canción del músico electrónico sueco Avicii samplea la canción ""Something's Got A Hold On Me"" de Etta James?";Niveles;Desvanecerse en la oscuridad;Silhuetas;Buscar la Bromance
Medio;Entretenimiento: Musicales y teatros;¿El Campeonato Mundial de Ajedrez, Acto 1, está ambientado en qué ciudad italiana?;Merano;Venecia;Milán;Roma
Medio;Entretenimiento: Música;"La canción de los Beatles de 2023 ""Now and Then"" se originó a partir de una demo inacabada grabada por qué Beatle?";John Lennon;Paul McCartney;George Harrison;Ringo Starr
Medio;Deportes;"¿Quién ganó la ""Champions League"" en 1999?";Manchester United;Barcelona;Bayern Múnich;Liverpool
Medio;Entretenimiento: Cine;"¿Quién dirigió la película ""Alien""?";Ridley Scott;Christopher Nolan;Michael Bay;James Cameron
Medio;Geografía;¿Cuál fue la ciudad más poblada de América en 2015?;São Paulo;Nueva York;Ciudad de México;Los Ángeles
Medio;Historia;¿En qué año fue conquistada Constantinopla por los turcos?;1453;1435;1454;1440
Medio;Entretenimiento: Cine;En Tron: Legacy, Kevin Flynn escribió un programa para crear el sistema perfecto. ¿Cómo se llamaba el programa?;Clu;Tron;MCP;Quorra
Medio;Historia;¿Cuándo se fundó la República Popular China?;18172;3 de abril;1947;7 de mayo
Medio;Vehículos;¿Cuándo se fundó Tesla?;2003;2008;2005;2007
Medio;Entretenimiento: Videojuegos;En Portal, ¿de qué color es el Núcleo de Inteligencia?;Azul;Morado;Rojo;Naranja
Medio;Historia;¿Cuál de estos padres fundadores de los Estados Unidos llegó a ser presidente más tarde?;James Monroe;Alexander Hamilton;Samuel Adams;Roger Sherman
Medio;Historia;"¿Cuándo publicó por primera vez L. L. Zamenhof ""Unua Libro"", la primera publicación que describía su lengua internacional, el esperanto?";1887;1897;1905;1915
Medio;Entretenimiento: Videojuegos;"¿Cuál de estas fases no es jugable en ""Super Smash Bros. para Wii U""?";Fuente de los Sueños;Puente de Eldin;75m;Miiverse
Medio;Ciencia y Naturaleza;¿Cuál de estas estrellas es la más grande?;UY Scuti;VY Canis Majoris;Betelgeuse;Ala derecha Cephei
Medio;Entretenimiento: Videojuegos;¿Qué equipo de eSports de CS:GO ganó el evento principal ESL One Cologne 2016?;SK Gaming;Team Liquid;Fnatic;Virtus.pro
Medio;Entretenimiento: Videojuegos;"En la serie ""Neptunia"", ¿sobre qué nación gobierna Neptuno?";Planeptuno;Lastation;Leanbox;Lowee
Medio;Geografía;¿Cuál de los siguientes no es un país megadiverso —uno que alberga un alto número de especies endémicas del planeta?;Tailandia;Perú;México;Sudáfrica
Medio;Entretenimiento: Videojuegos;¿En qué está tan inspirado el juego de navegador Kantai Collection?;Segunda Guerra Mundial;Manga;World of Warcraft;Un anime
Medio;Entretenimiento: Videojuegos;¿Qué elemento utiliza el Zinogre en Monster Hunter?;Trueno;Hielo;Incendio;Agua
Medio;Geografía;¿Cuál es el puerto más concurrido de Europa?;Puerto de Róterdam;Puerto de Amberes;Puerto de Hamburgo;Puerto de Ámsterdam
Medio;Entretenimiento: Cómics;En el universo Hellboy, ¿quién fundó el BPRD?;Trevor Bruttenholm;Kate Corrigan;Johann Kraus;Benjamin Daimio
Medio;Entretenimiento: Videojuegos;"¿Cuál de estos personajes no aparece en ""Nier: Automata""?";A1;A2;9S;2B
Medio;Conocimientos generales;¿Cuál de estas empresas NO fabrica automóviles?;Ducati;Nissan;GMC;Fiat
Medio;Entretenimiento: Videojuegos;¿Qué empresa desarrolló y publicó Game Dev Tycoon?;Juegos Greenheart;Juegos de Groenlandia;Los Tycoonists;MomCorp
Medio;Ciencia y Naturaleza;¿Cuál es la unidad SI estándar para la corriente eléctrica?;Ampere;Volt;Ohm;Watt
Medio;Entretenimiento: Cómics;"¿Cuál es el verdadero nombre del ""Maestro del Magnetismo"" Magneto?";Max Eisenhardt;Carlos Javier;Pietro Maximoff;Johann Schmidt
Medio;Conocimientos generales;"¿En qué año se acuñó el término ""científico""?";1833;1933;1942;1796
Medio;Entretenimiento: Música;¿Cuál de estas bandas es la más antigua?;Pink Floyd;AC/DC;Metallica;Red Hot Chili Peppers
Medio;Ciencia y Naturaleza;¿Cuál de los siguientes NO es un componente eléctrico pasivo?;Transistor;Resistencia;Condensador;Inductor
Medio;Ciencia y Naturaleza;¿Qué significa RCP, el procedimiento de emergencia para ayudar a alguien que ha sufrido un paro cardíaco?;Reanimación cardiopulmonar;Alivio del dolor crónico;Liberación del dolor por cáncer;Tasa de prevalencia de anticonceptivos
Medio;Entretenimiento: Videojuegos;¿Quién creó Tetris?;Alexey Pajitnov;Toru Iwatani;Allan Alcorn;William Higinbotham
Medio;Ciencia y Naturaleza;¿Dónde tocó tierra la Gran Tormenta de 1987 por primera vez?;Cornualles;Surrey;Gales;Las Midlands
Medio;Entretenimiento: Videojuegos;En los juegos de Mario Kart y Smash Bros., ¿en qué categoría de peso se considera la Princesa Rosalina?;Pesado;Medio;Luz;Medio Ligero
Medio;Ciencia: Matemáticas;"¿Qué matemático griego corría desnudo por las calles de Siracusa gritando ""Eureka"" tras descubrir el principio del desplazamiento?";Arquímedes;Euclides;Homero;Eratóstenes
Medio;Ciencia: Informática;En programación, ¿el operador ternario se define mayormente con qué símbolo(s)?;?:;??;si entonces;?
Medio;Entretenimiento: Videojuegos;"En el videojuego de 2000 ""Crimson Skies"", ¿cómo se llamaba el zepelín de los protagonistas?";Pandora;Helios;Ícaro;Orión
Medio;Historia;"¿En qué día comenzó la construcción del ""Pentágono"", la sede del Departamento de Defensa de los Estados Unidos?";15230;15 de junio;1947;15 de enero
Medio;Entretenimiento: Música;¿Cómo se llamó el quinto álbum de Taylor Swift?;1989;Sin miedo;Rojo;Habla ahora
Medio;Entretenimiento: Cómics;¿Quién es la segunda persona en asumir el papel de Noctámbulo en la novela gráfica de Watchmen?;Daniel Dreiberg;Nelson Gardner;Hollis Mason;Adrian Veidt
Medio;Entretenimiento: Videojuegos;¿Cuál fue la fecha original de lanzamiento de Grand Theft Auto V?;41534;17 de agosto;2013;14 de abril
Medio;Entretenimiento: Videojuegos;"¿Qué personaje de Overwatch dice la frase ""¡Los héroes nunca mueren!""?";Misericordia;Reaper;Sonic;Ana
Medio;Ciencia y Naturaleza;¿El húmero, el radio emparejado y el cúbito se unen para formar qué articulación?;Codo;Rodilla;Sholder;Tobillo
Medio;Mitología;¿Cómo se llama el dios griego de las muertes pacíficas?;Thanatos;Tártaro;Hades;Moros
Medio;Entretenimiento: Televisión;¿Cómo se llama la espada de Jon Snow en Juego de Tronos?;Garra Larga;Guardián del Juramento;Lamento de la viuda;Aguja
Medio;Entretenimiento: Cine;¿Quién puso voz al personaje Draco en la película de 1996 'Corazón de Dragón'?;Sean Connery;Dennis Quaid;Pete Postlethwaite;Brian Thompson
Medio;Entretenimiento: Videojuegos;"¿Cuál fue el primer pack de armas para ""PAYDAY 2""?";El Pack de Armas Gage #1;La Manada de Exageración;La Manada de Caballerosidad Gage;El Paquete Histórico Gage
Medio;Política;¿Cuál es el propósito principal de la Cuarta Enmienda de la Constitución de los Estados Unidos?;Prevención de registros e incautaciones irrazonables;Prevención de castigos crueles e inusuales;Protección contra el encarcelamiento sin el debido proceso legal;Proteger el derecho a poseer y portar armas
Medio;Entretenimiento: Música;¿Cuál de estas canciones versionó Jimi Hendrix?;Todas estas canciones;Banda del Club Sgt. Pepper's Lonely Hearts;A lo largo de la Torre de Vigilancia;Casa del Sol Naciente
Medio;Entretenimiento: Televisión;"En el episodio de Black Mirror ""Bandersnatch"", PAC-MAN significa:";Program And Control Man;Centro de Solicitudes de Posgrado Hombre;Hombre del Comité de Acción Política;Hombre de la Clasificación de Física y Astronomía
Medio;Entretenimiento: Cine;"¿Qué director dirigió la película ""El laberinto del fauno""?";Guillermo Del Toro;Alfonso Cuarón;Alejandro González Iñárritu;Alejandro Jodorowsky
Medio;Ciencia y Naturaleza;¿Cuál es la vida media del uranio-235?;703.800.000 años;4;300;400
Medio;Historia;"¿Qué infame traidor europeo fue conocido como ""la última persona en entrar en el Parlamento con intenciones honestas""?";Guy Fawkes;Robert Catesby;Francis Tresham;Everard Digby
Medio;Entretenimiento: Libros;"En ""El Hobbit"", ¿quién mata a Smaug?";Bardo;Bilbo Bolsón;Gandalf el Gris;Frodo
Medio;Deportes;¿Quién ha disputado más torneos en la selección nacional alemana de fútbol?;Lothar Matthäus;Miroslav Klose;Philipp Lahm;Oliver Kahn
Medio;Historia;¿En qué año comenzó la Primera Guerra Mundial?;1914;1930;1917;1939
Medio;Entretenimiento: Libros;¿Cuál de estas series de libros es de James Patterson?;Máximo Ride;Harry Potter;La leyenda de Xanth;La Trilogía de Bartemaeus
Medio;Animales;¿Cuál es el nombre de la familia a la que pertenece el gato doméstico?;Felidae;Felinae;Felis;Gato
Medio;Entretenimiento: Libros;¿Qué autor ruso escribió la novela épica Guerra y Paz?;León Tolstói;Fiódor Dostoyevski;Alexander Pushkin;Vladimir Nabokov
Medio;Entretenimiento: Cine;"¿Qué monologuista puso voz al loro parlante ""Iago"" en la adaptación de 1992 de Aladdín de Disney?";Gilbert Gottfried;Robin Williams;Pauly Shore;Jonathan Freeman
Medio;Entretenimiento: Música;"¿En qué año se publicó el álbum ""Californication"" de Red Hot Chill Pepper?";1999;1997;2000;1992
Medio;Historia;¿Cuál de las siguientes NO se clasifica como lengua semítica?;Sumerio;Maltés;Acadio;Mandaico
Medio;Celebridades;"¿Nikki Diamond interpretó a qué Gladiador en la serie de televisión de 1992 ""Gladiadores""?";Escorpio;Jet;Solanácea;Halcón
Medio;Entretenimiento: Televisión;¿Cuál era el nombre original de Nickelodeon?;Pineta;MTVKids;KidsTV;¡Splat!
Medio;Celebridades;¿Cuándo nació Elvis Presley?;12792;13 de diciembre;1931;18 de julio
Medio;Entretenimiento: Televisión;¿Quién compuso la canción principal de Los Simpson?;Danny Elfman;John Williams;Hans Zimmer;Ennio Morricone
Medio;Entretenimiento: Videojuegos;"En el mapa ""Call Of Duty: Zombies"" ""Origins"", ¿cuántos generadores de energía numerados hay?";6;8;5;3
Medio;Entretenimiento: Música;Johnny Cash hizo una versión de esta canción escrita por el cantante principal de Nine Inch Nails, Trent Reznor.;Hurt;Más cerca;Un lugar cálido;El hombre grande con un arma
Medio;Vehículos;¿Cuál de los siguientes vehículos tenía techo de cristal completo en el modelo base?;Renault Avantime;Chevy Volt;Mercedes-Benz Clase A;Honda Odyssey
Medio;Entretenimiento: Videojuegos;¿Qué héroe de Dota 1 cambió de género cuando se portó a Dota 2?;Comandante de la Legión;Hacha;Guardián de la Luz;Asesino templario
Medio;Conocimientos generales;¿Qué montaña tiene la cima más alta de Sudamérica?;Aconcagua, Argentina;Ojos del Salado;Frontera Argentina/Chile;Monte Pissis
Medio;Conocimientos generales;¿Cuál es el título completo del Primer Ministro del Reino Unido?;Primer Lord del Tesoro;Duque de Cambridge;La leal oposición de Su Majestad;Administrador de la Propiedad de la Corona
Medio;Entretenimiento: Libros;"¿Quién es el autor de la serie ""Malazan Book of the Fallen""?";Steven Erikson;Ian Cameron Esslemont;George R. R. Martin;J. R. R. Tolkien
Medio;Ciencia: Informática;Todos los siguientes programas se clasifican como editores de gráficos raster EXCEPTO:;Inkscape;Paint.NET;GIMP;Adobe Photoshop
Medio;Geografía;¿El estado estadounidense de Nueva York tiene aproximadamente la misma población que?;Rumanía;Polonia;Alemania;Hungría
Medio;Entretenimiento: Videojuegos;¿En qué juego apareció por primera vez el Código Konami?;Gradius;Contra;Castlevania;Revolución de la Danza
Medio;Ciencia: Gadgets;¿Qué empresa desarrolló el Hololens?;Microsoft;HTC;Oculus;Tobii
Medio;Deportes;¿Qué equipo fue campeón de la NBA en 2014-2015?;Golden State Warriors;Cleveland Cavaliers;Houston Rockets;Atlanta Hawks
Medio;Geografía;¿Cuál de los siguientes países NO reconoce a Armenia como país independiente?;Pakistán;Irán;Turquía;Azerbaiyán
Medio;Entretenimiento: Videojuegos;"En el juego ""Terraria"", ¿cuáles de estos jefes son jefes pre-hardmode?";Ojo de Cthulhu;Plantera;Skeletron Prime;El destructor
Medio;Deportes;¿Cuántos partidos estuvo el Arsenal FC invicto durante la temporada 2003-2004 de la Premier League inglesa?;38;51;49;22
Medio;Ciencia: Informática;En HTML, ¿qué etiqueta no estándar se usaba antes para hacer que los elementos se desplazaran por el viewport?;"&lt;carpa&gt;&lt;/carpa&gt;";"&lt;scroll&gt;&lt;/scroll&gt;";"&lt;muévete&gt;&lt;/muévete&gt;";"&lt;deslizamiento&gt;&lt;/diapositiva&gt;"
Medio;Vehículos;¿Qué país tiene la letra internacional de matrícula 'A'?;Austria;Afganistán;Australia;Armenia
Medio;Deportes;¿Cuál de estas pruebas de atletismo NO está incluida en el decatlón masculino olímpico?;Lanzamiento de martillo;Salto con pértiga;Salto de longitud;Lanzamiento de peso
Medio;Entretenimiento: Videojuegos;¿Quién creó la serie Final Fantasy desarrollada por Square Enix?;Hironobu Sakaguchi;Yuji Horii;Akira Toriyama;Tetsuya Nomura
Medio;Entretenimiento: Videojuegos;¿Cuál fue el primer juego que se lanzó y que funcionó en el motor Source?;Counter-Strike: Fuente;Half-Life 2;Garry's Mod;Team Fortress 2
Medio;Ciencia: Matemáticas;¿A qué temperatura equivale la temperatura en °C a la temperatura en °F?;-40;40;0;100
Medio;Entretenimiento: Videojuegos;¿A qué género se asocia el Proyecto Touhou?;Disparar (bullet-hell) y Lucha;Estrategia por turnos;MMORPG;Edificio
Medio;Entretenimiento: Anime y Manga japonés;"En ""Shakugan no Shana"", ¿cómo se solía denominar el Shana?";Cazador de Ojos Ardientes de Cabello Llameante;Neblina de Llama;Neblina de ojos ardientes de cabello llameante;Shana
Medio;Entretenimiento: Música;"""Drink the Sea"" es un álbum de qué artista de música electrónica?";La Mob Glitch;Avicii;XXYYXX;Pabellón Flux
Medio;Ciencia y Naturaleza;¿Cuáles son los vasos sanguíneos más pequeños del cuerpo humano?;Capilares;Arteríolas;Veinules;Linfáticos
Medio;Deportes;¿Por qué se construyó originalmente The Green Monster at Fenway Park?;Para evitar que se vean los partidos desde fuera del parque.;Para hacer que conseguir jonrones fuera más difícil.;Para mostrar anuncios.;Para proporcionar asientos extra.
Medio;Entretenimiento: Música;"¿Qué famoso álbum de rap de los 90 es comúnmente conocido como ""La Biblia del Hip Hop""?";Illmatic;La teoría de los graves;Los Crónicas;Entra en escena el Wu-Tang (36 Chambers)
Medio;Historia;¿Cuál fue la batalla más sangrienta de un solo día durante la Guerra Civil estadounidense?;La Batalla de Antietam;El asedio de Vicksburg;La Batalla de Gettysburg;Las batallas de Chancellorsville
Medio;Geografía;¿Cuál de los siguientes es el río más largo de Europa?;Volga;Danubio;Urales;Dniéper
Medio;Ciencia y Naturaleza;¿Qué color no puede producirse en las rosas, ni siquiera por alteración genética?;Azul;Negro;Naranja;Brown
Medio;Entretenimiento: Videojuegos;¿A quién se le atribuye haber creado el primer huevo de pascua de un videojuego del mundo?;Warren Robinett;Julius Smith;Will Crowther;Don Woods
Medio;Entretenimiento: Videojuegos;¿Cómo se llamaba el protagonista de Metal Gear Solid V: The Phantom Pain?;"Serpiente ""Veneno"" castigada";Miller;Serpiente Sólida;Ocelote
Medio;Entretenimiento: Música;"¿De dónde proviene el rapero de ""Gasolina"" Daddy Yankee?";Puerto Rico;Cuba;México;España
Medio;Entretenimiento: Música;En 2015, David Hasselhof lanzó un single titulado...;Verdadero Superviviente;Verdadero Luchador;Real Kung-Fury;Guerrero Real
Medio;Entretenimiento: Anime y Manga japonés;"¿Quién pone voz a ""Shou Suzuki"" en el doblaje inglés de ""Mob Psycho 100""?";Casey Mongillo;Ben Diskin;Chris Niosi;David Naughton
Medio;Conocimientos generales;¿Cómo se llama el primer vídeo subido a YouTube?;Yo en el zoo;Homenaje;Carrie conduce un camión;Su nuevo cachorro de parte del bisabuelo Vern.
Medio;Historia;¿En qué año se instituyeron las Reformas Marianas en la República Romana?;107 a.C.;42 a.C.;264 a.C.;102 d.C.
Medio;Entretenimiento: Videojuegos;En el juego The World Ends With You, todos estos personajes actúan como compañeros de juego de Neku durante una semana excepto:;Rima;Shiki;Joshua;Beat
Medio;Entretenimiento: Cine;"¿Qué documentalista escribió y protagonizó la película ""My Scientology Movie"", que se estrenó por primera vez en 2015?";Louis Theroux;Errol Morris;Joe Berlinger;Adam Curtis
Medio;Historia;¿Quién fue el Primer Ministro del Reino Unido durante la mayor parte de la Segunda Guerra Mundial?;Winston Churchill;Neville Chamberlain;Harold Macmillan;Edward Heath
Medio;Entretenimiento: Música;"¿En qué año se publicó el álbum de Weezer ""Pinkerton""?";1996;1990;2001;1994
Medio;Conocimientos generales;"¿Cuál es la palabra alemana para ""cuchara""?";Löffel;Gabel;Messer;Essstäbchen
Medio;Conocimientos generales;¿Cuál es la página web más visitada de entre estas opciones?;Google;YouTube;Facebook;Wikipedia
Medio;Geografía;¿Cuál es la capital de Ecuador?;Quito;Bogotá;Santiago;Santa Fé
Medio;Historia;"¿Quién dirigió Francia durante el ""Reinado de Terror""?";Maximilien Robespierre;Napoleón Bonaparte;Jean-Paul Marat;Luis XVI
Medio;Entretenimiento: Videojuegos;"En el juego Destiny, ¿quién sucedió a Peter Dinklage poniendo voz al ""Fantasma"" del protagonista?";Nolan North;John DiMaggio;Mark Hamill;Troy Baker
Medio;Ciencia y Naturaleza;¿Qué término se asocia mejor con Sigmund Freud?;Psicoanálisis;Terapia cognitivo-conductual;Teoría de la gravedad;Terapia Dialéctico-conductual
Medio;Deportes;¿Qué término de críquet designa a un bateador que es eliminado con una puntuación de cero?;Pato;Adiós;Beamer;Carry
Medio;Historia;¿En qué año ocurrió el Crash de los Videojuegos en Norteamérica?;1983;1982;1993;1970
Medio;Ciencia: Informática;Originalmente usados en adaptadores PCM, ¿cuál es la frecuencia estándar para muestrear audio en el formato de audio digital de disco compacto?;44,1 kHz;32.0 kHz;1,5 MHz;20,5 kHz
Medio;Entretenimiento: Videojuegos;En Left 4 Dead, ¿en qué campaña los protagonistas tienen que pasar por el metro para llegar a un hospital y evacuarlos?;Sin piedad;Subway Sprint;Hospital Havoc;Cosecha de Sangre
Medio;Historia;¿En qué año aterrizaron Neil Armstrong y Buzz Aldrin en la luna?;1969;1965;1966;1973
Medio;Ciencia y Naturaleza;¿Cuál es un nombre alternativo para el trastorno de personalidad múltiple?;Trastorno de identidad disociativo;Trastorno de identidad por integridad corporal;Crisis de identidad;Esquizofrenia
Medio;Entretenimiento: Música;¿Cuáles de estos artistas NO son originarios de Francia?;Los Hermanos Químicos;Aire;Justicia;Daft Punk
Medio;Entretenimiento: Televisión;"¿Qué tema de ""Massive Attack"" se utiliza para el tema de ""House""?";Lágrima;Protección;Angel;Leche Negra
Medio;Entretenimiento: Anime y Manga japonés;"En JoJo's Bizarre Adventure, ¿quién dice ""Yare yare daze""?";Jotaro Kujo;Joseph Joestar;Jolyne Cujoh;Koichi Hirose
Medio;Deportes;La temporada 1988 de Fórmula 1 vio a McLaren ganar todas las carreras menos una, ¿qué carrera no ganaron?;Gran Premio de Italia;Gran Premio de Japón;Gran Premio de Mónaco;Gran Premio de Brasil
Medio;Ciencia: Matemáticas;¿Cuál es el primer exponente primo de Mersenne superior a 1000?;1279;2203;1009;1069
Medio;Ciencia: Informática;¿Qué se considera en gran medida el precursor del formato USB?;PD/2;SVGA;PCIe;FireWire
Medio;Historia;¿Qué acontecimiento marcó el inicio de la Segunda Guerra Mundial?;Invasión de Polonia (1939);Invasión de Rusia (1942);Batalla de Inglaterra (1940);Invasión de Normandía (1944)
Medio;Conocimientos generales;Macintosh ha nombrado seis de sus sistemas operativos en honor a grandes felinos. ¿De qué gran felino le dio nombre a Macintosh su lanzamiento de 2007?;Leopardo;Tiger;Panther;Puma
Medio;Ciencia y Naturaleza;¿Cuántos grados Fahrenheit son 100 grados Celsius?;212;326;100;451
Medio;Entretenimiento: Cómics;"¿En qué número del cómic ""Sonic the Hedgehog"" hizo Scourge the Hedgehog su primera aparición?";Sonic el erizo #11;Universo Sonic #32;Sonic el erizo #161;Sonic el Erizo #47
Medio;Conocimientos generales;¿Cuál de las siguientes describe correctamente el orden de las palabras japonés?;Sujeto-objeto-verbo;Sujeto-verbo Objeto;Verbo Sujeto Objeto;Verbo Objeto Sujeto
Medio;Entretenimiento: Videojuegos;¿Qué fusil principal es el que usan los terroristas en Counter Strike: Global Offensive?;AK-47;AK-74;M4A4;CZ-75 AUTO
Medio;Geografía;¿Cuál es la capital de Seychelles?;Victoria;Luanda;N'Djamena;Trípoli
Medio;Deportes;¿Por qué trágico acontecimiento se recuerda la temporada de F1 de 1994?;Fallecimiento de Ayrton Senna (San Marino);El enfrentamiento (Australia);Verstappen en llamas (Alemania);La prohibición de Schumacher (Reino Unido)
Medio;Entretenimiento: Videojuegos;Junto con Gabe Newell, ¿quien cofundó Valve?;Mike Harrington;Robin Walker;Marc Laidlaw;Stephen Bahl
Medio;Deportes;¿Qué equipo de baloncesto ha asistido a más finales de la NBA?;Los Angeles Lakers;Boston Celtics;Philadelphia 76ers;Golden State Warriors
Medio;Vehículos;¿Qué animal aparece en el logo de Abarth, la división de automovilismo de Fiat?;Escorpión;Serpiente;Toro;Caballo
Medio;Conocimientos generales;¿Cuál de las siguientes bebidas carbonatadas se introdujo primero?;Dr. Pepper;Coca-Cola;Sprite;Rocío de la Montaña
Medio;Ciencia: Matemáticas;¿Qué números hay en la quinta fila del Triángulo de Pascal?;1 4 6 4 1;1 3 3 1;1 5 10 10 5 1;1 6 15 20 15 6 1
Medio;Ciencia y Naturaleza;¿El menisco medial forma qué parte de qué articulación en el cuerpo humano?;Rodilla;Codo;Tobillo;Hombro
Medio;Entretenimiento: Cine;Brendan Fraser protagonizó las siguientes películas, ¿pero cuál?;Titanic;Hueso de mono;Hombre de Encino;Señora Winterbourne
Medio;Entretenimiento: Cine;¿Cuál es la ortografía correcta del protagonista del libro en La historia interminable (1984)?;Atreyu;Atrayu;Atraiyu;Atraeyu
Medio;Entretenimiento: Música;"¿La línea homónima de The Who, ""Teenage Wasteland"", aparece en cuál de sus canciones?";Baba O' Riley;El Buscador;No me volveré a engañar;Mago del pinball
Medio;Política;¿Quién se convirtió en Primer Ministro del Reino Unido en julio de 2016?;Theresa May;Boris Johnson;David Cameron;Tony Blair
Medio;Entretenimiento: Videojuegos;¿Qué película de terror tuvo una secuela en forma de videojuego lanzado el 20 de agosto de 2002?;La Cosa;Los Muertos Malvados;Saw;Alien
Medio;Conocimientos generales;¿Qué montaña tiene la cima más alta de África?;Monte Kilimanjaro, Tanzania;Monte Kenia;Kenia;Monte Stanley
Medio;Ciencia: Informática;"En CSS, ¿cuál de estos valores NO PUEDE usarse con la propiedad ""posición""?";Centro;estática;absoluto;relativo
Medio;Conocimientos generales;¿Cuál es el nombre que se le da a la comida india cocinada sobre carbón en un horno de barro?;Tandoori;Biryani;Pani puri;Tiki masala
Medio;Geografía;¿Qué ciudad alemana se encuentra a orillas del río Isar?;Múnich;Berlín;Hamburgo;Dortmund
Medio;Entretenimiento: Videojuegos;¿Cuándo se lanzó Club Penguin?;38649;21 de octubre;2005;29 de marzo
Medio;Entretenimiento: Videojuegos;"¿Cuál es el nombre del virus en ""Metal Gear Solid 1""?";FOXDIE;FOXENGINE;FOXALIVE;FOXKILL
Medio;Entretenimiento: Televisión;"En ""Breaking Bad"", ¿qué personaje principal estaba planeado para ser asesinado en la temporada 1 pero no fue porque al creador de la serie le gustara el actor?";Jesse Pinkman;Saul Goodman;Gus Fring;Hank Schrader
Medio;Entretenimiento: Música;¿Cuáles de estas bandas NO son de Australia?;Los Desnudos y Famosos;Copia cortada;Imperio del Sol;Tame Impala
Medio;Animales;Un animal carnívoro come carne, ¿qué come un animal nucívoro?;Nuts;Nada;Fruta;Algas marinas
Medio;Ciencia y Naturaleza;¿Cómo se llama la capa más baja de la atmósfera terrestre?;Tropósfera;Estratosfera;Mesosfera;Termosfera
Medio;Entretenimiento: Videojuegos;"¿Qué personaje de La Cripta del NecroDancer (2015) tiene una banda sonora de Jake ""Virt"" Kaufman?";Tío Eli;Cadencia;Nocturna;Octavio (bardo)
Medio;Entretenimiento: Videojuegos;"¿Cuándo se lanzó el Capítulo 1 del mod de Source Engine ""Underhell""?";1 de septiembre de 2013;3 de marzo;2011;12 de septiembre
Medio;Entretenimiento: Videojuegos;"¿Cuántos zombis hay que matar para conseguir el logro ""Genocida de zombis"" en Dead Rising (2006)?";53594;53;593;53
Medio;Entretenimiento: Dibujos animados y animaciones;"¿Quién es el personaje de la ""rubia tonta"" en ""The Loud House"" de Nickelodeon?";Leni;Luan;Luna;Lincoln
Medio;Ciencia: Informática;¿Qué significa el acrónimo CDN en términos de networking?;Red de Distribución de Contenidos;Red de Distribución de Contenidos;Red de Datos Computacionales;Red de Datos Comprimidos
Medio;Entretenimiento: Cine;"¿En qué año se estrenó la película ""Napoleon Dynamite""?";2004;2002;2003;2005
Medio;Conocimientos generales;Frank Lloyd Wright fue el arquitecto detrás de qué edificio famoso?;El Guggenheim;Villa Savoye;Ópera de Sídney;La aguja espacial
Medio;Conocimientos generales;¿Cuándo se fundó WhatsApp?;2009;2007;2012;2010
Medio;Geografía;¿Cuál es la capital del estado de Texas, EE. Unidos?;Austin;Dallas;Houston;San Antonio
Medio;Entretenimiento: Música;"¿De qué país proviene el dúo de música electrónica ""The Knife""?";Suecia;Finlandia;Dinamarca;Noruega
Medio;Entretenimiento: Videojuegos;El modelo de jugador por defecto de Garry's Mod es este personaje de Half Life 2.;Isaac Kleiner;G-Man;Alyx Vance;Gordon Freeman
Medio;Entretenimiento: Juegos de mesa;Al comienzo de una partida estándar de Monopoly, si lanzas un doble seis, ¿en qué casilla caerías?;Compañía Eléctrica;Obras de Agua;Azar;Cofre Comunitario
Medio;Entretenimiento: Cine;"¿Quién interpretó a Batman en la película de 1997 ""Batman y Robin""?";George Clooney;Michael Keaton;Val Kilmer;Christian Bale
Medio;Entretenimiento: Videojuegos;"¿Cuándo se estrenó ""System Shock""?";1994;1995;2000;1998
Medio;Conocimientos generales;¿Cuál es el mayor número de estrellas Michelin que puede recibir un restaurante?;Tres;Cuatro;Cinco;Seis
Medio;Entretenimiento: Videojuegos;"En Fallout 4, ¿qué tipo de armadura de poder se encuentra por primera vez en la misión inicial ""Cuando llama la libertad"" en un Vertibird estrellado?";T-45;T-51;T-60;X-01
Medio;Entretenimiento: Cómics;¿Qué compañero de Batman es hijo de Talia al Ghul?;Damian Wayne;Dick Grayson;Tim Drake;Jason Todd
Medio;Entretenimiento: Anime y Manga japonés;"¿Qué estudio de animación animó el anime de 2016 ""Mob Psycho 100""?";Bones;Imágenes A-1;Eje;Manicomio
Medio;Deportes;¿Cuál de estos clubes de fútbol ingleses tiene su sede en Liverpool?;Everton;West Ham United;Crystal Palace;Arsenal
Medio;Entretenimiento: Dibujos animados y animaciones;¿Quién puso voz a Finn en Hora de Aventuras?;Jeremy Shada;Nolan North;John DiMaggio;Tom Kenny
Medio;Entretenimiento: Música;Según la RIAA: ¿Qué artista ha vendido más álbumes por millones?;Los Beatles;Elvis Presley;Michael Jackson;Pink Floyd
Medio;Entretenimiento: Videojuegos;"En el mapa ""Moon"" de ""Call Of Duty: Zombies"", hay un secundario llamado QED. ¿Qué significa QED?";Dispositivo de entrelazamiento cuántico;Controlador Quad Ectoplasmic;Cuestiona a todos los perros;Dispositivo Edward de calidad
Medio;Entretenimiento: Televisión;¿Qué personaje la actriz de voz Tara Strong NO pone voz?;Burbujas (2016);Brillo del Crepúsculo;Timmy Turner;Harley Quinn
Medio;Ciencia y Naturaleza;¿Cuántos dientes de leche o de leche tiene un niño humano en total?;20;10;15;25
Medio;Entretenimiento: Videojuegos;En Cocinar, Servir, ¡Delicioso!, ¿qué comida NO está incluida en el juego?;Pastel;Shish Kabob;Hamburguesa;Lasaña
Medio;Historia;"Una de las pandemias más mortíferas, la ""Gripe Española"", acabó con qué porcentaje de la población mundial humana en ese momento?";Del 3 al 6 por ciento;Del 6 al 10 por ciento;Del 1 al 3 por ciento;menos del 1 por ciento
Medio;Historia;¿En qué año cayó el Muro de Berlín?;1989;1987;1991;1993
Medio;Entretenimiento: Videojuegos;¿Cómo se llamaba el dispositivo que usó el Espantapájaros en Batman: Arkham Knight para cubrir Gotham con gas del miedo?;La Tormenta;La bomba del miedo;El estallido de miedo;Sistema de dispersión de nubes
Medio;Entretenimiento: Videojuegos;"En el juego ""Red Dead Redemption"", ¿cómo se llama el perro de John Marston?";Rufus;Rutus;Finn;Apollo
Medio;Ciencia y Naturaleza;¿Cuál es el estudio de las células y tejidos de plantas y animales?;Histología;Microbiología;Anatomía;Bioquímica
Medio;Entretenimiento: Videojuegos;"En la serie ""Ace Attorney"", ¿cuál es la relación entre Apollo Justice y Trucy Wright?";Son medio hermanos;Son compañeros de trabajo;Son amigos;Ambos son abogados
Medio;Arte;¿Cuáles eran los readymades de Marcel Duchamp?;objetos utilitarios elevados al estatus de arte;una serie centrada en el color y la luz en lugar de en línea y forma;cuadros con un cuadrado apenas visible;un grupo de cajas de acero idénticas sobresaliendo de la pared
Medio;Entretenimiento: Música;El productor de EDM Marshmello actúa en directo vestido con ropa y una máscara de malvavisco de qué color?;Blanco;Negro;Azul;Amarillo
Medio;Entretenimiento: Dibujos animados y animaciones;¿Cuál de estos no es un personaje real en la serie animada My Little Pony: La amistad es mágica?;Rose Marene;Pinkie Pie;Maud Pie;Rainbow Dash
Medio;Celebridades;"En 2014, este nuevo rapero que apareció en ""Computers"" y ""Body Dance"" fue arrestado en una redada encubierta por la policía de Nueva York por asesinato.";Bobby Shmurda;DJ Snake;Swae Lee;Joven Matón
Medio;Entretenimiento: Cine;En Buscando a Nemo, ¿cómo se llamaba la madre de Nemo?;Coral;Sandy;Pearl;Shelly
Medio;Vehículos;¿Qué fabricante fabricó el coche usado en Regreso al Futuro?;DeLorean;Ford;Toyota;Daihatsu
Medio;Conocimientos generales;¿Qué montaña tiene el pico más alto de Europa?;Monte Elbrus, Rusia;Shkhara;Georgia;Monte Ararat
Medio;Mitología;Esta figura mitológica griega es el dios/diosa de la estrategia de batalla (entre otras cosas).;Atenea;Ares;Artemisa;Apollo
Medio;Ciencia y Naturaleza;¿Cuál es el número atómico del uranio?;92;235;17;167
Medio;Geografía;¿En qué país europeo se encuentra la tierra de Gotland?;Suecia;Dinamarca;Noruega;Alemania
Medio;Geografía;¿Cuál de estas ciudades estadounidenses tiene menos de 1.000.000 de habitantes?;San Francisco, California;Phoenix;Arizona;San Antonio
Medio;Entretenimiento: Música;¿De qué país proviene el piano?;Italia;Alemania;Austria;Francia
Medio;Entretenimiento: Videojuegos;¿Cuál fue el juego #1 en ventas en Steam por ingresos en 2016?;La civilización VI de Sid Meier;Gran Robo de Auto V;Contraataque: Ofensiva Global;Dark Souls III
Medio;Entretenimiento: Dibujos animados y animaciones;"En ""Bob Esponja"", ¿cómo se llama el lugar de residencia de Sandy Cheek?";La cúpula del árbol de Sandy;"""La Cúpula""";La burbuja de Sandy;Centro de Investigación Aucuática
Medio;Animales;¿El plato Fugu, de qué familia de peces se hace?;Pez globo;Bajo;Salmón;Caballa
Medio;Entretenimiento: Música;The Proclaimers - I'm Going to Be (500 Miles) alcanzaron qué posición en la lista US Hot 100 en 1993?;3º;8º;1º;5º
Medio;Entretenimiento: Música;"¿Cuál de estos idiomas NO se incluyó en la canción de 2016 ""Don't Mind"" de Kent Jones?";Portugués;Japonés;Francés;Español
Medio;Entretenimiento: Música;¿Cuál de estas NO es una canción que aparece en el álbum 21st Century Breakdown de Green Day?;Es una rebelde;Conoce a tu enemigo;¿Viva la Gloria? (Niña pequeña);Antes de La Lobotomía
Medio;Entretenimiento: Televisión;"¿Cómo se llama el spin-off de ""Flash"" y ""Arrow"" que presenta a un equipo de personajes que han aparecido en ambas series?";Leyendas del Mañana;Héroes del Mañana;La Sociedad de la Justicia de América;La Sociedad de la Justicia
Medio;Entretenimiento: Anime y Manga japonés;"En ""JoJo's Bizarre Adventure"", ¿cuál de los siguientes Stands NO tiene una habilidad basada en el tiempo?";Chico del siglo XX;Hecho en el cielo;Star Platinum;El mundo
Medio;Ciencia: Informática;¿Qué lenguaje de programación fue el #1 en términos de uso en GitHub en 2015?;JavaScript;C#;Python;PHP
Medio;Animales;"¿Cuál es el nombre científico del ""Oso Polar""?";Ursus Maritimus;Oso polar;Ursus Spelaeus;Ursus Arctos
Medio;Geografía;¿Cuál es el quinto país más grande por superficie?;Brasil;Estados Unidos;Australia;India
Medio;Entretenimiento: Videojuegos;¿Cuál es la cantidad mínima de salud máxima que puedes tener en Team Fortress 2?;70;100;50;95
Medio;Conocimientos generales;"Este campo a veces se conoce como ""La Ciencia Desastrosa"".";Economía;Filosofía;Política;Física
Medio;Historia;¿En qué año se separó Texas de México?;1836;1838;1845;1844
Medio;Mitología;Según el folclore japonés, ¿cuál es la comida favorita de los Kappa?;Pepinos;Kabocha;Nasu;Soba
Medio;Entretenimiento: Videojuegos;¿En qué año lanzó Microsoft la consola Xbox original en Norteamérica?;2001;1998;2003;1996
Medio;Entretenimiento: Cine;"¿Cuál es la marca y modelo de los vehículos turísticos en ""Parque Jurásico"" (1993)?";Ford Explorer XLT 1992;Toyota Land Cruiser 1992;Jeep Wrangler YJ Sahar 1992;Mercedes Clase M
Medio;Conocimientos generales;¿En qué año nació Walt Disney?;1901;1902;1903;1900
Medio;Entretenimiento: Dibujos animados y animaciones;¿Qué habilidad tiene la princesa Sofía la Primera de su amuleto que le permite respirar bajo el agua?;Transformación de Sirena;Branquias artificiales;Cabeza de burbuja;Escudo de Burbuja
Medio;Entretenimiento: Videojuegos;¿Cuál fue el primer juego de PlayStation que requirió el uso del mando DualShock?;Fuga de simios;Metal Gear;Tekken;¡Tomba 2!
Medio;Conocimientos generales;¿Cuál de las siguientes universidades de la Ivy League tiene su lema oficial tanto en hebreo como en latín?;Universidad de Yale;Universidad de Princeton;Universidad de Harvard;Universidad de Columbia
Medio;Entretenimiento: Videojuegos;"En la serie Super Mario Bros., ¿de qué juego proviene el potenciador ""Carrot""?";Super Mario Land 2: Las 6 Monedas de Oro;Super Mario World;Super Mario Land;Super Mario 3D Land
Medio;Ciencia y Naturaleza;¿Qué es la hipernatremia?;Aumento del sodio en sangre;Disminución del potasio en sangre;Aumento de la glucosa en sangre;Disminución del hierro en sangre
Medio;Entretenimiento: Videojuegos;"¿Cuál de estos no es una de las reliquias de Drácula que se encuentran en el videojuego ""Castlevania II: Simon's Quest""?";El Diente;El clavo;El Ojo;El hueso de la costilla
Medio;Entretenimiento: Música;¿Qué banda tuvo éxitos en 1975 con las canciones 'One Of These Nights' y 'Lyin Eyes'?;Los Eagles;Oro de los Tontos;Los Hermanos Doobie;Fleetwood Mac
Medio;Geografía;¿Qué provincia canadiense tiene Charlottetown como capital?;Isla del Príncipe Eduardo;Saskachewan;Terririos del Noroeste;Ontario
Medio;Celebridades;Antes de poner voz a Pearl en Steven Universe, Deedee Magno Hall formaba parte de ¿qué banda estadounidense?;El partido;Las chicas del tiempo;Las Muñecas Gato;Las Chicas Cheetah
Medio;Entretenimiento: Música;"¿Cuál de estas canciones del artista Eminem contiene la letra ""Encantado de conocerte. Hola, me llamo... ¡Olvidé mi nombre!""?";Rain Man;Sin mí;Kim;Baile cuadrado
Medio;Deportes;¿Cuál es el nombre del equipo afiliado de la AHL de los Toronto Maple Leafs?;Toronto Marlies;Toronto Rock;Toronto Argonauts;Toronto Wolfpack
Medio;Entretenimiento: Videojuegos;"¿Cuál es el primer arma principal que el jugador obtiene en ""PAYDAY: The Heist""?";AMCAR-4;Brenner 21;Reinbeck;M308
Medio;Ciencia y Naturaleza;¿Cuál de estas NO forma parte de la estructura de una neurona típica?;Islotes de Langerhans;Nodo de Ranvier;Celda de Schwann;Vaina de mielina
Medio;Entretenimiento: Videojuegos;"En Super Smash Bros. Ultimate, ¿cuál de los siguientes dos personajes NO se considera ""Echo Fighters""?";Link y Young Link;Marth & Lucina;Richter & Simon;Peach & Daisy
Medio;Geografía;¿Dónde se encuentra la instalación de lanzamiento espacial más antigua del mundo que aún está en funcionamiento?;Kazajistán;Rusia;Irán;Estados Unidos
Medio;Conocimientos generales;De media, los estadounidenses consumen 100 libras de ¿qué por segundo?;Chocolate;Patatas;Donuts;Cocaína
Medio;Geografía;¿Cuál es el país musulmán más grande del mundo?;Indonesia;Pakistán;Arabia Saudí;Irán
Medio;Conocimientos generales;¿Qué bebida alcohólica se elabora principalmente a partir de bayas de enebro?;Ginebra;Vodka;Ron;Tequila
Medio;Entretenimiento: Videojuegos;"¿Qué juego ganó el premio ""Games for Impact"" en los Game Awards 2015?";La vida es extraña;Ori y el bosque ciego;Rocket League;Metal Gear Solid V: El Dolor Fantasma
Medio;Entretenimiento: Videojuegos;Durante el desarrollo del juego, ¿cuál fue el primer Pokémon creado jamás?;Rhyhorn;Bulbasaur;Mew;Arceus
Medio;Entretenimiento: Videojuegos;¿Dónde nació el personaje francotirador en Team Fortress 2?;Nueva Zelanda;Sudáfrica;Antártida;Australia
Medio;Ciencia y Naturaleza;¿Qué polímero se usa para fabricar CDs, gafas de seguridad y escudos antidisturbios?;Policarbonato;Goma;Nailon;Baquelita
Medio;Entretenimiento: Videojuegos;"En la versión beta del juego de 1986 ""The Legend of Zelda"", los jugadores tienen la opción entre una espada y qué otro objeto.";Boomerang;Lanza;Resortera;Ballesta
Medio;Conocimientos generales;"¿Qué frase latina se traduce aproximadamente como ""aprovecha el día""?";Carpe diem;Memento mori;Plus ultra;Sic semper tyrannis
Medio;Entretenimiento: Videojuegos;"¿Qué ""Perk-A-Cola"" en ""Call Of Duty: Zombies"" fue ""reestructurado"" en ""Call of Duty: Black Ops II""?";Cerveza de raíz de doble grifo;Quién es Quién;Juggernog;Patada de mula
Medio;Historia;¿En qué año se fundó la compañía de videojuegos Electronic Arts?;1982;1999;1981;2005
Medio;Entretenimiento: Televisión;¿Cuál de los siguientes es grosero y deshonroso según los estándares klingon?;Tomando su D'k tahg;Insultándolo y riéndose de él en la mesa;Extendiendo la mano para tomar su comida;Le golpeó y tomó su posición en la estación de la nave
Medio;Entretenimiento: Televisión;¿Cómo se llama el científico loco que es dueño de Planet Express en Futurama?;Hubert J. Farnsworth;Philip J. Fry;Rick Sánchez;Ogden Wernstrom
Medio;Entretenimiento: Anime y Manga japonés;"En ""Little Witch Academia"", ¿cuál es el alias de Shiny Chaud en la Academia Luna Nova?";Ursula Callistis;Croix Meridies;Miranda Holbrook;Anne Finnelan
Medio;Vehículos;¿Cuál de los siguientes no es fabricado por Ford?;Camry;Fusión;Modelo A;F-150
Medio;Geografía;¿Un león blandiendo una espada aparece representado en la bandera nacional de qué país?;Sri Lanka;Albania;Zambia;Moldavia
Medio;Geografía;¿Cuántos estados hay en Australia?;6;7;8;5
Medio;Entretenimiento: Dibujos animados y animaciones;"¿En qué año se emitió la adaptación al anime de ""March Comes In Like A Lion""?";2016;2017;2018;2015
Medio;Entretenimiento: Música;"¿En qué película se incluía la canción de Michael Jackson ""Will You Be There""?";Liberad a Willy;Insomnio en Seattle;Hombres de Negro;Chicos Malos
Medio;Entretenimiento: Videojuegos;En la serie Kingdom Heart, ¿quién pone voz en inglés al Maestro Eraqus?;Mark Hamill;Jason Dohring;Jesse McCartney;Haley Joel Osment
Medio;Entretenimiento: Videojuegos;"¿Cuántos juegos hay en la serie ""Colony Wars"" para PlayStation?";3;2;4;5
Medio;Vehículos;¿Qué parte del motor de un automóvil utiliza lóbulos para abrir y cerrar las válvulas de admisión y escape, y permite que entre una mezcla de aire y combustible en el motor?;Árbol de levas;Pistón;Eje de transmisión;Cigüeñal
Medio;Política;¿Quién es uno de los copríncipes de Andorra?;El presidente de Francia;El monarca del Reino Unido;El Papa;Nadie (el puesto está vacante)
Medio;Celebridades;"¿En qué año murió ""Bob Ross""?";1995;1986;1989;1997
Medio;Entretenimiento: Música;"¿Cuál de las siguientes estrellas no fue mencionada en la letra de ""Vogue"" de Madonna?";Mae West;Marlene Dietrich;Lana Turner;Grace Kelly
Medio;Entretenimiento: Cine;¿Quién interpretó al sargento Gordon Elias en 'Platoon' (1986)?;Willem Dafoe;Charlie Sheen;Matt Damon;Johnny Depp
Medio;Arte;"En ""La última cena"" de Leonardo Da Vinci, ¿de qué dos colores llevaba las túnicas que llevaba Jesús?";Rojo y Azul;Rojo y blanco;Rojo y amarillo;Rojo y negro
Medio;Entretenimiento: Anime y Manga japonés;¿Quién fue el primer Pokémon Legendario derrotado por Ash Ketchum en el anime Pokémon?;Articuno;Darkrai;Latios;Regice
Medio;Entretenimiento: Videojuegos;¿Quién es el creador de Geometry Dash?;Robert Topala;Scott Cawthon;Adam Engels;Andrew Spinks
Medio;Geografía;¿En qué país de África Occidental se encuentra la histórica ciudad de Tombuctú?;Malí;Senegal;Níger;Burkina Faso
Medio;Entretenimiento: Videojuegos;Mirror's Edge Catalyst tiene lugar en la Ciudad de...?;Vidrio;Espejos;Pureza;Diamantes
Medio;Entretenimiento: Videojuegos;"En el ARPG ""Path of Exile"", ¿cuál es la mayor cantidad de sockets que puede tener un objeto?";6;5;4;8
Medio;Entretenimiento: Anime y Manga japonés;"En el anime ""Gintama"", ¿a qué accesorio/prenda de ropa se refiere comúnmente al personaje Shinpachi?";Gafas;Pierna nasal;Camiseta;Ropa interior
Medio;Entretenimiento: Anime y Manga japonés;"¿Qué nombre de banda no es un sustituto en ""JoJo's Bizarre Adventure""?";AC/DC;Green Day;Superviviente;Red Hot Chili Peppers
Medio;Deportes;¿Qué entrenador de fútbol ganó más trofeos que ningún otro durante su etapa en el club inglés Manchester United?;Sir Alex Ferguson;David Moyes;Louis van Gaal;José Mourinho
Medio;Ciencia: Informática;El tiempo Unix se define como el número de segundos que han transcurrido desde cuándo.;Medianoche, 1 de enero de 1970;Medianoche;4 de julio;1976
Medio;Entretenimiento: Videojuegos;En The Elder Scrolls V: Skyrim, ¿quién es el bufón de la Hermandad Oscura?;Cicerón;Lucien Lachance;Arquímedes;Astrid
Medio;Celebridades;¿En cuál de estos programas de televisión no apareció el chef Gordon Ramsay?;Cazadores de subastas;Las pesadillas de la cocina de Ramsay;Hotel Infierno;Cocina del Infierno
Medio;Entretenimiento: Música;El co-creador de Gorillaz, Damon Albarn, es también el cantante principal de ¿qué banda?;Blur;Oasis;Radiohead;Reinas de la Edad de Piedra
Medio;Entretenimiento: Cine;¿Qué quarterback retirado de fútbol americano se interpretó a sí mismo en 'Ace Ventura: Pet Detective' y 'Little Nicky'?;Dan Marino;John Elway;Tom Brady;Joe Montana
Medio;Entretenimiento: Videojuegos;En el universo de Half-Life, ¿en qué estado de EE. UU. se encuentra la Instalación de Investigación Black Mesa?;Nuevo México;Nevada;Arizona;Wyoming
Medio;Entretenimiento: Televisión;"¿En qué año se estrenó ""The Big Bang Theory"" en CBS?";2007;2008;2006;2009
Medio;Entretenimiento: Libros;En Alicia en el País de las Maravillas, ¿cómo se llama el gatito de Alicia?;Dinah;Oscar;Heath;Smokey
Medio;Entretenimiento: Cómics;¿Cuál es el verdadero nombre de Hellboy?;Anung Un Rama;Mano derecha de la perdición;Ogdru Jahad;Azzael
Medio;Ciencia y Naturaleza;¿De qué continente provienen originalmente los boniatos?;Sudamérica;Asia;África;Europa
Medio;Entretenimiento: Anime y Manga japonés;¿Qué estudio hizo Cowboy Bebop?;Amanecer;Bones;Manicomio;Pierriot
Medio;Entretenimiento: Anime y Manga japonés;¿Quién es el personaje principal de One Piece?;Luffy;Vástas;Zoro;Smoker
Medio;Deportes;¿Quién fue el máximo goleador del Mundial de la FIFA 2014?;James Rodríguez;Thomas Müller;Lionel Messi;Neymar
Medio;Conocimientos generales;¿Cómo se llamó la bebida refrescante que Pepsi introdujo originalmente?;La bebida de Brad;Pepsin Pop;Carolina Cola;Jarabe de pepsina
Medio;Historia;¿Cómo se llamaba el héroe nacional de Filipinas que inspiró y lideró la Revolución Filipina contra la España colonial?;José Rizal;Simón Bolívar;Benito Juárez;José de San Martín
Medio;Ciencia y Naturaleza;¿Cuál es el término científico para 'gusto'?;Percepción gustativa;Olfacción;Somatosensación;Percepción auditiva
Medio;Vehículos;¿Qué empresa japonesa es el mayor fabricante mundial de motocicletas?;Honda;Yamaha;Suzuki;Kawasaki
Medio;Entretenimiento: Videojuegos;¿Qué juego NO forma parte de la serie Science Adventure, por 5pb? ¿y Nitroplus?;"Ocultismo; Nueve";"Steins; Puerta";"Robótica; Notas";"Caos; Niño"
Medio;Historia;¿Qué presidente estadounidense participó en la Conferencia de Potsdam, donde los Aliados alcanzaron un acuerdo de paz con Alemania?;Harry S. Truman;Dwight D. Eisenhower;Franklin D. Roosevelt;Herbert Hoover
Medio;Conocimientos generales;¿En 2013 cuánto dinero se perdió por estafas nigerianas?;12.700 millones de dólares;95 millones de dólares;956 millones de dólares;2.700 millones de dólares
Medio;Historia;¿Cuántos años duró la Guerra de los Cien Años?;116;100;90;101
Medio;Ciencia: Informática;"¿Cuándo se lanzó el lenguaje de programación ""C#""?";2000;1998;1999;2001
Medio;Entretenimiento: Cine;"¿Qué artista musical tuvo un papel destacado en la película de 2017 ""Kingsman: The Golden Circle""?";Elton John;Lady Gaga;Rihanna;Justin Bieber
Medio;Entretenimiento: Televisión;¿Quién cantó la canción principal del programa de televisión 'Rawhide'?;Frankie Laine;Guy Mitchell;Tennessee Ernie Ford;Slim Whitman
Medio;Entretenimiento: Videojuegos;¿En qué juego fue la primera vez que Mario fue doblado por Charles Martinet?;Galería de Juegos de Mario;Super Mario 64;Mario Tennis;Dr. Mario 64
Medio;Entretenimiento: Música;¿Cuántos miembros hay en la banda de rock japonesa SCANDAL?;4;5;2;18
Medio;Animales;¿Cuál es el nombre científico del chimpancé común?;Trogloditas Pan;Gorila gorila;Pan paniscus;Panthera leo
Medio;Entretenimiento: Cine;Leonardo Di Caprio ganó su primer Oscar a Mejor Actor por su interpretación en ¿en qué película?;El Renacido;El lobo de Wall Street;Isla Shutter;Origen
Medio;Entretenimiento: Videojuegos;"¿Cuándo se lanzó el videojuego ""P.A.M.E.L.A."" en Steam?";42803;7 de enero;2007;23 de octubre
Medio;Entretenimiento: Videojuegos;"Excluyendo a su instructor, ¿cuántos miembros de la Clase VII hay en el juego ""Legend of Heroes: Trails of Cold Steel""?";9;6;10;3
Medio;Entretenimiento: Libros;"En la novela ""Parque Jurásico"" de Michael Crichton, John Hammond encuentra su muerte en las garras de ¿qué dinosaurio?";Procompsognathus;Dilophosaurus;Tyrannosaurus Rex;Velociraptor
Medio;Historia;El fraude médico John R. Brinkley acumuló gran fama y riqueza a principios del siglo XX ofreciendo qué servicio?;Trasplante de testículos de cabra;Transfusión de sangre de cerdo;Trasplante de hígado de vaca;Implantes mamarios de Turquía
Medio;Entretenimiento: Música;"¿Sobre quién está escrita la canción de Pink Floyd ""Shine On You Crazy Diamond""?";Syd Barrett;John Lennon;David Gilmour;Floyd
Medio;Entretenimiento: Juegos de mesa;¿Cuántos puntos vale la ficha Z en Scrabble?;10;8;5;6
Medio;Entretenimiento: Videojuegos;"¿Cómo se llama la prisión en ""Half Life 2""?";Nova Prospekt;Gran Prospekt;Nuevo Prospecto;Pequeño Prospekt
Medio;Deportes;¿Cuál es la longitud exacta de una parte no curva en el Carril 1 de una pista olímpica?;84,39m;100 m;100 yardas;109,36 yardas
Medio;Entretenimiento: Música;"¿Quién es el vocalista y líder de la banda de rock ""Guns N' Roses""?";Axl Rose;Kurt Cobain;Corte;Bono
Medio;Arte;¿Qué estudio de artista era conocido como 'La Fábrica'?;Andy Warhol;Roy Lichtenstein;David Hockney;Peter Blake
Medio;Entretenimiento: Videojuegos;¿Cuántas veces luchas contra los Encarcelados en The Legend of Zelda: Skyward Sword?;3;2;4;5
Medio;Entretenimiento: Cine;"¿Qué superhéroe de DC NO fue incluido en la película de 2017 ""Justice League""?";Flecha Verde;Batman;Cyborg;Mujer Maravilla
Medio;Entretenimiento: Cine;¿Cuál de las siguientes películas no está basada en un libro?;Ciudadano Kane;El Padrino;Forrest Gump;Parque Jurásico
Medio;Entretenimiento: Cine;¿Cuál de estos actores se dice que fue eliminado de la película 'E.T. el Extraterrestre'?;Harrison Ford;Michael J. Fox;Andy Kaufman;Arnold Schwarzenegger
Medio;Entretenimiento: Dibujos animados y animaciones;"¿Cuál es el nombre real de Dipper en ""Gravity Falls""?";Mason Pines;Pinos de Mabel;Jason Pines;Mark Pines
Medio;Entretenimiento: Videojuegos;"¿Los derechos de la serie ""Rayman"" pertenecen a qué compañía?";Ubisoft;Nintendo;EA;Sony
Medio;Entretenimiento: Cine;"¿Quién es el director de la película de 1991 ""El silencio de los inocentes""?";Jonathan Demme;Stanley Kubrick;Frank Darabont;Michael Bay
Medio;Entretenimiento: Videojuegos;¿Quién es el personaje medio demonio en Divinity: Original Sin 2 con el que hablas para hacer la transición entre actos?;Enfermedad;Meister Siva;Gawin;Exter
Medio;Entretenimiento: Videojuegos;¿De qué país es Sean Matsuda en Street Fighter?;Brasil;Japón;EE. UU.;Reino Unido
Medio;Entretenimiento: Videojuegos;"¿Qué personaje interpreta el jugador en el videojuego ""Bastion""?";El Niño;Rucks;Zulf;Zia
Medio;Entretenimiento: Videojuegos;¿Cómo se llama el niño que realiza el Sacramento Negro en The Elder Scrolls V: Skyrim?;Aventus Aretino;Proventus Avenicci;Aval Atheron;Arngeir
Medio;Entretenimiento: Música;¿Cuál fue el primer álbum de Radiohead?;Pablo Honey;Las Curvas;Niño A;Una poza con forma de luna
Medio;Conocimientos generales;¿De dónde se originó la planta de piña?;Sudamérica;Hawái;Europa;Asia
Medio;Conocimientos generales;La cuenca Badwater del Valle de la Muerte es el punto de menor elevación de Norteamérica, ¿a cuántos pies bajo el nivel del mar?;282 pies;79 pies;1;640 pies
Medio;Entretenimiento: Juegos de mesa;¿Cuál de los siguientes juegos de mesa es el más antiguo?;Ve;Ajedrez;Mahjong;Shogi
Medio;Entretenimiento: Música;¿Qué género de hip hop rapea MC Frontalot?;Nerdcore;Horrorcore;Christian;Crunk
Medio;Ciencia: Informática;¿Cuál era el límite de tamaño de bloque de Bitcoin en 2010?;1 MB;1GB;1 KB;1 TB
Medio;Entretenimiento: Videojuegos;"En Hitman: Blood Money, ¿cómo se llama el objetivo en la misión ""Muerte de un showman""?";Joseph Clarence;El Rey del Swing;Maynard John;Manuel Delgado
Medio;Entretenimiento: Videojuegos;"¿Cuál de estos no es un vehículo DLC en ""Mario Kart 8""?";Salvaje Suelta;Cascabelero de huesos;B Dasher;300 SL Roadster
Medio;Entretenimiento: Cómics;En el reinicio de DC Comics de 2016, Rebirth, ¿qué velocista escapó de la Fuerza de la Velocidad después de haber sido borrado de la existencia?;Wally West;Johnny Quick;Jay Garrick;Eobard Thawne
Medio;Entretenimiento: Cine;"En el universo de ""Jurassic Park"", ¿cómo se llama la isla que contiene el Sitio B de InGen?";Isla Sorna;Isla Nublar;Isla Peña;Isla Muerta
Medio;Historia;¿Cómo se llamaba uno de los palacios supervivientes de Enrique VIII situado cerca de Richmond, Londres?;Hampton Court;Palacio de St James;Palacio de Buckingham;Tribunal Coughton
Medio;Geografía;Las siguientes provincias españolas se encuentran en la zona norte de España excepto:;Murcia;Asturias;Navarra;León
Medio;Vehículos;¿Cuál fue el primer vehículo que incorporó aire acondicionado como estándar de fábrica?;Packard;Tucker;Ford;Hudson
Medio;Entretenimiento: Libros;"¿Dónde transcurre ""IT"" de Stephen King?";Derry, Maine;Rockford;Illinois;Innsmouth
Medio;Ciencia: Informática;¿Cuántos ordenadores Apple I se crearon?;200;100;500;1000
Medio;Entretenimiento: Música;¿Qué banda familiar estadounidense tuvo un éxito en el top 10 en 1986 con la canción 'Crush On You'?;Los Jets;DeBarge;Los Jackson;Las chicas de portada
Medio;Entretenimiento: Música;"¿De qué país proviene la banda de power metal ""Sabaton""?";Suecia;Alemania;Estados Unidos;Finlandia
Medio;Geografía;¿Cuáles son los cuatro estados de los extremos de Estados Unidos?;Utah, Colorado, Arizona, Nuevo México;Oregón;Idaho;Nevada
Medio;Entretenimiento: Música;¿Cuál de los siguientes guitarristas grabó un álbum como miembro de los Red Hot Chili Peppers?;Dave Navarro;Tom Morello;Billy Corgan;Ed O'Brien
Medio;Entretenimiento: Videojuegos;"¿Quién creó al Agente 47 en la serie de juegos ""Hitman""?";Dr. Otto Wolfgang Ort-Meyer;Profesor Hertz Amadeus Schneider;Dr. Josef Mengele;Profesor Otto Rothwinkler
Medio;Entretenimiento: Videojuegos;"¿Cuál de estos personajes de ""Mortal Kombat"" ha sido jugable en todos y cada uno de los juegos principales?";Sub-Zero;Raiden;Escorpión;Liu Kang
Medio;Conocimientos generales;De estos cuatro edificios, ¿cuál es el más alto, con una altura de 1.250 pies (381 m)?;Empire State Building, Estados Unidos;Torre del Banco de China;Hong Kong;Torre de la Federación
Medio;Conocimientos generales;"¿Cuál es la palabra portuguesa para ""Brasil""?";Brasil;Brasil;Brasilia;Brasíl
Medio;Entretenimiento: Cine;"La película de 1939 ""El mago de Oz"" contenía un caballo que cambiaba de color, ¿qué material usaron para lograr este efecto?";Gelatina;Tinte;Pintura;Efecto CGI
Medio;Entretenimiento: Videojuegos;¿Cuál de las siguientes no es una raza jugable en el MMORPG Guild Wars 2?;Tengu;#CONNECT!;Charr;Asura
Medio;Entretenimiento: Videojuegos;¿Cuál de estos campeones del MOBA 'League of Legends' NO es un Yordle?;Annie;Veigar;Tristana;Lulu
Medio;Entretenimiento: Videojuegos;"¿Cuál de estos juegos de ""Worms"" contaba con jugabilidad en 3D?";Worms 4: Caos;Worms W.M.D;Gusanos Recargados;Worms: Open Warfare 2
Medio;Geografía;¿Cuál de estas capitales de estos países empieza por la letra B?;Líbano;Jordan;Kuwait;Qatar
Medio;Conocimientos generales;Si el cabello de una persona se describe como 'Tiziano', ¿de qué color es?;Rojo;Rubia;Morena;Negro
Medio;Entretenimiento: Videojuegos;"¿Cuántos Manuscritos del Mar Hundido habituales hay en ""Splatoon""?";27;32;30;5
Medio;Ciencia: Informática;¿Qué significaba originalmente el nombre de la Red de Anonimato Tor?;El Onion Router;El único router;El Router Naranja;El Enrutador Ominoso
Medio;Entretenimiento: Música;¿Quién es el cantante principal de The Lumineers?;Wesley Schultz;Jeremiah Fraites;Jay Van Dyke;Neyla Pekarek
Medio;Entretenimiento: Videojuegos;"¿Cuál de estas NO es una raza de personajes jugable en el videojuego ""Starbound""?";Fenerox;Floran;Novakid;Hylotl
Medio;Entretenimiento: Cine;¿En qué película el personaje de Robin Williams tiene que disfrazarse de mujer?;Señora Doubtfire;Perros Viejos;Jumanji;Despertares
Medio;Historia;¿A qué evento histórico hacía referencia la Obertura de 1812 de Chaikovski?;Las Guerras Napoleónicas;La Guerra de Estados Unidos de 1812;La Revolución Rusa;La carga de la brigada ligera (Guerra de Crimea)
Medio;Conocimientos generales;"En la antigua Grecia, si tu trabajo fuera un ""hippeus"", ¿cuál de estos tendrías?";Caballo;Tejer;Guitarra;Barco
Medio;Entretenimiento: Cine;En El Señor de los Anillos: La Comunidad del Anillo, ¿cuál de los siguientes personajes del libro fue excluido de la película?;Tom Bombadil;Strider;Petasite de Barliman;Celeborn
Medio;Historia;¿Cuándo fue coronado Napoleón Bonaparte emperador de los franceses?;2 de diciembre de 1804;3 de julio de 1802;8 de marzo de 1803;15 de octubre de 1804
Medio;Entretenimiento: Videojuegos;En la serie PAYDAY, ¿quién es el líder icónico de la banda PAYDAY?;Dallas;Lobo;Cadenas;Hoxton
Medio;Ciencia y Naturaleza;¿Miopía es el término científico para qué condición?;Miopía;Hipermetropía;Visión doble;Visión nublada
Medio;Ciencia: Gadgets;"¿Qué empresa diseñó el formato de videocasete ""Betamax""?";Sony;Panasonic;LG;Fujitsu
Medio;Entretenimiento: Videojuegos;En Pokémon Diamante, Perla y Platino, ¿dónde se puede encontrar un Munchlax?;Árboles de miel;Intercambiar con un PNJ;Césped en la Ruta 209;Cueva Errante
Medio;Ciencia y Naturaleza;¿Qué mineral tiene el número más bajo en la escala de Mohs?;Talco;Cuarzo;Diamante;Gypsum
Medio;Entretenimiento: Videojuegos;¿Quién es el personaje principal en la mayoría de los juegos de la serie YS?;Adol Christin;El personaje no tiene nombre;Estelle Bright;Roger Wilco
Medio;Entretenimiento: Anime y Manga japonés;"¿Krusty es el maestro de la guild de qué en ""Log Horizon""?";D. D. D;Espada de Plata;Brigada de Viento del Oeste;Sistemas Oceánicos (Agencia Marina)
Medio;Ciencia: Informática;¿Qué empresa de internet comenzó como una librería online llamada 'Cadabra'?;Amazon;eBay;Excedente de stock;Shopify
Medio;Entretenimiento: Videojuegos;¿Qué juego de Sonic the Hedgehog introdujo a Knuckles el Equidna?;Sonic el Erizo 3;Sonic el erizo 2;Sonic & Knuckles;Aventura Sonic
Medio;Entretenimiento: Videojuegos;El creador de la serie Proyecto Touhou es:;ZUN;SUN;CORRE;JUEGO
Medio;Entretenimiento: Videojuegos;En el juego Silent Hill 2, ¿quién fue la difunta esposa de James Sunderland?;Mary;María;Angela;Laura
Medio;Deportes;¿Cuál es el apodo del club de rugby union de Northampton City?;Santos;Arlequines;Sarracenos;Avispas
Medio;Entretenimiento: Videojuegos;¿Qué franquicia tuvo un evento especial en el popular MMORPG Final Fantasy XIV: A Realm Reborn?;Vigilancia Yo-kai;Pokémon;Yu-gi-oh;Pelea de compañeros
Medio;Ciencia y Naturaleza;¿Quién descubrió las radiografías?;Wilhelm Conrad Röntgen;Thomas Alva Edison;James Watt;Albert Einstein
Medio;Entretenimiento: Videojuegos;En el videojuego DOTA 2, ¿cuál de estos NO es un héroe?;Campeón Dragón;Vidente Oscuro;Guardián de la Luz;Mirana
Medio;Entretenimiento: Videojuegos;"En ""Kingdom Hearts"", ¿qué misión les asigna Donald y Goofy el Rey Mickey?";¡Encontrar al portador de la Llave y quedarnos con él!;¡A encontrar al portador de la Llave y robar la llave!;¡A encontrar al portador de la Llave y informar!;¡Encontrar al portador de la Llave y matarlo!
Medio;Entretenimiento: Videojuegos;"¿Qué artista musical NO apareció como avatares jugables en el juego ""DJ Hero""?";Dr. Dre;DJ Shadow;Daft Punk;Gran Maestro Flash
Medio;Entretenimiento: Cine;¿Cuál de las siguientes películas NO fue dirigida por Quentin Tarantino?;De anochecer al amanecer;Jackie Brown;Pulp Fiction;Perros del embalse
Medio;Entretenimiento: Libros;¿Qué autor estadounidense también fue un escritor de viajes en ciernes y escribió sobre sus aventuras con su perro Charley?;John Steinbeck;F. Scott Fitzgerald;Ernest Hemingway;William Faulkner
Medio;Conocimientos generales;¿Cuándo se presentó por primera vez a Hubba Bubba?;1979;1984;1972;1980
Medio;Historia;¿La Casa Fallingwater, situada en Pensilvania, fue diseñada por qué arquitecto?;Frank Lloyd Wright;Antoni Gaudí;Frank Gehry;Le Corbusier
Medio;Entretenimiento: Anime y Manga japonés;"¿Quién escribió y dirigió la película animada ""El viaje de Chihiro"" (2001)?";Hayao Miyazaki;Isao Takahata;Mamoru Hosoda;Hidetaka Miyazaki
Medio;Entretenimiento: Videojuegos;"En ""The Legend of Zelda: Ocarina of Time"", ¿cuál es la cantidad máxima de rupias que Link puede cargar?";500;999;1000;5000
Medio;Conocimientos generales;¿Cuál es la moneda de Polonia?;ZÅ'oty;Rublo;Euro;Krone
Medio;Entretenimiento: Dibujos animados y animaciones;¿Cuál de estos personajes de dibujos animados NO tiene la voz de Rob Paulsen?;Max Tennyson (Ben 10);Carl Wheezer (Jimmy Neutron);Yakko Warner (Animaniacs);La Máscara (La Máscara
Medio;Entretenimiento: Música;"¿Qué Beatle escribió y cantó la canción ""Why Don't We Do It in the Road"" tras inspirarse al ver a dos monos copulando en la calle?";Paul;John;George;Ringo
Medio;Entretenimiento: Música;"¿Quién era el guitarrista de la banda ""The Doors""?";Robby Krieger;Eric Clapton;John Densmore;Jimi Hendrix
Medio;Ciencia y Naturaleza;¿Cuál de estos es un tipo de estiramiento/reflejo tendinoso profundo?;Reflejo de tirón de tobillo;Reflejo nauseoso;Reflejo lumínico pupilar;Reflejo de rasguño
Medio;Entretenimiento: Videojuegos;"¿Qué tipo de género es el controvertido juego de 2015 ""Hatred""?";Dispara's;Apuntar y hacer clic;MMORPG;Simulación
Medio;Entretenimiento: Juegos de mesa;¿Qué letra se usa para referirse al maná azul en el juego de cartas Magic The Gathering?;U;B;L;E
Medio;Entretenimiento: Dibujos animados y animaciones;"En ""El asombroso mundo de Gumball"", ¿quién es el director de Elmore Junior High?";Director Brown;Director Small;Fuerza Principal;Director Simeon
Medio;Deportes;¿Quién ganó el Campeonato Nacional del College Football Playoff (CFP) en 2015?;Ohio State Buckeyes;Alabama Crimson Tide;Tigres de Clemson;Wisconsin Badgers
Medio;Entretenimiento: Libros;"¿Cuál fue el último mensaje de los delfines en ""La guía del autoestopista galáctico""?";"""Hasta luego, y gracias por todos los peces.""";"""La respuesta es 42.""";"""Tierra de los valientes.""";"""¡Adiós mundo cruel!"""
Medio;Entretenimiento: Cine;"¿Cuál es el nombre del personaje que interpreta Nicolas Cage en la película ""National Treasure""?";Benjamin Franklin Gates;Thomas Jefferson Walker;George Washington Swanson;John Quincy Beckett
Medio;Entretenimiento: Música;¿Cuál de estos no es un álbum de Ed Sheeran?;-;+;X;÷
Medio;Entretenimiento: Videojuegos;En Call Of Duty: Black Ops II, ¿quién es el antagonista principal?;Raúl Menéndez;Vladimir Makarov;Frank Woods;DeFalco
Medio;Celebridades;"¿Quién es más conocido como ""James Rolfe""?";El friki enfadado de los videojuegos;TotalBiscuit;PeanutButterGamer;PewDiePie
Medio;Entretenimiento: Videojuegos;"¿Cuál es el nombre del primer nivel en ""Call of Duty: World at War""?";Semper Fi;Anillo de acero;Vendetta;Desahucio
Medio;Entretenimiento: Videojuegos;¿Cuál de ellos no era miembro de los Cinco Malvados en el juego Sly Cooper y el Thievius Raccoonus?;Dimitri Lousteau;Mz. Ruby;Muggshot;Clockwerk
Medio;Entretenimiento: Cine;¿Qué película del director de cine Stanley Kubrick es conocida por ser una adaptación de una novela de Stephen King?;El resplandor;2001: Una odisea del espacio;Dr. Strangelove;Ojos bien cerrados
Medio;Historia;"¿Qué país tuvo una ""Revolución Naranja"" entre 2004 y 2005?";Ucrania;Bielorrusia;Letonia;Lituania
Medio;Entretenimiento: Videojuegos;¿Quién es el actor de voz en inglés de Sora en la serie Kingdom Hearts?;Haley Joel Osment;KÅki Uchiyama;Jesse McCartney;Miyu Irino
Medio;Historia;La ametralladora fue diseñada en 1960 por el fabricante.;General Electric;Armas Colt;Heckler & Koch;Sig Sauer
Medio;Geografía;¿Cuál es el único estado de EE. UU. ubicado completamente dentro de la región de los Apalaches?;Virginia Occidental;Pensilvania;Alabama;Kentucky
Medio;Entretenimiento: Cómics;¿En cuál de los siguientes superhéroes NO tenía interés amoroso Wonder Woman?;Flecha Verde;Superman;Batman;Steve Trevor
Medio;Historia;¿En qué año se fundó el fabricante italiano de armas Beretta?;1526;1776;1923;1998
Medio;Entretenimiento: Anime y Manga japonés;"¿Cómo se llama el personaje principal del anime ""One-Punch Man""?";Saitama;Genos;Sonic;Rey
Medio;Deportes;¿Quién fue el máximo goleador de la selección inglesa de fútbol?;Wayne Rooney;David Beckham;Steven Gerrard;Michael Owen
Medio;Entretenimiento: Videojuegos;"En ""PAYDAY 2"", ¿qué arma tiene el mayor daño base por disparo?";HRL-7;Ballesta pesada;Thanatos .50 cal;Pistola de escoba
Medio;Vehículos;"¿Qué fabricante de coches creó el ""Aventador""?";Lamborghini;Ferrari;Pagani;Bugatti
Medio;Entretenimiento: Música;¿Cuál fue el nombre del primer álbum de estudio de Pink Floyd?;El Flautista en las Puertas del Amanecer;Ummagumma;Más;Madre Corazón Átomo
Medio;Animales;¿Cuál es el ave nacional de Baréin?;Bulbul;Colibrí;Halcón;Sparrow
Medio;Entretenimiento: Videojuegos;"¿Cuál de estos NO es DLC para el videojuego llamado ""Tabletop Simulator""?";El Vínculo de Isaac: Cuatro Almas;Redux de los Tres Reinos;Superfight;¡Señor Game!
Medio;Entretenimiento: Música;¿Cuál de estas personas ha estado en la banda ''Metallica'' en el pasado?;Dave Mustaine;Kurt Cobain;Joey Belladonna;Dave Lombardo
Medio;Entretenimiento: Televisión;"¿En qué episodio de ""Mr. Bean"" intentó evitar que la gente lo viera desnudo?";El señor Bean en la habitación 426;El señor Bean va al pueblo;El problema con Mr. Bean;Vuelta al cole, señor Bean
Medio;Entretenimiento: Videojuegos;"¿Cuál de estos es el nombre de un enemigo eliminado de ""Half-Life 2""?";Hydra;Cthulu;Spike;Temblor
Medio;Geografía;¿Cuál es la capital de Perú?;Lima;Santiago;Montevideo;Buenos Aires
Medio;Entretenimiento: Anime y Manga japonés;"¿Qué grupo musical japonés se formó para producir la música principal del anime ""Guilty Crown""?";Egoísta;Casa de los gansos;Babymetal;Garnidelia
Medio;Deportes;En una partida de billar, ¿de qué color vale 3 puntos?;Verde;Amarillo;Brown;Azul
Medio;Entretenimiento: Cine;¿Quién hizo la música del Blade Runner original?;Vangelis;Kitaro;Yanni;Enya
Medio;Conocimientos generales;El cofundador de Apple, Steve Jobs, murió por complicaciones de qué tipo de cáncer?;Pancreáticos;Bone;Hígado;Estómago
Medio;Entretenimiento: Música;"¿Qué artista curó la banda sonora oficial de ""Los Juegos del Hambre: Sinsajo - Parte 1""?";Lorde;#CONNECT!;Tove Lo;Charli XCX
Medio;Conocimientos generales;¿En qué año se presentó el primer Apple iPod?;2001;2000;1999;1998
Medio;Entretenimiento: Música;¿El primer álbum de Ellie Goulding se llamaba?;Luces;Halcyon;Luces brillantes;Días dorados
Medio;Historia;¿Qué conflicto histórico causó más muertes?;Segunda Guerra Mundial;Rebelión Taiping;Guerra de los Tres Reinos;Conquistas mongolas
Medio;Ciencia: Matemáticas;¿Cuántos libros hay en los Elementos de Geometría de Euclides?;13;8;10;17
Medio;Entretenimiento: Juegos de mesa;"En ""Magic: The Gathering"", ¿qué carta instantánea tiene el mayor coste de maná convertido?";Infusión de Blinkmoth;Viento Vitalizador;Canto de Vitu-Ghazi;Afirmar autoridad
Medio;Geografía;¿Qué país africano tiene el portugués como idioma oficial?;Mozambique;Botsuana;Gabón;Togo
Medio;Entretenimiento: Videojuegos;En el juego Paper Mario para Nintendo 64, el primer compañero que conoces es un Goomba, ¿cómo se llama?;Goombario;Goombella;Goombarry;Goomby
Medio;Entretenimiento: Videojuegos;"En la serie ""Portal"", ¿quién fue el asistente personal de Cave Johnson?";Caroline;Heather;Melissa;Jane
Medio;Entretenimiento: Cómics;Encontrado en el universo ficticio de Marvel Comics, ¿cómo se llama el metal casi indestructible que recubre los huesos y garras de Lobezno?;Adamantio;Titanio;Vibranio;Carbonadio
Medio;Entretenimiento: Videojuegos;"¿Cuándo se lanzó ""Garry's Mod""?";38345;13 de noviembre;2004;13 de diciembre
Medio;Animales;¿Qué raza de perro es una de las más antiguas y ha prosperado desde antes del 400 a.C.?;Carlino;Bulldogs;Boxeadores;Chihuahua
Medio;Geografía;¿Qué país reclama la propiedad del estado en disputa de Kosovo?;Serbia;Croacia;Albania;Macedonia
Medio;Historia;¿Qué fusil de asalto automático ruso de gas se desarrolló en la Unión Soviética en 1947 y que todavía se usa popularmente hoy en día?;AK-47;RPK;M16;MG 42
Medio;Entretenimiento: Videojuegos;En la serie Portal, ¿con qué nombre se fundó Aperture Science a principios de los años 40?;Accesorios de apertura;Lavabos de apertura;Innovadores de Aperture Science;Laboratorios Wheatley
Medio;Entretenimiento: Videojuegos;"¿Cómo se llama la moneda en la serie ""Animal Crossing""?";Campanas;Conchas marinas;Hojas;Bugs
Medio;Conocimientos generales;"¿Qué subfusil fabricado en Estados Unidos era conocido informalmente por los soldados estadounidenses que la usaban como ""Grease Gun""?";M3;Colt 9mm;Thompson;MAC-10
Medio;Entretenimiento: Dibujos animados y animaciones;¿Qué personaje de Sanrio fue introducido en 1996?;Pompompurina;Mi Melodía;Badtz-Maru;Kerropi
Medio;Entretenimiento: Música;"¿Qué artista/banda francesa es conocida por tocar el instrumento midi ""Launchpad""?";Madeon;Daft Punk;Divulgación;David Guetta
Medio;Historia;¿Cuál es el recurso mnemotécnico para recordar el destino de las esposas de Enrique VIII?;Divorciado, decapitado, muerto, divorciado, decapitado, sobrevivido;Decapitado;Fallecido;Divorciados
Medio;Entretenimiento: Videojuegos;¿Cuál de estos emotes de Fortnite NO implica un deporte de alguna manera?;Freestylin';Tarjeta roja;Kick Ups;Jugador
Medio;Deportes;¿Cuál de los siguientes torneos de Grand Slam ocurre ÚLTIMO?;US Open;Roland Garros;Wimbledon;Abierto de Australia
Medio;Ciencia: Informática;Whistler era el nombre en clave de este sistema operativo de Microsoft.;Windows XP;Windows 2000;Windows 7;Windows 95
Medio;Geografía;"¿Qué ciudad de Texas es apodada ""La Rosa Amarilla de Texas""?";Amarillo;Corpus Christi;Frisco;Houston
Medio;Celebridades;¿Con qué famoso jardinero de los New York Yankees se casó Marilyn Monroe?;Joe DiMaggio;Tino Martinez;Babe Ruth;Mason Williams
Medio;Entretenimiento: Cine;¿En qué película de 1973 interpreta Yul Brynner a un vaquero robótico que falla y se lanza a una ola de asesinatos?;Westworld;Fugitivo;Android;Los Terminators
Medio;Entretenimiento: Libros;"En ""El libro de la selva"" de Rudyard Kipling, ¿qué tipo de serpiente era Kaa?";Python;Cobra;Anaconda;Viper
Medio;Entretenimiento: Cine;"¿Quién interpretó la canción de apertura de la película de James Bond 007 ""Goldfinger""?";Shirley Basey;Tom Jones;John Barry;Sheena Easton
Medio;Entretenimiento: Música;¿De qué país es el cantante Kyary Pamyu Pawyu?;Japón;Corea del Sur;China;Vietnam
Medio;Entretenimiento: Videojuegos;¿En qué año se fundó la plataforma de streaming de videojuegos TwitchTV?;2011;2012;2010;2014
Medio;Entretenimiento: Videojuegos;¿Cuándo se lanzó Virtual Boy de Nintendo?;1995;1989;1997;1992
Medio;Entretenimiento: Música;"¿En qué año sacó ""Caravan Palace"" su primer álbum?";2008;2000;2015;2004
Medio;Conocimientos generales;"¿Cuál es la palabra romanizada japonesa para ""universidad""?";Daigaku;Toshokan;Jimusho;Shokudou
Medio;Deportes;¿Qué equipo de fútbol ganó la Copa América 2015?;Chile;Argentina;Brasil;Paraguay
Medio;Entretenimiento: Música;¿En qué año se compuso la Obertura de 1812 de Chaikovski?;1880;1812;1790;1840
Medio;Entretenimiento: Música;¿Cuál de estas canciones de American Idiot: The Musical era una canción inédita de Green Day?;Cuando llegue el momento;¿Somos nosotros la espera?;Antes de La Lobotomía;Hijo favorito
Medio;Mitología;¿Quién es el dios de la guerra en la mitología polinesia?;Oro;Hina;Kohara;MÄui
Medio;Entretenimiento: Música;"¿Qué monumento de Toronto apareció en la portada del álbum ""Views"" del rapero canadiense Drake de 2016?";CN Tower;Jardines Allan;Union Station;Teatro Prince of Wales
Medio;Entretenimiento: Videojuegos;¿En qué año salió la primera versión de Blockland?;2004;2007;2008;2006
Medio;Geografía;¿Las montañas Pirineos están en la frontera de qué dos países?;Francia y España;Italia y Suiza;Noruega y Suecia;Rusia y Ucrania
Medio;Geografía;¿Qué cordillera bordea la frontera entre España y Francia?;Pirineos;Alpes;Cárpatos;Urales
Medio;Entretenimiento: Anime y Manga japonés;El principal antagonista de la segunda parte de JoJo's Bizarre Adventure es cuál de las siguientes?;Kars;Erina Joestar;Santana;Beck conectado
Medio;Historia;¿Cuándo concluyó la Gran Guerra Patria en la URSS?;9 de mayo de 1945;2 de septiembre;1945;9 de agosto
Medio;Ciencia: Informática;¿Cómo se llamó Android 4.3?;Gominola;Lollipop;Nutella;Froyo
Medio;Celebridades;¿En qué programa de televisión ha estado Dan Gheesling?;Gran Hermano;Peligro;Superviviente;El Soltero
Medio;Conocimientos generales;¿En qué país se celebraron los Juegos Olímpicos de Verano de 1992?;España;Rusia;Corea;EE. UU.
Medio;Entretenimiento: Videojuegos;"¿Cuántas notas diferentes contiene la melodía ""Song of Healing"" en ""The Legend of Zelda: Majora's Mask""?";3;4;1;6
Medio;Historia;¿Cuál era la longitud total del Titanic?;882 pies | 268,8 m;759 pies | 231,3 m;1042 pies | 317,6 m;825 pies | 251,5 m
Medio;Entretenimiento: Videojuegos;"Al principio del juego ""Sonic Adventure"", ¿de qué color es la Esmeralda del Caos que posee Tails?";Morado;Rojo;Verde;Azul
Medio;Política;Entre 1973 y 1990, ¿qué país estuvo gobernado por el dictador Augusto Pinochet?;Chile;Etiopía;Indonesia;Nicaragua
Medio;Entretenimiento: Música;"¿Qué canción de Queen fue versionada por Brittany Murphy en la película de 2006 ""Happy Feet""?";Alguien a quien amar;Bajo presión;Flash;Rapsodia Bohemia
Medio;Conocimientos generales;"¿Cómo se llama el popular accesorio animatrónico cantor, que interpreta éxitos como ""No te preocupes, sé feliz""?";Big Mouth Billy Bass;Big Billy Bass;Pez Cantor;Sardeen
Medio;Entretenimiento: Televisión;¿El primer dibujo animado CGI de media hora, ReBoot, se emitió en qué año?;1994;1993;1998;1999
Medio;Ciencia y Naturaleza;¿Cuál es el número atómico del elemento estroncio?;38;73;47;11
Medio;Entretenimiento: Anime y Manga japonés;"En ""To Love-Ru: Darkness"", ¿cuál de las chicas intenta crear un harén para Rito Yuuki?";Momo Deviluke;Yami (Oscuridad Dorada);Haruna Sairenji;Mea Kurosaki
Medio;Ciencia: Informática;¿Cuántos bits componen la parte de significado de un solo número de punto flotante de precisión?;23;8;53;15
Medio;Ciencia: Informática;¿Cuál de estos es el nombre del dispositivo fallido de depósito en garantía de llaves introducido por la Agencia de Seguridad Nacional en 1993?;Clipper Chip;Máquina Enigma;Skipjack;Nautilus
Medio;Entretenimiento: Televisión;En Breaking Bad, ¿las iniciales W.W. se refieren a cuál de las siguientes?;Walter White;William Wolf;Willy Wonka;Wally Walrus
Medio;Geografía;¿Cuál de estas islas japonesas es la más grande en superficie?;Shikoku;Iki;Odaiba;Okinawa
Medio;Entretenimiento: Videojuegos;En Yakuza 4, ¿quién es el primer personaje con el que juegas?;Shun Akiyama;Taiga Saejima;Kazuma Kiryu;Goro Majima
Medio;Entretenimiento: Libros;"¿Cuál es la marca y modelo de los vehículos turísticos en ""Jurassic Park"" (1990)?";Toyota Land Cruiser 1989;Jeep Wrangler YJ Sahar 1989;Ford Explorer XLT 1989;Mercedes Clase M
Medio;Entretenimiento: Videojuegos;"¿Cuántas barras de metal se necesitan para forjar un cuerpo de placas en el MMO ""RuneScape""?";5 compases;3 compases;2 compases;10 compases
Medio;Conocimientos generales;¿Cuál de estos cantantes y compositores estadounidenses ganó el Premio Nobel de Literatura?;Bob Dylan;Buddy Holly;Johnny Cash;Alice Cooper
Medio;Ciencia: Matemáticas;¿Cuál de estas distribuciones de probabilidad NO es discreta?;Normal;Binomial;Poisson;Hipergeometría
Medio;Conocimientos generales;¿Cuál de las siguientes NO es una de las fábulas de Esopo?;El zorro y el sabueso;El zorro y las uvas;La tortuga y la liebre;La rana y el buey
Medio;Animales;¿Cuál es el sustantivo colectivo para osos?;Pereza;Conducía;Tribu;Husk
Medio;Conocimientos generales;¿Qué fabricante italiano de automóviles obtuvo el control mayoritario del fabricante estadounidense Chrysler en 2011?;Fiat;Maserati;Alfa Romeo;Ferrari
Medio;Entretenimiento: Televisión;"¿Cuál es el escenario de la serie ""Parques y Recreo""?";Pawnee, Indiana;Eagleton;Indiana;Pasadena
Medio;Entretenimiento: Anime y Manga japonés;¿Qué estudio animó Soul Eater?;Bones;Kyoto Animation;xebec;Producción I.G
Medio;Entretenimiento: Videojuegos;¿Qué juego de puzles fue diseñado por un programador ruso, con edificios y música rusos?;Tetris;Jenga;Boulder Dash;Desconcertado
Medio;Entretenimiento: Videojuegos;"En ""PUBATTLEGROUNDS"", ¿cómo se llama la isla de la Base Militar?";Sosnovka;Novorepnoye;Mylta;Yasnaya
Medio;Entretenimiento: Videojuegos;En el complemento Honest Hearts de Fallout: New Vegas, ¿cómo se llama la pistola personal .45 de Joshua Graham?;Una luz brillando en la oscuridad;Réquiem;María;Compensación de los Caídos
Medio;Entretenimiento: Televisión;¿Quién interpreta al personaje de Dennis Reynolds en It's Always Sunny in Philadelphia?;Glenn Howerton;Rob McElhenney;Charlie Day;Danny DeVito
Medio;Entretenimiento: Anime y Manga japonés;"En el anime ""Toaru Majutsu no Index"", Touma Kamijou es un esper de nivel 0 que tiene la capacidad de hacer qué?";Disipa cualquier esper o poder mágico;Teletransporte;Establecer comunicaciones telepáticas;Crear electricidad de su propio cuerpo
Medio;Geografía;¿Cuál es la capital de Nueva Zelanda?;Wellington;Auckland;Christchurch;Melbourne
Medio;Historia;¿Qué emperador romano llevó al Imperio Romano a alcanzar su máxima extensión territorial?;Trajano;Julio César;Claudio;Constantino el Grande
Medio;Geografía;¿En qué país se encuentran los Acantilados Blancos de Dover?;Reino Unido;Estados Unidos;Países Bajos;Suecia
Medio;Entretenimiento: Música;¿Cuál fue el single debut de Britney Spears?;... Bebé Una Vez Más;¡Ups... Lo hice otra vez;(Tú me llevas) Loco;Tóxico
Medio;Entretenimiento: Videojuegos;¿Cuántas estrellas hay que coleccionar en Super Mario 64?;120;60;80;100
Medio;Deportes;¿Qué jugador de la NBA ganó el premio al Jugador Más Valioso de la temporada 1999-2000?;Shaquille O'Neal;Allen Iverson;Kobe Bryant;Paul Pierce
Medio;Entretenimiento: Cine;"¿Cuánto dinero le costó a Tommy Wiseau hacer su obra maestra ""The Room"" (2003)?";6 millones de dólares;20 dólares;0;1 millón de dólares
Medio;Geografía;¿Cuál es el único país del mundo con una bandera que no tiene cuatro ángulos rectos?;Nepal;Panamá;Angola;Egipto
Medio;Entretenimiento: Cómics;¿Cómo se llaman los padres de Batman?;Thomas y Martha;Joey y Jackie;Jason y Sarah;Todd y Mira
Medio;Entretenimiento: Anime y Manga japonés;"¿Cómo se llama la infame máquina de pachinko de ""Kaiji""?";El Pantano;El Diablo;Los invictos;El Dragón
Medio;Mitología;En la mitología nórdica, Baldr fue asesinado por Loki con una lanza mágica hecha de qué planta?;Muérdago;La Maldición del Lobo;Espino;Cicuta
Medio;Ciencia y Naturaleza;¿Qué estudias si estudias entomología?;Insectos;Humanos;el Cerebro;Peces
Medio;Entretenimiento: Videojuegos;En el shooter cooperativo Payday 2, ¿qué contacto te ayuda a escapar de Hoxton?;El dentista;Vlad;El elefante;El Carnicero
Medio;Entretenimiento: Videojuegos;Durante los eventos de Half-Life: Fuerza Opuesta, ¿cuál es la edad de Adrian Shephard, el protagonista?;22;23;21;24
Medio;Historia;¿Quién coronó a Carlomagno como emperador del Sacro Imperio Romano Germánico el día de Navidad del año 800?;El papa León III;Papa Urbano IV;El Papa Esteban V;Papa Valentín
Medio;Entretenimiento: Música;¿Cuándo sacó Tame Impala su segundo álbum?;2012;2015;2010;1967
Medio;Entretenimiento: Videojuegos;¿Cuál de los siguientes NO es un juego oficial de la serie Super Smash Bros. de Nintendo?;Super Smash Bros. Crusade;Super Smash Bros. Melee;Super Smash Bros. Brawl;Super Smash Bros. para Nintendo 3DS y Wii U
Medio;Entretenimiento: Cine;¿Qué superhéroe de Marvel interpretó Chris Evans antes de su papel como Capitán América?;Antorcha Humana;Cíclope;Iceman;Daredevil
Medio;Entretenimiento: Videojuegos;"En ""Paper Mario: La Puerta de los Mil Años"", ¿cuál es la debilidad de Hooktail?";El sonido de los grillos;Ataques de los Koopas;"El objeto ""Ice Storm""";El Martillo
Medio;Entretenimiento: Cine;¿Cómo se llamaba el protagonista de la película Commando (1985)?;John Matrix;Ben Richards;Douglas Quaid;Harry Tasker
Medio;Entretenimiento: Anime y Manga japonés;"¿En qué año se emitió ""Bishoujo Senshi Sailor Moon"" en Japón?";1992;1989;1990;1994
Medio;Entretenimiento: Televisión;En la serie original de Doctor Who (1963), ¿cuánto era larga la bufanda del cuarto doctor Tom Baker?;7 metros;10 metros;2 metros;5 metros
Medio;Entretenimiento: Televisión;¿Cuánto tiempo duró la racha de victorias de Ken Jennings en Jeopardy?;74;88;49;62
Medio;Entretenimiento: Videojuegos;¿Cuál es el nombre completo del protagonista del juego de SNES Clock Tower?;Jennifer Simpson;Jennifer Barrows;Jennifer Cartwright;Jennifer Maxwell
Medio;Entretenimiento: Música;¿Qué canción del álbum Black Face de ScHoolboy Q contó con Kanye West?;Esa parte;Neva CHange;Cuerpo Grande;Cara Inexpresiva
Medio;Entretenimiento: Musicales y teatros;¿Qué musical ha ganado más premios Tony?;Los productores;Hamilton;Chicago;El Fantasma de la Ópera
Medio;Entretenimiento: Dibujos animados y animaciones;¿El personaje White Diamond de Steven Universe es doblado por quién?;Christine Ebersole;Ellen McLain;Aly Michalka;Rihanna
Medio;Entretenimiento: Videojuegos;"¿En qué se basa el mod ""Cry of Fear""?";Half-Life;Counter Strike: Fuente;Half-Life 2;Es un juego independiente
Medio;Conocimientos generales;¿A principios de qué década comenzó la subcultura gótica?;Años 80;Años 90;Años 2000;Años 70
Medio;Ciencia: Gadgets;¿Cuál fue la primera Infinity Coaster del mundo y dónde se encuentra?;The Smiler, Alton Towers, Reino Unido;Persecución loca en Madagascar;Motiongate Dubái;EAU
Medio;Entretenimiento: Música;¿Cuál de estos NO es el nombre de un álbum lanzado por el rapero estadounidense Pitbull?;Bienvenido a Miami;Dale;Calentamiento global;Armando
Medio;Entretenimiento: Videojuegos;"""Rollercoaster Tycoon"" estaba programado casi enteramente en...";Ensamblaje x86;C++;C;ALGOL
Medio;Ciencia y Naturaleza;¿Cuántos años tiene el universo?;13.800 millones de años;4.500 millones de años;7.900 millones de años;16.200 millones de años
Medio;Entretenimiento: Cine;"En ""Jurassic World"", ¿qué empresa compra InGen y crea Jurassic World?";Masrani Global Corporation;Biología Tecnologías Sintéticas;International Genetics Incorporated;Tecnologías genéticas internacionales
Medio;Entretenimiento: Videojuegos;¿Cuál fue el primer videojuego interactivo de película?;Cinturón de Astron;La Guarida del Dragón;Cube Quest;M.A.C.H. 3
Medio;Entretenimiento: Videojuegos;"¿Qué coche NO aparece en ""Need for Speed: Hot Pursuit 2""?";Toyota MR2;Ford Crown Victoria;BMW Z8;McLaren F1
Medio;Entretenimiento: Música;¿Grupo femenino coreano TWICE bajo qué sello de entretenimiento está?;JYP;MBK;YG;Música de piedra
Medio;Entretenimiento: Videojuegos;"En el RPG ""Undertale"" de 2015, ¿con qué personaje te encuentras por primera vez después de caer al subsuelo?";Flowey;Toriel;Sans;Papiro
Medio;Geografía;¿Cuál es la capital de Senegal?;Dakar;Nuakchott;Conakry;Monrovia
Medio;Entretenimiento: Anime y Manga japonés;"En ""Puella Magi Madoka Magica"", ¿cuál es el nombre de pila del hermano menor de Madoka?";Tatsuya;Montoya;Tomohisa;Minato
Medio;Entretenimiento: Música;"¿Cuál de estas canciones NO está en el álbum de The Beatles ""Sgt. Pepper's Lonely Hearts Club Band""?";Campos de Fresas para Siempre;Mejorando;Reparando un agujero;Lucy en el cielo con diamantes
Medio;Entretenimiento: Videojuegos;¿Cuántas consolas Wii se vendieron en todo el mundo?;101630000;67;0;0
Medio;Entretenimiento: Videojuegos;En Civilization V de Sid Meier, ¿qué Maravilla Mundial solo puede construirse en ciudades sobre o junto a un desierto?;Petra;Las Pirámides;Alhambra;Mausoleo de Maussollos
Medio;Entretenimiento: Videojuegos;"¿Cuál era el nombre en clave de la ""Nintendo Gamecube""?";Delfín;Nitro;Revolución;Atlantis
Medio;Entretenimiento: Cine;"Esta película contiene la frase: ""Lo que tenemos aquí es un fracaso en la comunicación.""";Mano fría, Luke;Bonnie y Clyde;El Graduado;En el calor de la noche
Medio;Entretenimiento: Videojuegos;"En Skylanders Giants, ¿por qué se nombró Wow Pow de Zap ""Por Riley""?";Como homenaje a un fan que falleció;Como referencia a una película;Tras uno de los guionistas del juego;Después de un actor de doblaje
Medio;Entretenimiento: Cómics;En los cómics, ¿qué personaje de Sonic tomó el mando de la Legión Oscura tras el asesinato de Luger?;Lien-Da;Kragok;Dimitri;Remington
Medio;Entretenimiento: Juegos de mesa;"En ""Magic: The Gathering"", durante el diseño de Planar Chaos, ¿qué color pensaron los desarrolladores en añadir como sexto color?";Morado;Brown;Rosa;Naranja
Medio;Entretenimiento: Videojuegos;¿Cuál fue el primer juego .hack?;.hack//Infección;.hack//Zero;.hack//Sign;.hack//Liminalidad
Medio;Entretenimiento: Música;¿Cuál de estos álbumes de Pink Floyd también fue una película?;El Muro;El lado oscuro de la luna;Ojalá estuvieras aquí;Animales
Medio;Política;Antes de 2016, ¿en qué otro año se presentó Donald Trump a la presidencia?;2000;2012;1988;2008
Medio;Entretenimiento: Videojuegos;¿Qué equipo ganó el primer campeonato de la Overwatch League?;London Spitfire;Philadelphia Fusion;Excelsior de Nueva York;Dinastía de Seúl
Medio;Conocimientos generales;¿Cuál de estos Nicktoons NO era originalmente un corto de Oh sí! ¿Dibujos animados antes de convertirse en una serie independiente?;Danny Fantasma;ChalkZone;Mi vida como robot adolescente;Los padres bastante extraños
Medio;Entretenimiento: Anime y Manga japonés;¿Cuándo se estrenó el primer episodio de Soul Eater?;2008;2003;2005;2011
Medio;Entretenimiento: Cómics;En Calvin y Hobbes, ¿cómo se llama el conejo de peluche de Susie?;Señor Bun;Señor Bunbun;Señor Conejo;Señor Hoppy
Medio;Celebridades;¿En qué situación fue asesinado el músico John Lennon?;Intentando entrar en el edificio de los Apartamentos Dakota;Durante un paseo improvisado por Central Park;Firmando un autógrafo fuera del estudio Record Plant;Esperando fuera de un local de música en Manhattan tras un concierto
Medio;Mitología;¿Hel era hija de qué figura mitológica nórdica?;Loki;Thor;Odín;Balder
Medio;Historia;Según estimaciones académicas, ¿qué porcentaje de la población mundial de la época murió debido a las conquistas de Tamerlán?;0,05;1%;3%;"&lt;1%"
Medio;Entretenimiento: Dibujos animados y animaciones;¿Qué personaje de dibujos animados de Hanna-Barbera viajó con un compañero canino llamado Beegle Beagle?;Simio Uva;Boss Gator;Wally Gator;Yogi Bear
Medio;Entretenimiento: Música;"¿Qué canción de ""Views"" de Drake incluye a Future?";Grammys;Demasiado bueno;Fieles;Estilo pop
Medio;Entretenimiento: Videojuegos;En Team Fortress 2, ¿qué clase empuña una escopeta?;Todos los listados;Pesado;Soldado;Ingeniero
Medio;Entretenimiento: Videojuegos;"¿Cuál es el nombre completo del protagonista del juego de aventuras indie ""Night in the Woods""?";Margaret Borowski;Marlena Woborski;Milena Catharina;Katia Managan
Medio;Historia;¿Cuándo destruyó el Vesubio la ciudad de Pompeya?;79 d.C.;62 d.C.;31 a.C.;54 a.C.
Medio;Entretenimiento: Videojuegos;"¿Dónde se usó por primera vez ""Megalovania"" de Toby Fox?";El truco de Halloween terrestre de Radiation;Homestuck: S;;
Medio;Ciencia y Naturaleza;¿Cuál de las siguientes es la parte reproductora de una flor que produce el polen del macho?;Stamen;Sépalo;Pistilo;Pétalo
Medio;Entretenimiento: Videojuegos;¿Cómo se llama una pieza de Tetris?;Tetromino;Tetratil;Tetris;Tetripiece
Medio;Entretenimiento: Cine;"¿Quién fue el director de ""Scott Pilgrim vs. the World (2010)""?";Edgar Wright;Phil Lord;Chris Miller;Seth Rogan
Medio;Entretenimiento: Videojuegos;¿Cuál de los siguientes juegos de Pokémon salió primero?;Cristal Pokémon;Pokémon Platino;Pokémon Fuego Rojo;Pokémon Negro
Medio;Entretenimiento: Videojuegos;En Night In The Woods, ¿cómo se llama la madre de Mae Borowski?;Candy;Jenny;Margaret;Kate
Medio;Conocimientos generales;"¿Cuál de estos es el nombre de un sistema japonés de medicina alternativa, que literalmente significa ""presión en los dedos""?";Shiatsu;Ukiyo;Majime;Ikigai
Medio;Entretenimiento: Música;En la portada de 'Abbey Road', ¿cuál de los Beatles no lleva zapatos?;Paul McCartney;Ringo Starr;John Lennon;George Harrison
Medio;Entretenimiento: Cómics;En Bionicle, ¿quién fue antes un Av-Matoran y ahora es el Toa de la Luz?;Takua;Jaller;Vakama;Tahu
Medio;Entretenimiento: Música;¿Cuál de estos NO es el nombre de un álbum lanzado por el productor afincado en Miami DJ Khaled?;Nunca te tomes el lío a ti mismo;Tonalidad mayor;Sufriendo por el éxito;He cambiado mucho
Medio;Geografía;¿Cuál es el país más pequeño del mundo?;Ciudad del Vaticano;Lesoto;Ciudad de Mónaco;Titania
Medio;Historia;¿Quién fue el último emperador romano en el Año de los Cuatro Emperadores (69 d.C.)?;Vespasiano;Vitelio;Otho;Galba
Medio;Conocimientos generales;De estos cuatro edificios, ¿cuál es el más alto, con una altura de 1.483 pies (451,9 m)?;Torres Gemelas Petronas, Malasia;Torre Zifeng;China;Hotel y Torre Internacional Trump
Medio;Entretenimiento: Televisión;¿Cuál de los siguientes nombres Autobots en las películas de Michael Bay NO era un nombre para un Transformer en la serie animada original de los años 80?;Guardabarros;Patines;Sideswipe;Trinquete
Medio;Ciencia: Matemáticas;¿Qué forma forma tiene sin(x) o cos(x) en un gráfico?;Ondas;Una parábola;Una línea recta;Zig-Zags
Medio;Entretenimiento: Videojuegos;"En ""Clash Royale"", ¿cómo se llama Arena 4?";Valle de los Hechizos;Bowl Bárbaro;La casa de juegos de P.E.K.K.A.;Royal Arena
Medio;Historia;¿Quién fue el principal promotor del Canal de Suez?;Ferdinand de Lesseps;Louis-Eugène Cavaignac;John Milton;Johann Lukas von Hildebrandt
Medio;Geografía;¿Cuántas zonas horarias hay en Rusia?;11;8;5;2
Medio;Entretenimiento: Televisión;"¿Qué actor interpreta a Hogan ""Wash"" Washburne en la serie de televisión Firefly?";Alan Tudyk;Adam Baldwin;Nathan Fillion;Sean Maher
Medio;Conocimientos generales;"¿Cuál era el nombre original del motor de búsqueda ""Google""?";BackRub;CatMassage;SearchPro;Netscape Navigator
Medio;Ciencia: Informática;"¿Qué significa ""LCD""?";Pantalla de cristal líquido;Diseño de control de lenguaje;Última diferencia común;Diseño Continuo Largo
Medio;Ciencia y Naturaleza;"En Psicología, ¿qué necesidad aparece más alta en la ""jerarquía de necesidades de Maslow""?";Estima;Con cariño;Seguridad;Fisiología
Medio;Deportes;¿En qué puente comienza la carrera anual de barcos de Oxford y Cambridge?;Putney;Hammersmith;Vauxhall;Battersea
Medio;Mitología;Un minotauro es mitad humano, mitad qué?;Toro;Vaca;Caballo;Eagle
Medio;Entretenimiento: Cómics;"¿Qué compañero de ""Green Arrow"" suele llevar una gorra de béisbol?";Roy Harper;Black Canary;Reina Emiko;Dick Grayson
Medio;Ciencia: Informática;"¿Cuándo se lanzó el servicio de streaming online ""Mixer""?";2016;2013;2009;2011
Medio;Entretenimiento: Videojuegos;"En ""The Elder Scrolls 3: Morrowind"", ¿cuál de las siguientes facciones no se puede unir?";La Hermandad Oscura;Gremio de Luchadores;Gremio de Magos;Gremio de Ladrones
Medio;Entretenimiento: Videojuegos;¿Cómo se llamaba la Organización Secreta en la serie Hotline Miami?;50 bendiciones;Bendiciones americanas;50 Saints;Bendiciones de la URSS
Medio;Ciencia: Informática;¿Qué significa RAID?;Matriz redundante de discos independientes;Acceso Rápido para Dispositivos Indexados;Gama de aplicaciones con diseños idénticos;Descripción de identificación abstracta aleatorizada
Medio;Entretenimiento: Dibujos animados y animaciones;"En ""My Little Pony: La amistad es mágica"", ¿cuál de estos ponis representa la cualidad de la honestidad?";Applejack;Brillo del Crepúsculo;Pinkie Pie;Rareza
Medio;Entretenimiento: Anime y Manga japonés;"¿El personaje Momonga de la serie ""Overlord"" ordena a sus sirvientes que le llamen por qué nombre?";Ainz Ooal Gown;Maestro;Yggdrasil;Kugane Maruyama
Medio;Geografía;¿Cuántos países son más grandes que Australia?;5;4;3;6
Medio;Entretenimiento: Dibujos animados y animaciones;"¿Cuándo se emitió el último episodio de ""Futurama"" antes de volver en 2023?";41521;25 de diciembre;2010;28 de marzo
Medio;Ciencia y Naturaleza;¿Qué parte del cerebro toma su nombre del griego para caballito de mar?;Hipocampo;Cerebelo;Tálamo;Amygdala
Medio;Ciencia: Matemáticas;¿Cuál es el área de un círculo con un diámetro de 20 pulgadas si π= 3,1415?;314,15 pulgadas;380,1215 pulgadas;3141,5 pulgadas;1256,6 pulgadas
Medio;Deportes;¿En qué año nació la leyenda del hockey Wayne Gretzky?;1961;1965;1959;1963
Medio;Historia;¿Qué año se considera que fue el año en que terminó el Imperio Británico?;1997;1986;1981;1971
Medio;Entretenimiento: Televisión;¿Cuál es el apellido del personaje Daryl en la serie de AMC The Walking Dead?;Dixon;Grimes;Dickinson;Dicketson
Medio;Entretenimiento: Videojuegos;¿Cuál de los siguientes videojuegos aparece la ciudad de Rockport?;Necesidad de velocidad: Más buscado (2005);Infamous 2;Saints Row: El Tercero;Venganza por el quemado
Medio;Celebridades;¿Cuál de estas personas NO forma parte del grupo de comedia en Internet Mega64?;Jon Jafari;Rocco Botte;Derrick Acosta;Shawn Chatfield
Medio;Entretenimiento: Música;"¿Qué banda de rock alternativo lanzó el aclamado álbum ""OK Computer""?";Radiohead;R.E.M.;Nirvana;Coldplay
Medio;Entretenimiento: Música;¿Cómo se llamaba el álbum de Wu-Tang Clan que Martin Shkreli compró por 2 millones de dólares?;Érase una vez en Shaolin;Un mañana mejor;8 Diagramas;La saga continúa
Medio;Entretenimiento: Videojuegos;En Dead by Daylight, ¿qué habilidad asesina aplica el efecto destrozado?;Carnicero Descuidado;Knock Out;Thanatofobia;Perseverancia
Medio;Entretenimiento: Videojuegos;"En el juego ""Historia de la Cueva"", ¿cuál es la frase característica del personaje Balrog?";¡Hurra!;¡Sí!;¡Eh!;¡Nyeh je, je!
Medio;Historia;¿Cuándo se convirtió oficialmente O, Canadá en el himno nacional?;1980;1950;1920;1880
Medio;Entretenimiento: Videojuegos;¿Quién es el Nadie de Sora en Kingdom Hearts?;Roxas;Riku;Kairi;Mickey
Medio;Entretenimiento: Televisión;De los 3 Tots en Tots TV, ¿quién habla francés en la versión del Reino Unido y español en la versión estadounidense?;Tilly;Tom;Tiny;Ninguna de las anteriores
Medio;Entretenimiento: Televisión;"¿Qué raza de perro es ""Scooby Doo""?";Gran Danés;Pit bull;Boxer;Dóberman Pinscher
Medio;Entretenimiento: Televisión;¿Quién fue el primer ganador de Big Brother US en ganar con un juego perfecto?;Dan Gheesling;Ian Terry;Jordan Lloyd;Rachael Reilly
Medio;Geografía;¿Cuál estado de Estados Unidos es el más pequeño?;Rhode Island;Maine;Vermont;Massachusetts
Medio;Animales;¿Cuál es la serpiente venenosa más larga del mundo?;King Cobra;Anaconda verde;Taipan interior;Serpiente marina de vientre amarillo
Medio;Vehículos;¿Qué empresa de superdeportivos es sueca?;Koenigsegg;Bugatti;Lamborghini;McLaren
Medio;Política;¿Qué órgano principal de las Naciones Unidas ha sido suspendido desde 1994?;Consejo de Fideicomisario;Secretaría;Asamblea General;Consejo Económico y Social
Medio;Historia;¿Joseph Stalin tenía un pasado criminal haciendo qué?;Robando trenes;Asesinato por encargo;Evasión fiscal;Fraude de identidad
Medio;Conocimientos generales;¿Cuál es el mayor sistema de transporte rápido del mundo en número de estaciones, con 472 estaciones en funcionamiento?;Metro de la ciudad de Nueva York;Metro de Shanghái;Metro de Londres;Metro de Berlín
Medio;Geografía;¿Cuál de las siguientes ciudades es la capital de Letonia?;Riga;Minsk;Tallin;Vilna
Medio;Entretenimiento: Cine;"En la película de 1999 El club de la lucha, ¿cuál de estas no es una regla del ""club de la lucha""?";Siempre lleva camisa;No se habla del CLUB DE LA LUCHA;Solo dos chicos para pelear;Las peleas durarán el tiempo que sea necesario
Medio;Entretenimiento: Cómics;¿Cuál es el verdadero nombre completo del Capitán América?;Steven Grant Rogers;Steven John Rogers;Steven Peggy Rogers;Steven William Rogers
Medio;Entretenimiento: Música;"¿En qué álbum de Iron Maiden apareció la canción ""Dream of Mirrors""?";Un mundo feliz;Danza de la Muerte;Una cuestión de vida o muerte;En algún momento
Medio;Entretenimiento: Videojuegos;"¿Cuál es el nombre de la única Kerbal ""Original Four"" femenina en el Programa Espacial Kerbal?";Valentina Kerman;Emiko Kerman;Samantha Kerman;Catmund Kerman
Medio;Entretenimiento: Videojuegos;Danganronpa: ¿Otro episodio: Ultra Despair Girls está ambientado después de qué juego de Danganronpa?;Danganronpa: Caos Desencadenante;Danganronpa 2: Adiós Desesperación;Danganronpa V3: Asesinando la armonía;Danganronpa 3: El fin del instituto Hope's Peak
Medio;Entretenimiento: Anime y Manga japonés;¿En qué año salió el popular Vocaloid: Hatsune Miku?;2007;2000;2008;2010
Medio;Entretenimiento: Cómics;¿Quién fue la inspiración para Cuthbert Tornasol en la serie de Tintín?;Auguste Picard;Jacques Piccard;Will Morris;J. Cecil Maby
Medio;Entretenimiento: Videojuegos;¿Cuál de los siguientes creó y dirigió la serie Katamari Damacy?;Keita Takahashi;Hideki Kamiya;Shu Takumi;Shinji Mikami
Medio;Historia;¿Quién fue el primer mamífero lanzado con éxito a la órbita terrestre?;Laika, la perra;Jamón;El chimpancé;Panadero
Medio;Entretenimiento: Videojuegos;¿Cuál de las siguientes personas NO ha puesto voz a Jennifer Taylor?;Sarah Kerrigan;Princesa Peach;Zoey;Cortana
Medio;Entretenimiento: Música;¿Qué banda es Grand Theft Autumn/Where Is Your Boy?;Chico Fallo;¡Pánico! En la discoteca;Paramore;Blink-182
Medio;Ciencia: Informática;¿Cuál de estas personas NO fue fundador de Apple Inc?;Jonathan Ive;Steve Jobs;Ronald Wayne;Steve Wozniak
Medio;Entretenimiento: Música;"""El día que murió la música"" fue un trágico accidente de avión que mató a tres músicos en qué década?";Años 50;Años 60;Años 70;Años 40
Medio;Entretenimiento: Dibujos animados y animaciones;"¿Qué personaje de ""Toy Story"" fue doblado por Don Rickles?";Señor Cabeza de Patata;Perro Slinky;Hamm;Rex
Medio;Entretenimiento: Videojuegos;"En ""Call of Duty: Black Ops III"" Zombies, ¿qué recompensas al completar todos los easter eggs principales?";1.000.000 XP;Juggernog al inicio de cada partida;50 Diviniums Líquidos;Las tres opciones.
Medio;Entretenimiento: Videojuegos;"En la franquicia ""Halo"", ¿en qué país está Nueva Mombada?";Kenia;India;Turquía;Eslovaquia
Medio;Deportes;¿Cuál es la mejor puntuación histórica de golf de Tiger Woods?;61;65;63;67
Medio;Historia;¿Cuándo se estableció la Agencia de Seguridad Nacional de los Estados Unidos?;19302;26 de julio;1908;1 de julio
Medio;Entretenimiento: Libros;¿Cuántos libros hay en la serie Crónicas de Narnia?;7;6;8;5
Medio;Entretenimiento: Música;¿Cuál de estos clientes fue asesinado a tiros frente al Dakota en Nueva York en 1980?;John Lennon;Johnny Thunders;John Denver;Juan Cascella
Medio;Entretenimiento: Cómics;¿Cuáles de estos cómics basados en juegos fueron publicados en 2011 por DC Comics?;Infame;Left 4 Dead: El Sacrificio;Prototipo;Kane y Lynch
Medio;Entretenimiento: Videojuegos;En el juego Tom Clancy's Rainbow 6 Siege, ¿de qué organización es Valkyrie?;Navy Seals;S.A.S;G.I.G.N;F.B.I
Medio;Entretenimiento: Videojuegos;En el juego Pokémon Conquista, ¿cuántos reinos componen la región de Ransei?;17;18;15;16
Medio;Entretenimiento: Videojuegos;¿Qué canción suena durante los créditos finales de Guitar Hero: World Tour?;Teatro de los sueños - Arrastra hacia abajo;King Crimson - Hombre esquizoide del siglo XXI;Fuerza de Dragón - A través del fuego y las llamas;Lynyrd Skynyrd - Pájaro libre
Medio;Geografía;¿Cuál es el nombre del antiguo país que fue sucedido por países como Serbia, Croacia y Eslovenia?;Yugoslavia;Checoslovaquia;Abjasia;Osetia del Sur
Medio;Ciencia: Informática;En términos de informática, ¿qué significa normalmente CLI?;Interfaz de línea de comandos;Entrada de Lenguaje Común;Interfaz de línea de control;Interfaz de Lenguaje Común
Medio;Política;"Antes de 2011, ""True Capitalist Radio"" era conocida por otro nombre. ¿Cómo se llamaba?";Verdadera Radio Conservadora;Verdadera Radio Republicana;Radio Capitalista Texana;Capitalistas Unidos
Medio;Conocimientos generales;"¿Qué emblemática atracción de Disneyland cerró en 2017 para ser remodelada como una atracción temática de ""Guardianes de la Galaxia""?";La Torre del Terror de La Dimensión Desconocida;La Mansión Encantada;Piratas del Caribe;El vuelo de Peter Pan
Medio;Entretenimiento: Dibujos animados y animaciones;¿Cómo es conocido el personaje de dibujos animados Andy Capp en Alemania?;Willi Wakker;Dick Tingeler;Helmut Schmacker;Rod Tapper
Medio;Entretenimiento: Cine;"¿Qué significa TIE en referencia al caza TIE en ""Star Wars""?";Motor de Iones Gemelos;Doble Motor de Hierro;Motor interceptor doble;Motor Inception gemelo
Medio;Ciencia y Naturaleza;Todos los siguientes elementos metálicos son líquidos a o cerca de temperatura ambiente EXCEPTO:;Berilio;Galio;Cesio;Mercurio
Medio;Ciencia y Naturaleza;¿La osteoporosis afecta a qué parte del cuerpo afecta la osteoporosis?;Bones;Piel;Cerebro;Corazón
Medio;Entretenimiento: Juegos de mesa;¿Quién es el personaje principal en la cinta VHS incluida en el juego de mesa Nightmare?;El Guardián;El Guardián de Krypt;El Monstruo;La pesadilla
Medio;Entretenimiento: Cine;En Star Wars, ¿cómo se llama el nuevo Gobierno creado tras la derrota del Imperio Galáctico?;La Nueva República;La Alianza Rebelde;El Amanecer Carmesí;La Primera Orden
Medio;Entretenimiento: Videojuegos;¿Quién fue el primer Jedi que Starkiller tuvo que matar en Star Wars: La Fuerza Desatada?;Rahm Kota;Ahsoka Tano;Kazdan Paratus;Kento Marek
Medio;Entretenimiento: Televisión;¿En qué año se fundó Netflix?;1997;1999;2004;2001
Medio;Ciencia: Gadgets;¿Cuál es la iniciativa paralela más significativa que ha llevado a cabo la popular empresa de armas de fuego, Remington?;Máquinas de escribir;Batidores;Ventiladores de techo;Manillas de las puertas
Medio;Historia;¿Qué enfermedad paralizó al presidente Franklin D. Roosevelt y le llevó a ayudar a la nación a encontrar una cura?;Polio;Cáncer;Meningitis;VIH
Medio;Política;¿Cuál es el nombre completo del expresidente de Estados Unidos Bill Clinton?;William Jefferson Clinton;William Roosevelt Clinton;William Truman Clinton;William Lincoln Clinton
Medio;Entretenimiento: Música;"Según su éxito de 1974, ¿qué hacían Brownsville Station ""In The Boys' Room""?";Fumando;Colgando;Con amor;Pisando
Medio;Vehículos;¿Cuál era la matrícula de la aeronave del último Concorde construido?;G-BOAF;F-BTSC;G-BOAC;F-BVFF
Medio;Historia;¿Cuál era el verdadero nombre de Gengis Kan?;Temüjin;Möngke;Ögedei;Temür
Medio;Conocimientos generales;Bob y Mike Bryan eran hermanos conocidos en qué deporte?;Tenis;Baloncesto;Fútbol americano;Béisbol
Medio;Entretenimiento: Videojuegos;¿Cómo se llama la octava entrega de la serie Fire Emblem?;Las Piedras Sagradas;Espada Llameante;Despertar;Camino de la Radiancia
Medio;Historia;En 1961, un avión estadounidense B-52 se estrelló y casi detonó dos bombas nucleares de 4 metros sobre qué ciudad estadounidense?;Goldsboro, Carolina del Norte;Hicksville;Nueva York;Jacksonville
Medio;Entretenimiento: Videojuegos;¿Qué superviviente en Left 4 Dead se sacrificó para salvar a los demás?;Factura;Louis;Francis;Zoey
Medio;Conocimientos generales;De estos cuatro edificios, ¿cuál es el más alto, con una altura de 2.717 pies (828 m)?;Burj Khalifa, Emiratos Árabes Unidos;Torre de Shanghái;China;Torre Mundial Lotte
Medio;Entretenimiento: Dibujos animados y animaciones;"¿Cuál era el número de la camiseta de Gerald en ""¡Hey Arnold!""?";33;88;38;83
Medio;Entretenimiento: Libros;"¿La novela ""De ratones y hombres"" fue escrita por qué autor?";John Steinbeck;George Orwell;Mark Twain;Harper Lee
Medio;Historia;¿En qué año se colocó por primera vez el famoso cartel de Hollywood de 45 pies de altura?;1923;1903;1913;1933
Medio;Geografía;¿Cuántos estados soberanos son miembros de las Naciones Unidas?;195;201;153;178
Medio;Entretenimiento: Cine;"¿Cómo se llama el villano en la película ruso-estadounidense de ciencia ficción de 2015 ""Hardcore Henry""?";Akan;Estelle;Jimmy;Henry
Medio;Entretenimiento: Cine;¿Qué actor hizo la audición para el papel de Luke Skywalker?;Kurt Russell;Christopher Lambert;Laurence Fishburne;James Remar
Medio;Vehículos;¿Qué marca de coche NO pertenece a General Motors?;Ford;Buick;Cadillac;Chevrolet
Medio;Historia;¿Qué nación NO tuvo una colonia en la actual Norteamérica?;Portugal;España;Suecia;Países Bajos
Medio;Ciencia: Informática;En la industria del alojamiento de servidores, IaaS significa...;Infraestructura como Servicio;Internet como Servicio;Internet y un servidor;Infraestructura como servidor
Medio;Entretenimiento: Videojuegos;¿Cuál de estos NO es el nombre de una ciudad en la isla principal de PLAYERUNKNOWN'S BATTLEGROUNDS?;Belushya Guba;Yasnaya Polyana;Pochinki;Georgopol
Medio;Entretenimiento: Anime y Manga japonés;¿Cuál de los siguientes animes del género mecha comenzó a emitirse en 1982?;La Fortaleza Súper Dimensional Macross;Mobile Suit Gundam;VOTOMS de Tropas Blindadas;Neon Genesis Evangelion
Medio;Animales;"¿La especie ahora extinta llamada ""Tilacino"" era originaria de ¿de dónde era?";Tasmania, Australia;Baluchistán;Pakistán;Valaquia
Medio;Ciencia y Naturaleza;Al minuto más cercano, ¿cuánto tarda la luz en viajar del Sol a la Tierra?;8 minutos;6 minutos;2 minutos;12 minutos
Medio;Entretenimiento: Libros;¿Por qué apodo se conoce Jack Dawkins en la novela de Charles Dickens, 'Oliver Twist'?;El esquivador astuto;Fagin;En el blanco;Señor Fang
Medio;Mitología;¿Cuál de las siguientes figuras mitológicas mesopotámicas NO fue una deidad?;Enkidu;Enki;Enlil;Enkimdu
Medio;Deportes;En la Fórmula 1, el Coche de Seguridad Virtual se introdujo tras el accidente mortal de ¿qué piloto?;Jules Bianchi;Ayrton Senna;Ronald Ratzenberger;Gilles Villeneuve
Medio;Entretenimiento: Música;En agosto de 1964, ¿quién introdujo el cannabis a los Beatles?;Bob Dylan;Jim Morrison;Brian Epstein;Jerry Garcia
Medio;Conocimientos generales;"¿Cuál es la palabra romanizada en ruso para ""invierno""?";Zima;Leto;Vesna;Osen'
Medio;Celebridades;¿Cómo se llamaba el primer marido de Marilyn Monroe?;James Dougherty;Joe Dimaggio;Kirk Douglas;Arthur Miller
Medio;Entretenimiento: Videojuegos;"En el videojuego de 2002 ""Kingdom Hearts"", ¿cuántos mundos jugables había?";14;13;16;11
Medio;Geografía;¿Cuál es la capital de Australia?;Canberra;Sídney;Melbourne;Brisbane
Medio;Entretenimiento: Música;¿Quién es el líder de Muse?;Matt Bellamy;Dominic Howard;Thom Yorke;Jonny Greenwood
Medio;Geografía;¿Cuál de estos países es el más pequeño en población?;Noruega;Eslovaquia;Finlandia;Hong Kong
Medio;Historia;¿Quién fue el primer presidente nacido en los Estados Unidos independientes?;Martin Van Buren;John Adams;George Washington;James Monroe
Medio;Ciencia: Gadgets;Este exingeniero de la Fuerza Aérea y de la NASA es el inventor de la pistola de agua Super Soaker.;Lonnie Johnson;Bruce D'Andrade;Frances Northcutt;Ashitey Trebi-Ollennu
Medio;Entretenimiento: Videojuegos;"¿Cómo se llama la madre de Cream la Conejita en la serie ""Sonic the Hedgehog""?";Vainilla;Melocotón;Fresa;Casa de la Moneda
Medio;Entretenimiento: Música;¿Cuál de ellos no es miembro de la banda virtual Gorillaz?;Phi Cypher;Murdoc Niccals;Noodle;Russel Hobbs
Medio;Entretenimiento: Musicales y teatros;"¿De qué obra viene la frase ""Hell is other people""?";No hay salida;El Diablo y el Buen Señor;Los Condenados de Altona;Las Moscas
Medio;Geografía;¿Qué ciudad es la capital de Suiza?;Berna;Zúrich;Frankfurt;Wien
Medio;Entretenimiento: Videojuegos;¿Cuál es el personaje principal de Metal Gear Solid 2?;Raiden;Serpiente Solidus;Big Boss;Serpiente Venenosa
Medio;Geografía;¿Qué pequeño principado hay entre España y Francia?;Andorra;Liechtenstein;Mónaco;San Marino
Medio;Geografía;¿Cuál es la capital de Chile?;Santiago;Valparaíso;Copiapó;Antofagasta
Medio;Historia;¿En qué fecha nació Adolf Hitler?;20 de abril de 1889;12 de junio;1889;6 de febrero
Medio;Entretenimiento: Videojuegos;¿Qué personaje desbloqueable en Super Smash Bros? ¿Para Wii no hay que luchar contra U y 3DS para desbloquear?;Cazas Mii;Ness;R.O.B.;Mewtwo
Medio;Entretenimiento: Videojuegos;"¿Quién puso voz al personaje Joel en ""The Last of Us""?";Troy Baker;Nolan North;John DiMaggio;Steve Blum
Medio;Deportes;¿Cuál de estos números de camiseta nunca ha llevado Shaquille O'Neal?;35;36;33;32
Medio;Arte;¿Quién diseñó el logo de Chupa Chups?;Salvador Dalí;Pablo Picasso;Andy Warhol;Vincent van Gogh
Medio;Vehículos;¿Qué apodo se le dio al vuelo 143 de Air Canada después de quedarse sin combustible y planear hasta un lugar seguro en 1983?;Gimli Glider;Gimli Microlight;Cazador de Gimli;Gimli Soberbia
Medio;Entretenimiento: Videojuegos;En Need For Speed Most Wanted (2005), ¿qué conduces al principio del modo carrera?;BMW M3 GTR;Porsche 911 Turbo;Nissan 240SX;Ford Mustang
Medio;Geografía;¿Cuál de las siguientes familias lingüísticas es la más controvertida entre los lingüistas modernos?;Altaico;Sino-Tibetano;Dravidico;Indoeuropeo
Medio;Ciencia y Naturaleza;¿Qué término psicológico se refiere al estrés de mantener creencias opuestas?;Disonancia cognitiva;Síndrome de Flip-Flop;Cerebro Dividido;Vista ciega
Medio;Entretenimiento: Videojuegos;En el juego de fiesta de Jackbox Monster Seeking Monster, ¿qué monstruo puede robar dos corazones a otros monstruos bajo ciertas condiciones?;Asesino en serie;Parásito;Acechador;Espejo mágico
Medio;Entretenimiento: Música;¿Cómo se llama la guitarra de Brian May?;Especial Rojo;Especial azul;Especial verde;Especial amarillo
Medio;Ciencia y Naturaleza;¿Quién desarrolló la primera vacuna exitosa contra la polio en los años 50?;Jonas Salk;John F. Enders;Thomas Weller;Frederick Robbins
Medio;Geografía;¿Cuál de estas NO es una isla que forma parte de Filipinas?;Java;Luzón;Mindanao;Palawan
Medio;Entretenimiento: Televisión;"¿Quién fue la estrella de la serie de televisión ""24""?";Kiefer Sutherland;Kevin Bacon;Hugh Laurie;Rob Lowe
Medio;Vehículos;¿Cuál de los siguientes modelos de coche ha sido más reetiquetado (rebadged)?;Soldado Isuzu;Holden Monaro;Suzuki Swift;Chevy Camaro
Medio;Entretenimiento: Libros;"¿Cómo se llamaba la Isla Misteriosa en ""La Isla Misteriosa"" de Julio Verne?";Isla Lincoln;Isla Vulcania;Isla Prometeo;Isla Neptuno
Medio;Geografía;¿Qué dos países actuales solían ser conocidos como la región de Rodesia entre la década de 1890 y 1980?;Zambia y Zimbabue;Togo y Benín;Lesoto y Suazilandia;Ruanda y Burundi
Medio;Entretenimiento: Videojuegos;En Dota 2, ¿cuál es el verdadero nombre de Earthshaker?;Raigor Stonehoof;Banehallow Ambry;Carl;Barathrum
Medio;Entretenimiento: Videojuegos;Just Cause 2 se ambienta principalmente en qué país ficticio de islas del sudeste asiático?;Panau;Davao;Macao;Palaos
Medio;Entretenimiento: Juegos de mesa;¿Qué objeto especial enviaron los creadores de Cards Against Humanity para su pack de Black Friday?;Excrementos de toro;Una expansión de cartas;Un juguete racista;Orina de gato
Medio;Entretenimiento: Videojuegos;"¿En qué lugar reside Dark Sun Gwyndolin en ""Dark Souls""?";Anor Londo;Santuario del Enlace de Fuego;Blighttown;Horno de la primera llama
Medio;Historia;¿Cómo se llama el buque espía de la Marina de EE. UU. que fue atacado y capturado por las fuerzas norcoreanas en 1968?;USS Pueblo;USS North Carolina;USS Constitution;USS Indianapolis
Medio;Ciencia y Naturaleza;El síndrome de Down suele ser causado por una copia extra de qué cromosoma?;21;23;15;24
Medio;Entretenimiento: Videojuegos;"¿Quién es el personaje principal de ""Metal Gear Solid 3""?";Serpiente desnuda;Serpiente Sólida;Serpiente Líquida;Serpiente Venenosa
Medio;Entretenimiento: Videojuegos;En los juegos originales de DOOM, ¿cuál de los siguientes demonios es un recolor del Barón del Infierno, pero es más débil que el Barón?;Caballero del Infierno;Mancubus;Meñique;Arch-Vile
Medio;Entretenimiento: Cine;¿Qué actor y artista marcial protagonizó como el coronel Guile en la adaptación cinematográfica de acción de Street Fighter de 1994?;Jean-Claude Van Damme;Chuck Norris;Steven Seagal;Scott Adkins
Medio;Entretenimiento: Videojuegos;¿Quién publicó el videojuego Half-Life de 1998?;Sierra On-Line;Válvula;Ventisca;EA
Medio;Entretenimiento: Música;¿Cuál de estos artistas aparece en el álbum Deltron 3030?;Dan el Automatero;Lamarr Kendrick;Ratón Peligroso;CeeLo Green
Medio;Entretenimiento: Videojuegos;"¿Quién es el personaje principal de la saga de videojuegos ""Ace Attorney""?";Phoenix Wright;Winston Payne;Dahlia Hawthorne;Ash Ketchum
Medio;Entretenimiento: Música;"¿Qué significa las letras del nombre de la banda ""TWRP""?";Fiesta de Remix Tupperware;Intérpretes de robots totalmente malvados;El equipo Wild y los Piratas de la Radio;Rol en Taiwán
Medio;Entretenimiento: Videojuegos;"¿Cuántos objetos únicos afirma tener ""Borderlands 2""?";87 Bazillion;87 millones;87 billones;87 Gazillion
Medio;Entretenimiento: Televisión;En la serie de ciencia ficción Doctor Who, ¿quién interpreta al Décimo Doctor?;David Tennant;William Hartnell;Peter Capaldi;Peter Davison
Medio;Entretenimiento: Videojuegos;¿En qué juego de Mario debutó el Mega Champiñón?;Mario Party 4;Nuevos Super Mario Bros.;Mario Kart Wii;Super Mario 3D World
Medio;Historia;¿Cuál misión Apolo fue la última del programa Apolo de la NASA?;Apollo 17;Apollo 13;Apollo 11;Apollo 15
Medio;Deportes;¿De qué isla portuguesa es el futbolista Cristiano Ronaldo?;Madeira;Terceira;Santa María;Porto Santo
Medio;Ciencia y Naturaleza;¿Cuál de los siguientes hombres no tiene un elemento químico que lleve su nombre?;Sir Isaac Newton;Albert Einstein;Niels Bohr;Enrico Fermi
Medio;Entretenimiento: Música;¿Quién es el fundador y líder de la banda de rock industrial 'Nine Inch Nails'?;Trent Reznor;Marilyn Manson;Robin Finck;Josh Homme
Medio;Deportes;¿Cuál es el cinturón más alto que se puede obtener en Taekwondo?;Negro;Blanco;Rojo;Verde
Medio;Entretenimiento: Cine;"¿Qué actor estrella estuvo en ""Top Gun"", ""Jerry Maguire"" y ""Born on the Fourth of July""?";Tom Cruise;Kelly McGillis;John Travolta;George Clooney
Medio;Animales;¿Qué tipo de animal es un natterjack?;Sapo;Pájaro;Peces;Insecto
Medio;Entretenimiento: Videojuegos;¿En qué motor se fabricó Titanfall?;Motor Fuente;Congelación 3;Unreal Engine;Cryengine
Medio;Geografía;¿Dónde se encuentra la zona comúnmente conocida como el Triángulo de las Bermudas?;Océano Atlántico Norte, entre Florida y Puerto Rico;Océano Pacífico Norte;entre Japón y Estados Unidos;En el mar Caribe
Medio;Entretenimiento: Videojuegos;¿Quién es el personaje que interpretas en Yume Nikki?;Madotsuki;Masada;Uboa;Poniko
Medio;Entretenimiento: Videojuegos;"¿Cuánto costó el juego indie ""Cave Story"" cuando se lanzó por primera vez en 2004?";$0 USD;5 USD;10 USD;15 USD
Medio;Entretenimiento: Televisión;"¿Cuál de las siguientes figuras NO tuvo un cameo en ""The Drew Carey Show"" (1995-2004)?";Bill Cosby;Donald Trump;"""Weird Al"" Yankovic";Pato Lucas
Medio;Conocimientos generales;¿Cuál es el idioma hablado más popular en el hemisferio sur?;Portugués;Inglés;Español;Francés
Medio;Entretenimiento: Videojuegos;En Undertale, ¿cuánto cuestan los Donuts Araña en Hotland?;9999G;7G;40G;12G
Medio;Entretenimiento: Música;¿Quién es el artista del reciente nuevo álbum The Uncanny Valley?;Perturbador;Carpenter Brut;GOST;Dan Terminus
Medio;Entretenimiento: Televisión;"En ""Los Simpson"", ¿cuál es el verdadero nombre de ""Comic Book Guy""?";Jeff Albertson;Comic Book Guy;Edward Stone;Jack Richardson
Medio;Conocimientos generales;¿Cuál es el idioma oficial en Barcelona aparte del español?;Catalán;Galego;Francés;Vasco
Medio;Entretenimiento: Música;"¿Qué cantante apareció en la canción ""Wake Me Up"" del productor sueco Avicii?";Aloe Blacc;John Legend;CeeLo Green;Pharrell Williams
Medio;Entretenimiento: Televisión;"¿Qué película sirvió como episodio piloto de KTMA para la serie ""Mystery Science Theater 3000""?";El Baba Verde;El robot contra La momia azteca;El Ojo Reptante;Plan 9 desde el espacio exterior
Medio;Animales;¿Cuál es el animal más rápido?;Halcón peregrino;Águila Real;Guepardo;Tábano
Medio;Entretenimiento: Anime y Manga japonés;¿Cuál de estos títulos del manga no fue creado por Urasawa Naoki?;El diario de mi padre;Billy Bat;Chicos del siglo XX;Monstruo
Medio;Historia;¿Quién fue la primera esposa del rey Enrique VIII?;Catalina de Aragón;Jane Seymour;Ana Bolena;Ana de Cleves
Medio;Entretenimiento: Videojuegos;"¿Cuál de estos bloques en ""Minecraft"" tiene la menor resistencia a las explosiones?";Arena;Piedra final;Agua;Tablas de madera
Medio;Entretenimiento: Música;¿Quién es el cantante principal de Bastille?;Dan Smith;Will Farquarson;Kyle Simmons;Chris Wood
Medio;Entretenimiento: Música;¿Cuál de estos grupos de black metal fue un proyecto en solitario?;Burzum;Trono Oscuro;Caos;Disección
Medio;Entretenimiento: Anime y Manga japonés;"¿En qué año se llamó el anime ""Himouto! ¿Aire de Umaru-chan?";2015;2014;2012;2013
Medio;Entretenimiento: Libros;"¿Cuál de los siguientes fue el autor de ""Username Evie""?";Joe Sugg;Zoe Sugg;Joe Weller;Alfie Deyes
Medio;Entretenimiento: Videojuegos;¿Qué jugador de fútbol aparece en la versión internacional de portada del videojuego FIFA 16?;Lionel Messi;Cristiano Ronaldo;Wayne Rooney;David Beckham
Medio;Entretenimiento: Videojuegos;¿Cuántos mandos podría tener conectado una Nintendo GameCube a la vez?;4;8;6;2
Medio;Entretenimiento: Videojuegos;"¿El primer juego del Proyecto Touhou, ""Altamente Receptivo a las Oraciones"", ¿de qué género pertenece?";Breakout/Arkanoid;Disparad;Rompecabezas;Caza
Medio;Entretenimiento: Videojuegos;En Star Wars: Republic Commando (2005), ¿cómo se llama el escuadrón con el que juegas?;Delta Squad;Omega Squad;Escuadrón Echo;Escuadrón Alfa
Medio;Entretenimiento: Videojuegos;"En el mapa ""Call Of Duty: Zombies"" ""Origins"", ¿cuántos pasos hay para mejorar un Bastón?";4;7;5;3
Medio;Entretenimiento: Anime y Manga japonés;"En ""Black Lagoon"", ¿de qué color es la corbata de Rock?";Verde azulado;Carmesí;Marrón oscuro;Negro
Medio;Entretenimiento: Videojuegos;¿Cuál de estos personajes casi se añadió a Super Smash Bros. Melee, pero no se incluyó porque el juego estaba demasiado avanzado en desarrollo?;Serpiente Sólida;Pit;Meta Knight;R.O.B.
Medio;Entretenimiento: Música;¿Quién fue el miembro más veterano de The Beatles?;Ringo Starr;John Lennon;Paul McCartney;George Harrison
Medio;Entretenimiento: Televisión;"En la serie de televisión ""Lazy Town"", ¿quién es el actor de Robbie Rotten?";Stefán Stefánsson;Adam Sandler;Magnús Scheving;Stephen Carl
Medio;Entretenimiento: Videojuegos;¿Cómo se llama la máquina que falla y condena esencialmente a la humanidad al principio del primer juego de Half-Life?;Espectrómetro antimasas;Generador de oscilaciones;Reactor de fusión oscura;Resonador de fusión oscura
Medio;Geografía;¿Cuál es el idioma nacional oficial de Pakistán?;Urdu;Indio;Panyabi;Pashtú
Medio;Entretenimiento: Videojuegos;¿Cómo iba a llamarse originalmente el personaje Kirby?;Popopo;Dedede;Waddle Dee;Prince Puff
Medio;Entretenimiento: Cómics;¿Qué miembro de Doom Patrol fue una incorporación posterior, apareciendo por primera vez en 1989?;Jane la Loca;Elast-Girl;Robotman;Hombre Negativo
Medio;Entretenimiento: Musicales y teatros;¿Quién interpretó al marqués de Lafayette y a Thomas Jefferson en la temporada original de Hamilton en Broadway?;Daveed Diggs;Lin-Manuel Miranda;Javier Muñoz;Wayne Brady
Medio;Conocimientos generales;Solo el 9% de los hogares estadounidenses poseían televisores en;1950;1965;1913;1969
Medio;Historia;¿Cuándo obtuvo Noruega su constitución?;1814;1932;1905;1854
Medio;Geografía;¿Cuál es la capital de Eslovaquia?;Bratislava;Sofía;Liubliana;Sarajevo
Medio;Historia;¿El genocidio Herero fue perpetrado en África por cuál de las siguientes naciones coloniales?;Alemania;Gran Bretaña;Bélgica;Francia
Medio;Entretenimiento: Videojuegos;¿A qué empresa compró Bethesda la serie Fallout?;Interplay Entertainment;Capcom;Blizzard Entertainment;Nintendo
Medio;Ciencia y Naturaleza;¿Cuál era la categoría del huracán de 2005, el huracán Katrina, en la escala de vientos de huracanes Saffir-Simpson?;Categoría 5;Categoría 1;Categoría 4;Categoría 2
Medio;Ciencia y Naturaleza;¿Cuál de estos NO es un hueso que se encuentra en el brazo humano?;Tibia;Humerus;Cúbito;Radio
Medio;Entretenimiento: Cine;¿La actriz Susan Sarandon contrajo neumonía durante el rodaje de qué película?;El espectáculo de terror Rocky;Thelma y Louise;El hombre muerto caminando;Encantados
Medio;Entretenimiento: Música;"Cryoshell, conocido por ""Creeping in My Soul"", hizo la música publicitaria para qué tema de Lego?";Bionicle;Hero Factory;Ben 10 Fuerza Alienígena;Guerra de las galaxias
Medio;Historia;¿Qué presidente estadounidense fue famoso por ser 'atacado' por un conejo nadando?;Jimmy Carter;Ronald Reagan;Lydon B. Johnson;Gerald Ford
Medio;Entretenimiento: Música;¿Cuál es el verdadero nombre del rapero estadounidense Pitbull?;Armando Christian Pérez;Ramón Luis Ayala Rodríguez;Benito Antonio Martínez Ocasio;Belcalis Marlenis Almánzar
Medio;Ciencia: Informática;¿Qué significa el término GPU?;Unidad de procesamiento gráfico;Unidad procesadora de juegos;Unidad productora de grafito;Unidad Gráfica Propietaria
Medio;Entretenimiento: Dibujos animados y animaciones;¿Cuál es el verdadero nombre de Scooby-Doo?;Scoobert;Scooter;Scrappy;Shooby
Medio;Entretenimiento: Música;¿Cuál de los siguientes raperos NO formaba parte del grupo de hip-hop Odd Future?;Vince Staples;Tyler;el Creador;Frank Ocean
Medio;Entretenimiento: Anime y Manga japonés;"¿Quién pone voz al personaje ""Reigen"" en el doblaje inglés de ""Mob Psycho 100""?";Chris Niosi;Max Mittelman;Kyle McCarley;Casey Mongillo
Medio;Conocimientos generales;¿Cuándo fue aprobada la Declaración de Independencia por el Segundo Congreso Continental?;4 de julio de 1776;4 de mayo;1776;4 de junio
Medio;Entretenimiento: Videojuegos;¿En qué año se estrenó Pokémon Diamante y Perla en Japón?;2006;2009;2007;2008
Medio;Entretenimiento: Libros;"En las novelas de ""Harry Potter"", ¿qué debe hacer un estudiante de Hogwarts para entrar en la Sala Común de Ravenclaw?";Responder a un acertijo;Golpea rítmicamente los barriles con una varita;Di una contraseña;Golpes en secuencia
Medio;Entretenimiento: Videojuegos;En Forza Motorsport 6, ¿cuál de estos coches exclusivos de circuito NO apareció en el juego, ya sea originalmente con el juego o añadido como DLC?;Aston Martin Vulcan;Ferrari FXX-K;McLaren P1 GTR;Lotus E23
Medio;Entretenimiento: Televisión;¿Alan Reed es conocido por poner voz a qué personaje?;Fred Picapiedra;Bugs Bunny;Fangface;G.I. Joe
Medio;Entretenimiento: Música;¿Qué capital europea da nombre a una canción de Ultravox de 1981?;Viena;Berlín;París;Bruselas
Medio;Historia;¿Cuál de estos países fue cartografiado en 1500 por las exploraciones marítimas portuguesas?;Brasil;India;Mozambique;Madagascar
Medio;Conocimientos generales;¿Cuál es el signo zodiacal de alguien nacido en San Valentín?;Acuario;Piscis;Capricornio;Escorpio
Medio;Entretenimiento: Videojuegos;"¿En qué juego de ""Call of Duty"" se introducen los ""Apothicons"" en el modo Zombies?";Call Of Duty: Black Ops III;Call Of Duty: Operaciones Encubiertas;Call Of Duty: Un mundo en guerra;Call Of Duty: Black Ops II
Medio;Ciencia: Matemáticas;¿Qué es el número romano para 500?;D;L;C;X
Medio;Entretenimiento: Videojuegos;¿Cuál es el protagonista de Bioshock Infinite?;Booker DeWitt;Zachary Comstock;Arthas Menethil;Herbie Hancock
Medio;Entretenimiento: Música;"La canción ""Caramelldansen"" suele confundirse con una canción japonesa, ¿en qué idioma se canta realmente?";Sueco;Húngaro;Finés;Chino
Medio;Entretenimiento: Cine;Bela Lugosi fue un actor húngaro-estadounidense conocido principalmente por su papel protagonista en qué película de terror de 1931?;Conde Drácula;Dr. Frankenstein;Hombre lobo;La Criatura de la Laguna Negra
Medio;Geografía;¿Cuál es el río más largo de Europa?;Volga;Danubio;Rin;Thames
Medio;Entretenimiento: Música;"¿Cuántas copias han vendido el álbum de Metallica ""Metallica"" (también conocido como The Black Album) en todo el mundo (en millones de copias)?";20,5;19.5;22.5;25.5
Medio;Entretenimiento: Música;¿Qué canción grabada previamente por Elvis Presley fue versionada por UB40 con un ritmo reggae?;No puedo evitar enamorarme;Roca de la Cárcel;En el gueto;Corazón de Madera
Medio;Entretenimiento: Libros;"¿Cómo se llama el dragón de Eragon en ""Eragon""?";Saphira;Glaedr;Thorn;Arya
Medio;Entretenimiento: Cine;En Mulán (1998), ¿quién es el líder de los hunos?;Shan Yu;Chien-Po;Li Shang;Fa Zhou
Medio;Entretenimiento: Cine;"¿Cuál es la frase correcta para el dicho latino ""Romanes Eunt Domus"" en La vida de Brian de Monty Python?";Romani Ite Domum;Los romanos vuelven a casa;Roxani Ite Domum;Tomate Ite Domum
Medio;Entretenimiento: Cine;"¿Cuánto dinero recaudó la película de Marvel de 2019 ""Vengadores: Endgame"" para su fin de semana de estreno mundial, que fue un récord?";1.200 millones de dólares;640 millones de USD;456 millones de USD;392 millones de USD
Medio;Entretenimiento: Anime y Manga japonés;"¿En qué fecha se emitió el anime original ""Fruits Basket"" en Japón?";5 de julio de 2001;1 de noviembre;2006;27 de diciembre
Medio;Historia;¿Qué país regaló la Estatua de la Libertad a los Estados Unidos de América?;Francia;España;Inglaterra;Alemania
Medio;Conocimientos generales;¿Qué es un Burgeee?;Una bandera;Una cuerda;Una ventana;Un tipo de alimento
Medio;Deportes;¿En qué país se celebraron los Juegos Olímpicos de Invierno de 2014 en la ciudad de Sochi?;Rusia;Corea del Sur;Noruega;Canadá
Medio;Ciencia y Naturaleza;"Un organismo descrito como ""heliotrópico"" tiende a moverse hacia cuál de estas cosas?";Luz;Agua;Árboles;Polen
Medio;Entretenimiento: Videojuegos;En Call of Duty: United Offensive, ¿qué dos soldados comparten el nombre de un personaje de videojuego?;Gordon & Freeman;Sam & Fisher;Nathan y Drake;Excavar y excavar
Medio;Entretenimiento: Televisión;"""The A Team"" se emitió por primera vez en Estados Unidos y en qué año en el Reino Unido?";1983;1981;1985;1987
Medio;Entretenimiento: Videojuegos;En la trilogía de Mass Effect, ¿quién es el protagonista principal?;Shepard;Mordin;Garrus;Thane
Medio;Entretenimiento: Anime y Manga japonés;En Haikyuu!, ¿quién no es miembro de Karasuno VBC?;Shigeru Yahaba;Tadashi Yamaguchi;Hisashi Kinoshita;Kazuhito Narita
Medio;Mitología;¿Quién era el dios romano del fuego?;Vulcano;Apollo;Júpiter;Mercurio
Medio;Mitología;"En la mitología nórdica, ¿cuál es el nombre del símbolo comúnmente conocido como el ""Árbol de la Vida""?";Yggdrasil;Ymir;Árbol de la Tierra;Las raíces de Odín
Medio;Ciencia y Naturaleza;¿Cuál es el símbolo químico del plomo?;Pb;Ld;Le;PM
Medio;Conocimientos generales;¿La astrofobia es el miedo irracional a qué?;Trueno;Lluvia;Viento;Nieve
Medio;Geografía;¿Cuántos condados hay en la República de Irlanda?;26;32;28;30
Medio;Entretenimiento: Videojuegos;En Overwatch, ¿cuál es el nombre completo de Lúcio?;Lúcio Correia Dos Santos;Lúcio Luiz Lós Guilherme;Lúcio João Lucas;Lúcio Chupar Prima
Medio;Historia;¿Quién era Hannibal?;General cartaginés;Asesino en serie británico;Explorador francés;Filósofo griego
Medio;Conocimientos generales;¿Qué nación produce aproximadamente el 40% de la versión original del mundo?;Madagascar;Indonesia;China;México
Medio;Entretenimiento: Juegos de mesa;¿Qué pasa cuando sacas 3 dobles seguidos en Monopoly?;Ve a la cárcel;Cobra 200 dólares;Paga 200 dólares;Cambio a aparcamiento gratuito
Medio;Historia;¿Quién fue el primer canciller de una Alemania unificada en 1871?;Otto von Bismarck;Kaiser Guillermo;Federico II;Robert Koch
Medio;Entretenimiento: Videojuegos;En Touhou 12: Objeto Fantástico Indefinido, ¿cuál de estos no era un personaje jugable?;Izayoi Sakuya;Hakurei Reimu;Kirisame Marisa;Kochiya Sanae
Medio;Entretenimiento: Videojuegos;En Terraria, ¿cuál de los siguientes objetos NO suelta el mini-jefe Martian Saucer?;Unidad de Contención de Perforación;Gancho antigravedad;Influx Waver;Llave cósmica del coche
Medio;Entretenimiento: Cine;"Esta película contiene la frase: ""¡Me encanta el olor del napalm por la mañana!""";Apocalipsis Ahora;Pelotón;El cazador de ciervos;Full Metal Jacket
Medio;Ciencia y Naturaleza;¿Qué elemento químico tiene el punto de ebullición más bajo?;Helio;Hidrógeno;Neón;Nitrógeno
Medio;Mitología;"¿Qué dios o diosa griega lanzó una manzana dorada con las palabras ""para la más bella"" en medio de la fiesta de los dioses?";Eris;Hades;Ares;Artemisa
Medio;Historia;¿En qué año Kentucky se convirtió en el decimoquinto estado en unirse a la unión?;1792;1782;1798;1788
Medio;Entretenimiento: Cine;Ed Koch, el alcalde de Nueva York en 1984, se interpretó a sí mismo en qué película de los Muppets?;Los Muppets se llevan Manhattan;El Gran Golpe de los Teleñecos;El Cuento de Navidad Muppet;La película de los Teleñecos
Medio;Historia;¿Quién fue el primer emperador de Roma?;Augusto;Julio César;Pompeyo Magno;Claudio
Medio;Animales;¿Cuál de estas especies no está extinta?;Dragón de Komodo;León marino japonés;Tigre de Tasmania;Gacela saudí
Medio;Entretenimiento: Musicales y teatros;¿Cuál fue la última ópera de George Bizet?;Carmen;Don Rodrigue;Grisélidis;Les pêcheurs de perles
Medio;Arte;¿De qué nacionalidad era el pintor surrealista Salvador Dalí?;Español;Italiano;Francés;Portugués
Medio;Entretenimiento: Videojuegos;¿Qué empresa desarrolló el MMO Spiral Knights (2011)?;Diseño de los Tres Anillos;Sega;Artes Electrónicas;Doble Multa
Medio;Entretenimiento: Dibujos animados y animaciones;¿Qué serie de Cartoon Network emitió su primer episodio el 4 de noviembre de 2013?;Steven Universe;Programa regular;Hora de Aventura;El asombroso mundo de Gumball
Medio;Entretenimiento: Videojuegos;¿En qué versión de Half-Life de qué país los Marines de la HECU son reemplazados por robots?;Alemania;Japón;China;Francia
Medio;Política;¿En qué año se convirtió Gerald Ford en presidente?;1974;1977;1973;1969
Medio;Entretenimiento: Videojuegos;¿Qué ciudad acogió el CS:GO Dreamhack Open 2015?;Cluj-Napoca;Colonia;Atlanta;Londres
Medio;Deportes;¿Qué país acoge la Copa Mundial de la FIFA 2022?;Qatar;Uganda;Vietnam;Bolivia
Medio;Geografía;¿Cuál de estos países no es un Estado miembro de las Naciones Unidas?;Niue;Tuvalu;Sudán del Sur;Montenegro
Medio;Deportes;¿Qué fabricante de coches ganó las 24 Horas de Le Mans 2016?;Porsche;Toyota;Audi;Ferrari
Medio;Entretenimiento: Cine;En la franquicia Mad Max, ¿qué tipo de coche conduce Max el Pursuit Special?;Ford Falcon;Holden Monaro;Chrysler Valiant Charger;Pontiac Firebird
Medio;Entretenimiento: Televisión;"¿De qué serie es el personaje ""James Doakes""?";Dexter;El Temerario de Marvel;Imperio del Paseo Marítimo;Los muertos vivientes
Medio;Entretenimiento: Música;"La canción de 2010 ""Eenie Meenie"" fue una colaboración entre qué dos artistas populares?";Sean Kingston y Justin Bieber;Eminem y Rihanna;Usher y Pitbull;Lady Gaga y Beyoncé
Medio;Ciencia y Naturaleza;¿Cuántos años tiene la Tierra?;4.500 millones de años;3.500 millones de años;2.500 millones de años;5.500 millones de años
Medio;Historia;Durante las invasiones mongolas de Japón, ¿qué eran las naves mongolas que más se paraban a las naves?;Tifones;Tornados;Depresión económica;Samurái
Medio;Conocimientos generales;"¿La web ""Shut Up & Sit Down"" reseña qué tipo de medios de comunicación?";Juegos de mesa;Programas de televisión;Videojuegos;Películas
Medio;Entretenimiento: Videojuegos;"¿Qué ""Racha de muertes"" de CoD solo aparece en Call of Duty: Modern Warfare 2?";Imitador;Martrydom;Última Resistencia;Venganza
Medio;Entretenimiento: Videojuegos;"En la serie ""S.T.A.L.K.E.R."", ¿CUÁLES DE ESTOS OBJETOS NO PUEDEN USARSE PARA REDUCIR LA RADIACIÓN ACUMULADA DEL JUGADOR?";Radioprotector;Anti-radiación;Botiquín;Vodka
Medio;Entretenimiento: Videojuegos;"En ""Call Of Duty: Zombies"", completar el huevo de pascua principal de qué mapa te recompensará con el logro ""Alto Mantenimiento""?";Die Rise;La Turba de los Muertos;Orígenes;Ascensión
Medio;Entretenimiento: Anime y Manga japonés;En el anime Assassination Classroom, ¿cuál es la clase que imparte Korosensei?;Clase 3-E;Clase 3-A;Clase 3-B;Clase 3-D
Medio;Entretenimiento: Cine;Después de India, ¿qué país produce la segunda mayor cantidad de películas al año?;Nigeria;Estados Unidos;China;Francia
Medio;Deportes;¿Edson Arantes do Nascimento es el nombre completo de qué futbolista legendario?;Pelé;Romário;Zico;Ronaldinho
Medio;Ciencia: Informática;¿Cómo se llama la tetera, que a menudo se ve en muchas aplicaciones de modelado 3D?;Tetera de Utah;Tetera Pixar;Tetera 3D;Tetera de Tennessee
Medio;Historia;¿Cuál fue el nombre en clave de la invasión alemana de la Unión Soviética en la Segunda Guerra Mundial?;Operación Barbarroja;Operación Kaiserschlact;Operación Impensable;Operación Molotov
Medio;Entretenimiento: Televisión;¿Cuál es el nombre de los principales antagonistas en Battlestar Galactica?;Los Cylons;El Colectivo;La Federación;Los Rebeldes
Medio;Entretenimiento: Videojuegos;De los siguientes juegos de disparos espaciales, ¿cuál salió primero?;Invasores del espacio;Galaxian;Galaga;Sinistar
Medio;Entretenimiento: Videojuegos;"En ""Call Of Duty: Zombies"", completar el huevo de pascua de qué mapa te recompensará con el logro ""Viaje en el tiempo lo dirá""?";Shangri-La;Ascensión;Luna;Die Rise
Medio;Historia;¿Dónde fue asesinado el explorador portugués Fernando de Magallanes en 1521?;Las Filipinas;Islas Canarias;Guam;Argentina
Medio;Deportes;¿Quién ganó la Copa Stanley en 2011?;Boston Bruins;Montreal Canadiens;New York Rangers;Toronto Maple Leafs
Medio;Historia;¿Qué presidente de EE. UU. estaba en el cargo cuando comenzó la Guerra del Golfo?;George H. W. Bush;Richard Nixon;George W. Bush;Ronald Regan
Medio;Entretenimiento: Televisión;¿Quién fue el actor de voz original de Shaggy Rogers en Scooby-Doo?;Casey Kasem;Dante Basco;Billy West;Frank Welker
Medio;Ciencia y Naturaleza;¿Cuántos planetas enanos oficialmente reconocidos en el sistema solar llevan nombres de deidades polinesias?;2;0;1;5
Medio;Entretenimiento: Libros;"¿La novela de George Orwell ""La granja de los animales"" se inspiró en qué acontecimiento histórico?";El auge del comunismo y las políticas de Stalin.;El auge del Japón imperial y el control del Pacífico.;El auge del fascismo y las influencias de Hitler.;El New Deal de Franklin D. Roosevelt y sus efectos en la Gran Depresión.
Medio;Historia;En la Guerra del Pacífico (1879 - 1883), Bolivia perdió el acceso al océano Pacífico tras ser derrotada por ¿qué país sudamericano?;Chile;Perú;Brasil;Argentina
Medio;Ciencia y Naturaleza;¿Qué parte del cuerpo produce insulina?;Páncreas;Riñón;Hígado;Estómago
Medio;Entretenimiento: Videojuegos;¿Qué nivel tienes que tener para obtener una medalla de servicio en CS:GO?;40;50;30;20
Medio;Entretenimiento: Videojuegos;¿En qué año se lanzó el primer juego de Monster Hunter?;2004;2006;2005;2002
Medio;Vehículos;"¿En qué país se ensambla el superdeportivo Hussarya, fabricado por el fabricante de automóviles ""Arrinera""?";Polonia;China;Suecia;Italia
Medio;Conocimientos generales;¿Cómo se llamaba a los dictadores militares japoneses que gobernaron el país durante los siglos XII y XIX?;Shogun;Ninja;Samurái;Shinobi
Medio;Entretenimiento: Música;"¿Quién escribió la composición musical ""Rhapsody In Blue""?";George Gershwin;Irving Berlín;Duque Ellington;Johnny Mandel
Medio;Historia;¿Cuándo terminó la construcción del Canal de Suez?;1869;1859;1860;1850
Medio;Entretenimiento: Videojuegos;"En ""Halo 2"", ¿cómo se llama el monitor de la Instalación 05?";2401 Tangente Penitente;343 Chispa Culpable;031 Testigo Exuberante;252 Biodis Expolsion
Medio;Entretenimiento: Música;"¿Qué banda lanzó el álbum ""Sonic Highways"" en 2014?";Foo Fighters;Coldplay;Nickelback;Los labios llameantes
Medio;Entretenimiento: Música;¿Qué canción de Tina Turner es el tema de Mad Max Beyond Thunderdome?;No necesitamos otro héroe;Quedémonos juntos;¿Qué tiene que ver el amor con esto;No quiero perderte
Medio;Entretenimiento: Videojuegos;¿Qué mob nevado se añadió en Minecraft 1.10?;Osos polares;Esquimales;Pingüinos;TNT andante
Medio;Entretenimiento: Música;¿Cuál es la canción de apertura de Pure Heroine de Lorde?;Pista de tenis;Equipo;Royals;400 Lux
Medio;Deportes;¿Cuántas zonas de puntuación hay en un tablero de dardos convencional?;82;62;42;102
Medio;Entretenimiento: Cine;¿Qué personaje en las películas de Winnie the Pooh fue añadido por Disney y no aparece en los libros originales?;Gopher;Tigger;Heffalumps;Conejo
Medio;Entretenimiento: Videojuegos;"¿Qué cantante pop fue contratado por SEGA para producir la música de ""Sonic the Hedgehog 3""?";Michael Jackson;Príncipe;George Michael;Hielo de vainilla
Medio;Entretenimiento: Cine;"En la película de 2014 ""Birdman"", ¿cuál es el instrumento principal de la banda sonora?";Batería;Saxofón;Violín;Cantando aves vivas reales
Medio;Geografía;¿Cuál es la capital del Estado de Washington, Estados Unidos?;Olympia;Washington D.C.;Seattle;Yukon
Medio;Entretenimiento: Dibujos animados y animaciones;"En la serie ""Fat Albert and the Cosby Kids"", ¿cómo se llama la banda ficticia de los personajes?";La Banda del Desguace;La Compañía de la Basura;Los Siete del Desguace;La Podrida Banda
Medio;Entretenimiento: Videojuegos;¿Qué bloque en Minecraft tiene la mayor resistencia a las explosiones?;Barrera;Obsidiana;Roca madre;Bloque de diamante
Medio;Entretenimiento: Libros;"¿Quién escribió el libro ""Fahrenheit 451""?";Ray Bradbury;R. L. Stine;Wolfgang Amadeus Mozart;Stephen King
Medio;Conocimientos generales;¿El fabricante de ordenadores Compaq fue adquirido por 25.000 millones de dólares en 2002 por qué empresa?;Hewlett-Packard;Toshiba;Asus;Dell
Medio;Entretenimiento: Videojuegos;"En el juego ""Dead By Daylight"", qué personaje empieza con la ventaja ""Vínculo"".";Dwight Fairfield;Claudette Morell;Meg Thomas;Jake Park
Medio;Entretenimiento: Música;"¿Cuál fue el título de la canción de Sakamoto Kyu ""Ue o Muite Arukou"" (Miro hacia arriba mientras camino) en Estados Unidos?";Sukiyaki;Takoyaki;Sushi;Oden
Medio;Entretenimiento: Videojuegos;En Touhou: Embodiment of Scarlet Devil, ¿qué canción suena durante la pelea contra el jefe de Flandre Scarlet?;U.N. Owen era su;Septette por la Princesa Muerta;Noche de Floración;Pierrot del Estandarte Estrellado
Medio;Ciencia y Naturaleza;¿Qué medicamento se usaba comúnmente como veneno para ratas?;Coumadin;Aspirina;Eliquis;Tylenol
Medio;Entretenimiento: Música;¿Cuál de estos no es un sencillo del guitarrista de Pink Floyd, David Gilmour?;Sunset Strip;Haz vibrar esa cerradura;Luz azul;Arnold Layne
Medio;Entretenimiento: Música;¿Quién es el cantante principal de los Smashing Pumpkins?;Billy Corgan;Brett Spollions;Eddie Vedder;Chino Moreno
Medio;Entretenimiento: Videojuegos;¿Cuál de estos personajes NO estaba previsto para ser jugable en Super Smash Bros. 64?;Melocotón;Bowser;Mewtwo;Rey Dedede
Medio;Historia;¿A qué as de tanques de la Segunda Guerra Mundial se le atribuye haber destruido más tanques?;Kurt Knispel;Michael Wittmann;Walter Kniep;Otto Carius
Medio;Entretenimiento: Juegos de mesa;"¿Qué tipo es ""Drenaje Mágico"" en Yugioh? ¿Juego de cartas coleccionables?";Contratrampa;Trampa Normal;Hechizo de Juego Rápido;Hechizo de Campo
Medio;Entretenimiento: Televisión;¿Cesar Romero interpretó a qué villano icónico de Batman de la serie de televisión de los años 60?;El Joker;El Pingüino;El Acertijo;Señor Freeze
Medio;Entretenimiento: Videojuegos;"En ""Overwatch"", ¿cuánta salud recupera la habilidad ""Toma un respiro"" de Roadhog?";300;100;200;400
Medio;Entretenimiento: Cómics;¿Cómo se llama el cómic sobre un niño y un tigre que en realidad es un peluche?;Calvin y Hobbes;Winnie the Pooh;Albert y Pogo;Cacahuetes
Medio;Geografía;¿Cuál es la montaña más alta del mundo?;Monte Everest;Monte Godwin Austen;Kangchenjunga;Annapurna
Medio;Historia;¿Quién asesinó al archiduque Francisco Fernando?;Gavrilo Princip;Nedeljko Ēabrinoviğ;Oskar Potiorek;Ferdinand Cohen-Blind
Medio;Entretenimiento: Videojuegos;¿Quién fue la primera protagonista femenina en un videojuego?;Samus Aran;Lara Croft;Alis Landale;Chell
Medio;Entretenimiento: Anime y Manga japonés;"¿Ikki Kurogane es conocido por qué apodo al principio de ""La caballería de un caballero fracasado""?";El peor;Otro;Blazer;Princesa
Medio;Entretenimiento: Cómics;En los cómics de Marvel, ¿cuál de las siguientes no es una de las gemas del infinito?;Energía;Tiempo;Energía;Alma
Medio;Entretenimiento: Videojuegos;En Portal, ¿de qué color es el Núcleo de la Moralidad?;Morado;Rojo;Amarillo;Azul
Medio;Entretenimiento: Libros;De las siguientes, ¿cuál novela de Stephen King fue publicada primero?;"""Cujo""";"""Miseria""";"""Christine""";"""ELLO"""
Medio;Ciencia: Matemáticas;¿Qué tipo de función es x²+2x+1?;Cuadrático;Racional;Lineal;Exponencial
Medio;Conocimientos generales;¿Qué país circula por el lado izquierdo de la carretera?;Japón;Alemania;Rusia;China
Medio;Entretenimiento: Cine;En Regreso al futuro Parte II, Marty y el Dr. Emmett Brown van a qué fecha futura?;42298;28 de agosto;2015;20 de julio
Medio;Geografía;¿Cuál es el asentamiento humano más al norte con habitantes durante todo el año?;Alerta, Canadá;Nagurskoye;Rusia;Estación McMurdo
Medio;Entretenimiento: Videojuegos;¿Cuál era la moneda principal en Club Penguin?;Monedas;Selos;Entradas;Gemas
Medio;Entretenimiento: Videojuegos;¿Cuál es el nombre del juego de realidad aumentada basada en localizaciones desarrollado por Niantic antes de Pokémon GO?;Ingress;Agresor;Regreso;Divagación
Medio;Entretenimiento: Videojuegos;"En ""Overwatch"", ¿Coalescencia es el nombre para el ultimate de qué héroe?";Moira;Zenyatta;Torbjorn;Symmetra
Medio;Entretenimiento: Anime y Manga japonés;"En el doblaje ADV (inglés) del anime ""Ghost Stories"", ¿qué personaje se presenta como un cristiano pentecostal?";Momoko Koigakubo;Hajime Aoyama;Satsuki Miyanoshita;Mio Itai
Medio;Entretenimiento: Libros;En El Señor de los Anillos, ¿quién es el padre del enano Gimli?;Gloin;Thorin Escudo de Roble;Bombur;Dwalin
Medio;Conocimientos generales;¿Qué produce y vende un sombrerero?;Sombreros;Zapatillas;Cinturones;Camisetas
Medio;Entretenimiento: Cine;"¿Quién puso voz a Barba de Metal en ""La película de Lego""?";Nick Offerman;Liam Neeson;Morgan Freeman;Will Arnet
Medio;Entretenimiento: Cómics;¿El tigre disecado en Calvino y Hobbes lleva el nombre de qué filósofo?;Thomas Hobbes;David Hobbes;John Hobbes;Nathaniel Hobbes
Medio;Ciencia y Naturaleza;En aeronáutica, ¿qué se usan flaps y slats para controlar qué en una aeronave?;Ascensor;Empuje;Arrastre;Peso
Medio;Entretenimiento: Videojuegos;"¿Quién es el desarrollador del juego ""Rocket League""?";Psyonix;La gente puede volar;Felicidad digital;Roll7
Medio;Historia;¿Cómo se llama el barco que estaba a solo unos kilómetros del RMS Titanic cuando chocó contra un iceberg el 14 de abril de 1912?;Californiana;Carpathia;Cristol;Comercio
Medio;Geografía;¿El lago Titicaca está situado entre qué dos naciones?;Perú y Bolivia;Kenia y Uganda;México y Estados Unidos;India y Bangladés
Medio;Entretenimiento: Cine;¿Qué película de animación dirigió Steven Lisberger en 1980 antes de dirigir Tron?;Animípicas;El zorro y el sabueso;El Caldero Negro;El Gran Detective del Ratón
Medio;Entretenimiento: Libros;¿Cuál es el nombre de la banda de la que Ponyboy forma parte en el libro Los Forasteros?;Los Greasers;Los Forasteros;La Mafia;Los Socs
Medio;Arte;"¿Quién pintó ""El grito""?";Edvard Munch;Vincent Van Gogh;Picasso;Henri Matisse
Medio;Historia;¿Cuándo se liberó Noruega de Suecia?;1905;1925;1814;1834
Medio;Entretenimiento: Anime y Manga japonés;"¿Qué canción suena en los créditos finales del anime ""Ergo Proxy""?";Androide paranoico;Verano Sádico;Sinfonía agridulce;Mundo Loco
Medio;Ciencia y Naturaleza;¿A qué temperatura hierve el agua?;212°F;200°F;181°F;178°F
Medio;Historia;¿Qué día comenzó la Batalla de Gettysburg?;1 de julio de 1863;17 de septiembre;1862;21 de julio
Medio;Entretenimiento: Música;¿El icónico personaje de dibujos animados Mickey Mouse debutó en pantalla en qué año?;1928;1929;1922;1932
Medio;Entretenimiento: Cine;¿En qué película debutó Johnny Depp como actor en la gran pantalla?;Pesadilla en Elm Street;Mi Maldito San Valentín;Halloween;Viernes 13
Medio;Entretenimiento: Música;Pink Floyd hizo esta canción para su anterior cantante principal, Syd Barrett.;Brilla sobre ti, diamante loco;Ojalá estuvieras aquí;Toma un puro;Bienvenido a la máquina
Medio;Geografía;¿Qué país ocupa el primer puesto en número de volcanes históricamente activos?;Indonesia;Japón;EE. UU.;India
Medio;Geografía;¿Cuál es la capital de Estonia?;Tallin;Helsinki;Tartu;Riga
Medio;Entretenimiento: Videojuegos;En Terraria, ¿cuál de estos objetos NO se fabrica en un yunque de Mythril?;Amuleto Ankh;Bastón Venom;Fractura del Cielo;Herramientas de oricalco
Medio;Celebridades;¿Cuál de estas actrices es la más joven?;Kiernan Shipka;Ariel Winter;Emma Watson;Bonnie Wright
Medio;Entretenimiento: Música;¿Qué M83 apareció en la radio de Grand Theft Auto V?;Ciudad de Medianoche;Encerramento;Reunión;Espera
Medio;Mitología;¿Cuál es el nombre del primer ser humano en la mitología nórdica?;Pregunta;Asmund;Ake;Asger
Medio;Conocimientos generales;"¿Cuál es la palabra italiana para ""tomate""?";Pomodoro;Aglio;Cipolla;Peperoncino
Medio;Animales;"Los ""Decápodos"" son un orden de crustáceos de diez pies.  ¿Cuáles de estos NO son decápodos?";Krill;Langostas;Gambas;Cangrejos
Medio;Ciencia y Naturaleza;¿Aproximadamente qué porcentaje de la atmósfera terrestre es oxígeno?;0,21;54%;78%;7%
Medio;Entretenimiento: Videojuegos;En Minecraft: Java Edition, ¿cuál de las siguientes características/bloques se añadió al modo Supervivencia en la Beta 1.3?;Camas;Hambre;El Nether;Césped
Medio;Vehículos;¿La British Rail Clase 700, Clase 707 y la Clase 717 forman parte de qué familia de trenes?;Ciudad de Desiro;Networker;Aventra;Electrostar
Medio;Conocimientos generales;Justo entre el Monumento a Washington y la Piscina Reflectante hay un memorial a qué guerra?;Segunda Guerra Mundial;Guerra de Vietnam;Guerra Civil estadounidense;Guerra de Independencia de Estados Unidos
Medio;Entretenimiento: Videojuegos;"En el juego ""Undertale"", ¿quién fue el creador de Mettaton?";Alphys;Undyne;Sans;Asgore
Medio;Entretenimiento: Videojuegos;¿Cuál es el nombre de la isla introducida en el paquete de expansión ARMA III: APEX?;Tanoa;Altis;Stratis;Malden
Medio;Entretenimiento: Videojuegos;En Yakuza 0, ¿cuál es el orden de los estilos de lucha adquiridos como Kazuma Kiryu?;Peleador, Carrera, Bestia, Leyenda;Leyenda;Rush;Peleador
Medio;Entretenimiento: Videojuegos;"En el videojuego ""League of Legends"", ¿qué personaje es conocido como ""La Espada Sinestria""?";Katarina;Shaco;Akali;Zed
Medio;Entretenimiento: Música;¿Quién tuvo un número 1 en Estados Unidos y Reino Unido en 1962 con el instrumental 'Telstar'?;Los Tornados;Las Ventures;Los Spotnicks;Los Tremeloes
Medio;Ciencia y Naturaleza;¿Cuál es el nombre linneano del manzano doméstico?;Malus pumila;Malus americana;Pomus domestica;Appelus delectica
Medio;Historia;¿Cuándo devolvieron los británicos la soberanía de Hong Kong a China?;1997;1999;1841;1900
Medio;Ciencia: Informática;¿Qué palabra de cinco letras es el lema de la empresa IBM Computer?;Piensa;Clic;Lógica;Píxel
Medio;Entretenimiento: Videojuegos;¿Cuántos personajes jugables había en Street Fighter II: Champion Edition?;12;16;8;17
Medio;Entretenimiento: Videojuegos;Si juegas al Super Mario RPG y echas una siesta en una habitación de hotel alquilada, ¿te despertarás junto a qué personaje que te resulta familiar?;Enlace;Wario;Q*bert;Serpiente Sólida
Medio;Entretenimiento: Videojuegos;En la saga Mario, ¿qué juego introdujo la habilidad de Backflip de Mario?;Donkey Kong (Gameboy);Super Mario 64;Super Mario 3D Land;Super Mario Galaxy
Medio;Vehículos;¿Enzo Ferrari fue originalmente piloto de coches para qué fabricante antes de fundar su propia empresa de coches?;Alfa Romeo;Auto Union;Mercedes Benz;Bentley
Medio;Entretenimiento: Música;"¿Cuándo se publicó el tercer álbum ""Notes from the Underground"" de la banda ""Hollywood Undead""?";2013;2011;2014;2009
Medio;Geografía;¿Cuál de los siguientes países está dentro de la Eurozona pero fuera del Espacio Schengen?;Chipre;Malta;Grecia;Portugal
Medio;Conocimientos generales;"¿Quién es el fundador de ""The Lego Group""?";Ole Kirk Christiansen;Jens Niels Christiansen;Kirstine Christiansen;Gerhardt Kirk Christiansen
Medio;Entretenimiento: Videojuegos;"De la Cultura Meme, ¿qué juego de Mario ha incorporado ""Weegee""?";¡Mario está desaparecido! Versión MS-DOS;¡Mario está desaparecido! Versión SNES;¡Mario está desaparecido! Versión para NES;¡Mario está desaparecido! Versión MSX
Medio;Historia;¿Qué civilización estadounidense es la fuente de la creencia de que el mundo acabaría o cambiaría drásticamente el 21 de diciembre de 2012?;Los mayas;Los incas;Los aztecas;Los navajos
Medio;Entretenimiento: Musicales y teatros;¿Cuál de estos musicales ganó el premio Tony al Mejor Musical?;Alquiler;El color púrpura;Idiota americano;Newsies
Medio;Conocimientos generales;¿Cuál era el eslogan original de Mountain Dew?;¡Yahoo! Rocío de la Montaña... ¡Te va a hacer cosquillas por dentro!;Dame un rocío;Haz el rocío;Sácale esa sensación de descalzo bebiendo Mountain Dew
Medio;Entretenimiento: Videojuegos;¿Cuál es el subtítulo de Gran Turismo 3?;A-Spec;Campeonato;Conducción;Nitro
Medio;Entretenimiento: Cine;¿Qué clásico de culto de la comedia de los 90 cuenta con apariciones especiales de Meat Loaf, Alice Cooper y Chris Farley?;El mundo de Wayne;La excelente aventura de Bill y Ted;Tonto y más tonto;Austin Powers: Hombre Internacional de Misterio
Medio;Política;¿Qué presidente borró la deuda nacional de Estados Unidos?;Andrew Jackson;Ronald Reagan;John F. Kennedy;Franklin Roosevelt
Medio;Entretenimiento: Música;¿Cuál de estas NO es una canción de Pegboard Nerds?;Desgarros WiFi;Cosa del Pantano;Emoji;BAMF
Medio;Geografía;Eritrea, que se convirtió en el miembro número 182 de la ONU en 1993, está en el continente de?;África;Europa;Asia;Sudamérica
Medio;Entretenimiento: Cine;¿Cuál de estas películas NO se considera parte del Universo Cinematográfico de Marvel?;Los Cuatro Fantásticos (2015);Spider-Man: El regreso a casa (2017);El Increíble Hulk (2008);Capitana Marvel (2019)
Medio;Geografía;¿Cuál es el idioma oficial de Bután?;Dzongkha;Ladakhi;Karen;Groma
Medio;Entretenimiento: Música;"¿Qué miembro de ""The Beatles"" narró episodios de ""Thomas the Tank Engine""?";Ringo Starr;George Harrison;John Lennon;Paul McCartney
Medio;Geografía;¿Dónde está el río Volga?;Rusia;Bulgaria;India;Suecia
Medio;Entretenimiento: Videojuegos;¿El '64' en la consola Nintendo-64 ¿a qué se refiere?;Los bits en la arquitectura de la CPU;El número de megabytes de RAM;Capacidad de los cartuchos ROM en megabytes;Velocidad de reloj de la CPU en Hertz
Medio;Entretenimiento: Cine;¿Quién interpreta al Némesis en las películas de Resident Evil?;Matthew Taylor;Jason Dip;Eric Mabius;Jimmy Matts
Medio;Entretenimiento: Videojuegos;"En el videojuego ""Pizza Tower"", ¿cómo se llama el protagonista?";Peppino;Pastachio;Pepper;Espinaqui
Medio;Entretenimiento: Videojuegos;¿Final Fantasy VI se lanzó originalmente fuera de Japón bajo qué nombre?;Final Fantasy III;Final Fantasy VI;Final Fantasy V;Final Fantasy II
Medio;Entretenimiento: Videojuegos;¿Cuáles fueron los dos primeros juegos de Pokémon que se lanzaron?;Rojo y Verde;Rojo y Azul;Verde y Azul;Rojo y amarillo
Medio;Entretenimiento: Videojuegos;En el juego Conquista Pokémon, ¿qué señor de la guerra es capaz de vincularse con Zekrom y un brillante Rayquazza?;Nobunaga;El Jugador;Oichi;Hideyoshi
Medio;Historia;¿Cuál de estas instalaciones no estaba presente en el Titanic?;Sala de desmayo;Baño turco;Kennel;Pista de squash
Medio;Ciencia: Matemáticas;¿Cuál es la representación alfanumérica del número imaginario?;i;e;n;x
Medio;Entretenimiento: Música;¿Cuál de estos NO es el nombre de un álbum lanzado por el rapero estadounidense Viper?;La vida de Pablo;Mátate, amigo mío;Cobardes, ni siquiera fumáis crack;Tu mujer esposándome
Medio;Entretenimiento: Música;¿De cuál de las siguientes bandas no forma parte Tom DeLonge?;44;Box Car Racer;Blink-182;Ángeles y Ondas de Radio
Medio;Historia;¿Qué dios griego fue el dios del Sol?;Helios;Zeus;Hades;Poseidón
Medio;Entretenimiento: Televisión;"En la serie de comedia ""Trailer Park Boys"", ¿cuál de los siguientes personajes cuida de gatos callejeros?";Burbujas;Ricky;Julian;Randy
Medio;Entretenimiento: Videojuegos;"En la serie ""Pikmin"", ¿cuál es el único tipo de pikmin que posee orejas visibles?";Amarillo;Rojo;Blanco;Alado
Medio;Entretenimiento: Cine;¿Cuál de las siguientes NO es una cita de la película Casablanca de 1942?;"""Francamente, querida, me da igual.""";"""Te miro";"chaval.""";"""De todos los locales de ginebra"
Medio;Geografía;¿Kuala Lumpur es la capital de qué país?;Malasia;Indonesia;Singapur;Tailandia
Medio;Entretenimiento: Libros;¿Qué novela de John Grisham fue concebida durante un viaje por carretera a Florida mientras pensaba en libros robados con su esposa?;Isla Camino;Abogado rebelde;Montaña Gris;Los litigantes
Medio;Entretenimiento: Videojuegos;"¿Cuál es el verdadero nombre del Explorador en ""Team Fortress 2""?";Jeremy;Lance;Walter;John
Medio;Entretenimiento: Videojuegos;¿Marvel vs Capcom 2: New Age of Heroes se estrenó en qué año?;2000;2001;2003;1998
Medio;Entretenimiento: Videojuegos;¿Qué videojuego le valió más premios al compositor musical Mike Morasky por su trabajo?;Portal 2;Left 4 Dead 2;Team Fortress 2;Contraataque: Ofensiva Global
Medio;Entretenimiento: Cine;¿Cuál es el nombre de nacimiento de Michael Caine?;Maurice Micklewhite;Morris Coleman;Carl Myers;Martin Michaels
Medio;Ciencia y Naturaleza;Cuando el Falcon Heavy fue lanzado en su vuelo de prueba, ¿cuál fue la única parte de la operación que falló?;Aterrizaje en el núcleo central;Aterrizaje con propulsores laterales;Despliegue de Starman;Encendido y despegue
Medio;Conocimientos generales;"La continuación menos conocida del dicho ""La curiosidad mató al gato..."" es:";"""... pero la satisfacción lo devolvió.""";"""... y el ratón silencioso permaneció allí.""";"""... lo que le enseñó a no hacerlo.""";"""... pero la muerte por la verdad es mejor que la ignorancia."""
Medio;Entretenimiento: Música;¿Cuál de estos artistas NO ha sido miembro del grupo de dancehall Major Lazer?;Skrillex;Diplo;Jillionaire;Incendio Walshy
Medio;Entretenimiento: Música;¿Quién fue el cantante principal y líder de la banda de rock R.E.M?;Michael Stipe;Chris Martin;Thom Yorke;George Michael
Medio;Animales;¿Cuál es la esperanza de vida media de un conejo doméstico?;8-12 años;1-2 años;4-7 años;14-20 años
Medio;Geografía;¿Cuál es el nombre de la capital de Turquía?;Ankara;Estambul;Esmirna;Bursa
Medio;Entretenimiento: Videojuegos;"¿Qué nombre tiene el pequeño cangrejo de cabeza en ""Half Life 2""?";Lamarr;Jumperr;Drett;Jerry
Medio;Entretenimiento: Videojuegos;¿Qué personaje NO forma parte de la saga Grand Theft Auto?;Michael Cárdenas;Packie McReary;Tommy Vercetti;Lester Crest
Medio;Vehículos;¿Cuál de estos coches NO se considera uno de los 5 Supercars Modernos por Ferrari?;Testarossa;Enzo Ferrari;F40;288 GTO
Medio;Entretenimiento: Música;74–'75 es un sencillo de 1993 del álbum Ring de ¿qué banda estadounidense?;Los Connell;R.E.M.;El Azul Océano;Las Pulseras
Medio;Historia;¿En cuál de estas ciudades ocurrió el Gran Hedor de 1858?;Londres;Berlín;Nueva York;Moscú
Medio;Entretenimiento: Videojuegos;"¿En qué país nació Eliza ""Ash"" Cohen de ""Tom Clancy's Rainbow Six Siege""?";Israel;Estados Unidos de América;México;Canadá
Medio;Conocimientos generales;"¿Qué eslogan usó la empresa de comida rápida, McDonald's, antes de su eslogan ""I'm Lovin' It""?";Nos encanta verte sonreír;¿Por qué pagar más?;Como quieras;Hacer feliz a la gente a través de la comida
Medio;Ciencia y Naturaleza;¿Qué causa la enfermedad de Lyme?;Una bacteria;Un virus;Un gusano parásito;Una ameba
Medio;Entretenimiento: Cine;¿En qué ciudad se ambienta la película de Disney El bicho del amor (1968)?;San Francisco;Los Ángeles;Sacramento;San José
Medio;Entretenimiento: Música;¿De qué ciudad procedía el productor estadounidense de rap DJ Khaled?;Miami;Nueva York;Detroit;Atlanta
Medio;Geografía;Todos los siguientes países tienen reclamaciones oficiales sobre territorio en la Antártida EXCEPTO:;Estados Unidos;Australia;Chile;Noruega
Medio;Entretenimiento: Música;¿Cuál de estas NO es una canción del álbum homónimo de The Beatles de 1968, también conocido como el álbum White?;¡Siendo para el beneficio del señor Kite!;¿Por qué no lo hacemos en la carretera?;Todos tenemos algo que ocultar menos yo y mi mono;La historia continua de Bungalow Bill
Medio;Entretenimiento: Música;¿Cuál es el verdadero nombre del productor canadiense de música electrónica deadmau5?;Joel Zimmerman;Sonny Moore;Adam Richard Wiles;Thomas Wesley Pentz
Medio;Historia;¿En qué fecha se convirtió el Cuerpo Aéreo del Ejército de los Estados Unidos?;17428;14 de diciembre;1946;27 de octubre
Medio;Entretenimiento: Musicales y teatros;"¿En qué obra de Shakespeare dice el personaje Marcelo: ""Algo está podrido en el estado de Dinamarca""?";Hamlet;Macbeth;Rey Lear;Noche de Reyes
Medio;Entretenimiento: Videojuegos;¿Cuál de estas NO es una facción terrorista en Counter-Strike (2000)?;Milicia del Medio Oeste;Conexión Phoenix;Tripulación de Élite;Guerra de guerrillas
Medio;Historia;¿Dónde y cuándo se fabricó la primera caja de cartón para uso industrial?;Inglaterra, 1817;Estados Unidos;1817;Inglaterra
Medio;Entretenimiento: Música;¿Cuál es la última canción del primer Panic? ¿En el álbum At the Disco?;Construye a Dios, luego hablaremos;Clavos para desayunar;Clavillos para tentempiés;Escribo pecados, no tragedias
Medio;Entretenimiento: Libros;Según el libro La guía del autoestopista galáctico, la respuesta a la vida, el universo y todo lo demás es...;42;Amando a todos los que te rodean;Chocolate;Fallecimiento
Medio;Entretenimiento: Videojuegos;En Fallout: New Vegas, al iniciar cada uno de los cuatro DLC de la campaña, ¿cuál de ellos no tiene pantalla de advertencia o nivel recomendado?;Corazones Honestos;Blues del Viejo Mundo;Camino Solitario;Dinero muerto
Medio;Entretenimiento: Música;¿Cuál es el nombre real del destacado músico electrónico Aphex Twin?;Richard D. James;Richard M. Hall;Richard W. Wright;Richard H. Blackmore
Medio;Política;¿Qué país registró un récord mundial de 315 millones de votantes en las elecciones el 20 de mayo de 1991?;India;Estados Unidos de América;Unión Soviética;Polonia
Medio;Entretenimiento: Televisión;"En ""The Big Bang Theory"", ¿cuál es el apodo de Howard Wolowitz en World of Warcraft?";Wolowizard;Sheldor;Rajesh;Priya
Medio;Geografía;"En Washington, D.C., ¿qué significa la ""C""?";Columbia;Caledonia;Corintia;Ciudad
Medio;Celebridades;¿Qué llevó a Jake Lloyd, que interpretó a Anakin Skywalker en La amenaza fantasma, a dejar la actuación?;Acoso escolar;Antecedentes penales;Nominación a Peor Actor;Racismo
Medio;Entretenimiento: Cine;¿En qué año se estrenó la primera película de Transformers?;1986;2007;1984;2009
Medio;Entretenimiento: Videojuegos;"¿En qué expansión de Half-Life puedes encontrar la foto de Gordon en un marco de ""Empleado del Mes""?";Half-Life: Fuerza Opuesta;Half-Life: Blue Shift;Vida Media: Decadencia;Tienen hambre
Medio;Historia;"¿Durante qué guerra ocurrió la ""Crisis de los Misiles de Cuba""?";Guerra Fría;Primera Guerra Mundial;Segunda Guerra Mundial;Guerra de Independencia
Medio;Entretenimiento: Videojuegos;¿Cuánto cuesta el 'AWP' en Counter-Strike: Global Offensive?;4750;4500 $;4650 $;5000 dólares
Medio;Ciencia: Informática;¿Qué significa el término MIME en relación con la informática?;Extensiones multipropósito de correo de Internet;Intercambio de correo por Internet;Intercambio de Correo Interleave Multipropósito;Intercambio de métodos de intercalado de correo
Medio;Entretenimiento: Videojuegos;¿Cuál es el único Pokémon de la Generación III cuyo nombre comienza con la letra I?;Illumise;Infernape;Ivysaur;Igglybuff
Medio;Entretenimiento: Videojuegos;"¿Qué arma que se eliminó del juego ""Half Life 2"" iba a sustituir a la palanca?";Piolet;Hacha de Fuego;Llave inglesa;Cuchillo de caza
Medio;Entretenimiento: Libros;En la novela del Mundodisco de Terry Pratchett 'Wyrd Sisters', ¿cuáles de estas no son una de las tres brujas principales?;Winny Hathersham;Abuela Weatherwax;Nanny Ogg;Ajo Magrat
Medio;Entretenimiento: Libros;"En ""El Señor de los Anillos"", ¿quién es el dueño de Asfaloth, el caballo que lleva a Frodo a Rivendel?";Glorfindel;Arwen;Aragorn;Haldir
Medio;Animales;¿Aproximadamente cuánto de su peso corporal en comida consumen las nutrias marinas cada día?;0,25;10%;80%;45%
Medio;Entretenimiento: Televisión;¿Qué personalidad del boxeo fue una de las presentadoras en la reposición de 1999 de It's a Knockout?;Frank Bruno;Henry Cooper;Muhammad Ali;Joe Fraiser
Medio;Entretenimiento: Videojuegos;Uno de los canales de voz de Nintendo Entertainment System permite reproducir muestras de sonido. ¿Cuál?;DMC;Ruido;Triángulo;Plaza
Medio;Entretenimiento: Videojuegos;¿Cuántos finales normales hay en el modo campaña de Cry Of Fear?;4;5;3;6
Medio;Entretenimiento: Cine;"¿Qué actor interpretó al personaje principal en la película de 1990 ""Edward Tijeras""?";Johnny Depp;Clint Eastwood;Leonardo DiCaprio;Ben Stiller
Medio;Historia;En 1845, ¿comenzó una serie de guerras que dieron nombre a los pueblos indígenas en Nueva Zelanda?;MÄori;Papúes;Aborígenes;Polinesios
Medio;Entretenimiento: Anime y Manga japonés;¿Qué estudio animó Fullmetal Alchemist?;Bones;Disparador;Pierrot;xebec
Medio;Geografía;¿Cómo se llama la región que une Pakistán, India y China con un liderazgo desconocido?;Cachemira;Andorra;Gibraltar;Quin
Medio;Ciencia: Matemáticas;¿Qué matemático rechazó la Medalla Fields?;Grigori Perelman;Andrew Wiles;Terence Tao;Edward Witten
Medio;Deportes;¿Qué luchador profesional cayó de las vigas y murió durante un evento de pago por visión en directo en 1999?;Owen Hart;Chris Benoit;Lex Luger;Al Snow
Medio;Entretenimiento: Videojuegos;¿Quién es el principal antagonista de Silent Hill 4?;Walter Sullivan;Alessa Gillespie;Cabeza de Pirámide;Claudia Wolf
Medio;Geografía;¿Cuál es el país más pequeño de Sudamérica en cuanto a superficie?;Surinam;Brasil;Uruguay;Chile
Medio;Geografía;¿Cuál de los siguientes países es una isla?;Chipre;Azerbaiyán;El Salvador;Yibuti
Medio;Entretenimiento: Videojuegos;¿Cuál de estas NO es una facción incluida en el juego Counter-Strike: Global Offensive?;BOPE;GSG-9;Tripulación de Élite;Phoenix Connexion
Medio;Entretenimiento: Videojuegos;"¿En qué orden necesitas golpear a algunos Deku Scrubs para abrir la puerta del primer jefe en ""Ocarina of Time""?";2, 3, 1;1;2;3
Medio;Deportes;¿Qué país acogió la Copa Mundial de la FIFA en 2006?;Alemania;Reino Unido;Brasil;Sudáfrica
Medio;Entretenimiento: Videojuegos;"En ""Kingdom Hearts"", ¿quién secuestra a Jasmine en la Cámara de la Lámpara?";Riku;Réplica de Riku;Xaldin;Capitán Garfio
Medio;Ciencia y Naturaleza;¿En qué se mide la radiación?;Gray;Watt;Decibelios;Kelvin
Medio;Entretenimiento: Videojuegos;"¿En qué año se lanzó el juego móvil ""Jetpack Joyride""?";2011;2012;2009;2014
Medio;Entretenimiento: Música;¿Cuál fue el álbum debut de Bon Iver lanzado en 2007?;Por Emma, hace siempre;Bon Iver;Bon Iver;22
Medio;Vehículos;¿Cuáles de estos modelos de coche son producidos por Lamborghini?;Aventador;Huayra;918;Quirón
Medio;Entretenimiento: Cine;¿Velma Kelly y Roxie Hart son las protagonistas de qué película ganadora del Oscar?;Chicago;Dreamgirls;Cabaret;Todo ese jazz
Medio;Conocimientos generales;¿Cuántos años después celebrarías tu aniversario de cristal?;15;20;10;25
Medio;Entretenimiento: Dibujos animados y animaciones;Antes de convertirse en líder Autobot, ¿qué nombre usaba Optimus Prime en Cybertron?;Orion Pax;Largo recorrido;P-138;Teletran-1
Medio;Entretenimiento: Dibujos animados y animaciones;¿Adam West era el alcalde de qué ciudad de dibujos animados?;Quahog;Springfield;South Park;Cataratas Langley
Medio;Conocimientos generales;¿Qué prohibió la comunidad autónoma española de Cataluña en 2010, que entró en vigor en 2012?;Toromaquias;Fiestas;Flamenco;Mariachi
Medio;Entretenimiento: Videojuegos;"¿Cuál de estas canciones NO suena durante los segmentos de Ruinas del juego ""Undertale"" de 2015?";Otro Medio;Expectación;Tensión innecesaria;Ruinas
Medio;Geografía;¿En qué país se encuentra el municipio de Arteijo?;España;Marruecos;Francia;Bélgica
Medio;Celebridades;¿En qué año empezó el icono de la radio Howard Stern a trabajar en la emisora WNBC?;1982;1985;1984;1995
Medio;Entretenimiento: Videojuegos;¿Cuál fue el PRIMER juego de Valve en tener VR?;El Laboratorio;Dota 2;Destinos;Half-Life 2
Medio;Entretenimiento: Televisión;Pat Cashman, el locutor de Super Smash Brothers: Brawl, también tuvo un papel destacado en ¿qué famoso programa de televisión?;Bill Nye, el científico;El Show de los Teleñecos;Scooby-Doo;Seinfeld
Medio;Entretenimiento: Libros;¿Por qué nombre era más conocido el autor Eric Blair?;George Orwell;Aldous Huxley;Ernest Hemingway;Ray Bradbury
Medio;Historia;¿Con qué nombre Rodrigo Borgia fue nombrado Papa?;Alejandro VI;Rodrigo I;Juan Pablo II;Pío VII
Medio;Entretenimiento: Videojuegos;¿Cuál de los siguientes objetos de Mario Kart 8 Deluxe NO te hará invencible?;Seta Dorada;Star;Proyecto de Ley Bala;¡Buu
Medio;Entretenimiento: Anime y Manga japonés;"¿En qué se diferencia el personaje Dragowizard, el de Qinus Axia del anime ""Buddyfight"", entre los doblajes japonés e inglés?";Género diferente;Diferentes proporciones corporales;Historia de fondo diferente;Apariencia diferente
Medio;Entretenimiento: Música;"¿La canción ""Twin Size Relief"" fue escrita por qué banda?";Las Partes Inferiores Frontales;Veintiún pilotos;Los años maravillosos;La Banda de Smith Street
Medio;Entretenimiento: Videojuegos;¿Cuáles de los siguientes personajes fueron considerados para su inclusión en Super Smash Bros. Melee?;Lucas;Mega Man;Meta Knight;Diddy Kong
Medio;Entretenimiento: Juegos de mesa;¿Cuál de los siguientes personajes no aparece en el juego de mesa Clue?;Señor Índigo;Coronel Mostaza;Reverendo Green;Señorita Escarlata
Medio;Entretenimiento: Videojuegos;¿Cuál de estos personajes fue presentado por primera vez en Sonic Boom: Rise of Lyric?;Sticks el tejón;El poderoso el Armadillo;Espio el Camaleón;Rouge el Murciélago
Medio;Entretenimiento: Videojuegos;¿Cuál de estos NO es un juego de la serie Worms?;Fallo grave;Golf loco;Guerras de clanes;Caos absoluto
Medio;Geografía;¿Dónde se encuentran las Líneas de Nazca?;Perú;Brasil;Colombia;Ecuador
Medio;Entretenimiento: Cine;"¿Quién dirigió la película de 1973 ""American Graffiti""?";George Lucas;Ron Howard;Francis Ford Coppola;Steven Spielberg
Medio;Entretenimiento: Música;¿Quién tuvo un éxito en 1973 con la canción 'Hocus Pocus'?;Enfoque;Piloto;Rush;AC/DC
Medio;Ciencia y Naturaleza;¿Cuál de las siguientes naves espaciales nunca tocó la luna?;Mariner 4;Apollo 11;Luna 2;SMART-1
Medio;Ciencia y Naturaleza;"¿De dónde proviene la raza canina ""Chihuahua""?";México;Francia;España;Rusia
Medio;Entretenimiento: Videojuegos;¿Quién es el principal villano de la serie Crash Bandicoot?;Dr. Neo Cortex;Dr. Evo-Cortex;Dr. Cortox;Sir Cartex
Medio;Entretenimiento: Música;¿Cuál de estos raperos NO es miembro del grupo de rap Wu-Tang Clan?;Dr.Dre;Viejo bastardo sucio;GZA;Method Man
Medio;Conocimientos generales;¿Hacia qué dirección mira la Estatua de la Libertad?;Sureste;Suroeste;Noroeste;Noreste
Medio;Entretenimiento: Anime y Manga japonés;"En ""One Piece"", ¿cuál de las siguientes NO es un arma antigua?";Júpiter;Urano;Poseidón;Plutón
Medio;Conocimientos generales;¿De quién es la cara en escala de grises en el emoticón kappa en Twitch?;Josh DeSeno;Justin DeSeno;John DeSeno;Jimmy DeSeno
Medio;Entretenimiento: Videojuegos;En la serie Halo, ¿de qué flota era Thel 'Vadam comandante supremo antes de ser marcado como Árbitro?;Flota de Justicia Particular;Flota de la Sagrada Consagración;Flota de la Redención Furiosa;Flota de Vigilancia Justa
Medio;Entretenimiento: Videojuegos;"¿Qué empresa desarrolló el videojuego ""Borderlands""?";Software de la caja de cambios;2K Games;Activision;Rockstar Games
Medio;Entretenimiento: Anime y Manga japonés;"¿En qué año empezó a emitirse la segunda temporada de ""Attack on Titan""?";2017;2018;2019;2020
Medio;Entretenimiento: Videojuegos;¿Cuáles de estos juegos de Mario Kart fueron hechos para la Gameboy Advance?;Mario Kart: Super Circuito;Mario Kart: Doble Carrera;Mario Kart 64;Super Mario Kart
Medio;Geografía;En un mapa del Metro de Londres, ¿de qué color es la Línea Circular?;Amarillo;Rojo;Azul;Verde
Medio;Entretenimiento: Televisión;En el programa de NBC Community, ¿cuál era el verdadero nombre de Star Burns?;Alex;Todd;Neal;Grimus
Medio;Entretenimiento: Libros;"Quién es el protagonista del libro: ""El guardián entre el centeno"" de J.D. Salinger";Holden Caulfield;Holden David;Jerome Caulfield;Jerome David
Medio;Entretenimiento: Videojuegos;¿Quién es el creador del juego de ritmo gratuito y de código abierto 'osu!'?;Decano 'Peppy' Herbert;Daisuke 'Pixel' Amaya;Eric 'Simio Preocupado' Barone;Toby 'FwugRadiation' Fox
Medio;Historia;¿En qué año tuvo lugar la batalla de Azincourt?;1415;1463;1401;1422
Medio;Historia;¿Qué motor tenía el Spitfire L.F. Mk IX?;Merlín 66;Griffon 65;Merlin 50;Merlin X
Medio;Geografía;¿Cuántos países hay dentro del Reino Unido?;Cuatro;Dos;Tres;Uno
Medio;Entretenimiento: Videojuegos;¿Cuál es el objeto necesario para invocar al jefe Duque Fishron en el juego Terraria?;Gusano de la trufa;Peces de aspecto sospechoso;El Saltamontes Rey;Babosa
Medio;Entretenimiento: Cómics;"¿Quién escribió la serie de cómics de Batman ""The Killing Joke""?";Alan Moore;Bill Finger;Frank Miller;Jerry Siegel
Medio;Entretenimiento: Cine;¿Cuál de estos clásicos de Disney se estrenó en 1970?;Los Aristógatos;Ciento un dálmatas;El zorro y el sabueso;La Sirenita
Medio;Ciencia: Informática;¿Cuál de los siguientes es un ordenador personal fabricado por la empresa japonesa Fujitsu?;FM-7;PC-9801;Xmilenium;MSX
Medio;Ciencia: Informática;¿Qué lenguaje de programación fue desarrollado por Sun Microsystems en 1995?;Java;Python;Solaris OS;C++
Medio;Ciencia: Informática;¿Cuál es el término correcto para el objeto metálico que hay entre la CPU y el ventilador dentro de un sistema informático?;Disipador de calor;Ventilación de la CPU;Descifrador de temperatura;Ventilación de calor
Medio;Historia;¿Desde qué portaaviones despegó el Ataque Doolitte el 18 de abril de 1942 durante la Segunda Guerra Mundial?;USS Hornet;USS Enterprise;USS Lexington;USS Saratoga
Medio;Ciencia y Naturaleza;¿Cuántos corazones tiene un pulpo?;Tres;Uno;Dos;Cuatro
Medio;Entretenimiento: Música;"¿Qué fecha se menciona en la canción de 1971 ""September"" de Earth, Wind & Fire?";21 de septiembre;26 de septiembre;23 de septiembre;24 de septiembre
Medio;Entretenimiento: Videojuegos;¿Qué personaje de Touhou es un cuervo infernal?;Utsuho Reiuji;Flandre Scarlet;Marisa Kirisame;Aya Shameimaru
Medio;Entretenimiento: Videojuegos;¿Cuántos compañeros permanentes hay en la versión base de Fallout: New Vegas?;8;7;9;6
Medio;Celebridades;"¿Qué locutor de radio se autodenomina ""El Rey de Todos los Medios""?";Howard Stern;Rush Limbaugh;Pete Tong;Ryan Seacrest
Medio;Entretenimiento: Videojuegos;"¿Qué nombre tenía originalmente ""Mario"", de ""Super Mario Brothers""?";Ossan;Jumpman;Mr. Video;Mario
Medio;Historia;¿Cuándo declaró formalmente Estados Unidos la guerra a Japón, entrando en la Segunda Guerra Mundial?;15318;6 de junio;1944;22 de junio
Medio;Entretenimiento: Música;¿Por qué género de EDM es más conocido el DJ, músico y remixer holandés Armin van Buuren?;Trance;Casa;Batería y contrabajo;Dubstep
Medio;Geografía;¿Cuál es la capital del estado de Texas, Estados Unidos?;Austin;Dallas;Santa Fe;Houston
Medio;Entretenimiento: Videojuegos;El Planetside original se lanzó en Norteamérica en...;37761;17 de junio;2001;29 de septiembre
Medio;Ciencia: Informática;¿Qué significa AD en relación con los sistemas operativos Windows?;Directorio activo;Alternativa;Base de datos automatizada;Departamento Activo
Medio;Entretenimiento: Videojuegos;En el juego de estrategia mundial 'Sid Meier's Civilization', un error de programación hizo que la IA representando a Gandhi hiciera cuál de las siguientes cosas?;Volverse agresivos y lanzar ataques nucleares;Comienza a hablar en alemán;Hazte amigo y intercambia toda su riqueza;Lanzar ataques contra sus propias ciudades y activos
Medio;Entretenimiento: Cine;"¿Cuál era el nombre de pila del personaje de Marilyn Monroe en la película ""A algunos les gusta que caliente""?";Azúcar;Cariño;Caramelo;Candy
Medio;Deportes;¿Cuál es el equipo más antiguo de las Grandes Ligas de Béisbol?;Atlanta Braves;Chicago Cubs;Cincinnati Reds;St. Louis Cardinals
Medio;Entretenimiento: Música;¿Cuál es el verdadero nombre del rapero Drake?;Aubrey Graham;Shaun Carter;Dwayne Carter;Andre Young
Medio;Deportes;¿Qué jugador ha marcado más goles en la Premier League de Inglaterra (EPL)?;Alan Shearer;Wayne Rooney;Lionel Messi;Didier Drogba
Medio;Entretenimiento: Videojuegos;¿Cuál de estos personajes ganó la Lista de Luchadores de Super Smash Bros. en 2015?;Bayonetta;Cloud;Ryu;Megaman
Medio;Entretenimiento: Música;¿Qué banda de rock popular tiene un batería con un solo brazo?;Derrota a Leppard;Los Beatles;Lynyrd Skynyrd;Extranjero
Medio;Ciencia: Gadgets;¿El asistente de voz de Apple, Siri, debutó en qué iPhone?;iPhone 4S;iPhone 6S;iPhone 3GS;iPhone 5S
Medio;Entretenimiento: Televisión;Este compositor trabajó en la serie de televisión Battlestar Galatica de 2003.;Bear McCreary;Ramin Djawadi;Jeremy Soule;Harry Gregson-Williams
Medio;Deportes;¿Qué fabricante de coches ganó las 24 Horas de Le Mans de 2017?;Porsche;Toyota;Audi;Chevrolet
Medio;Entretenimiento: Música;¿Cuál es la primera canción de 808s & Heartbreak de Kanye West?;Di que lo harás;Bienvenidos a Heartbreak;Farola;Sin corazón
Medio;Entretenimiento: Videojuegos;"En ""La Ligazón de Isaac"", ¿cómo se llama el jefe final al que luchas en El Vacío?";Delirium;Mega Satanás;Silencio;El Cordero
Medio;Entretenimiento: Cine;"¿Qué actor estadounidense dirigió y coprotagonizó junto a Emily Blunt la película de terror ""A Quiet Place"" de 2018?";John Krasinski;Keanu Reeves;Willem Dafoe;Josh Brolin
Medio;Animales;¿Cuál es el sustantivo colectivo para ratas?;Travesuras;Manada;Carrera;Deriva
Medio;Conocimientos generales;Según los CDC de Estados Unidos, ¿uno de cada cuántos estadounidenses muere anualmente por fumar?;Cinco;Veinte;Diez;Cien
Medio;Geografía;¿El Principado de Sealand es una micronación no reconocida frente a la costa de qué país?;El Reino Unido;Japón;Austria;Argentina
Medio;Conocimientos generales;"¿Cuándo se lanzó la web ""Facebook""?";2004;2005;2003;2006
Medio;Ciencia: Matemáticas;En el sistema hexadecimal, ¿qué número viene después del 9?;La Letra A;10;El Número 0;16
Medio;Entretenimiento: Música;"¿Qué artista colaboró con el DJ estadounidense Dillon Francis para lanzar la canción ""Need You"" en 2016?";NGHTMRE;LOUDPVCK;KRNE;DVBBS
Medio;Entretenimiento: Videojuegos;"El psico-horror ""Eternal Darkness: Sanity's Requiem"", desarrollado por Silicon Knights en 2002, fue publicado por quién y en qué plataforma?";Nintendo® Co. Ltd. | GameCube™;Sony® Computer Entertainment™ Inc. | PlayStation® 2;Microsoft® Game Studios™ | Xbox™;Sega® Enterprises Co. Ltd. | Dreamcast™
Medio;Celebridades;El segundo nombre de Donald J. Trump es...;John;Jeff;Jerald;Jason
Medio;Entretenimiento: Videojuegos;"¿Cómo se llama el juego final de la serie ""Zero Escape""?";Dilema de Zero Escape Zero Time;Nueve Horas;Nueve personas;Nueve Puertas
Medio;Entretenimiento: Anime y Manga japonés;"En ""Highschool DxD"", ¿Koneko Toujou es de qué raza?";Nekomata;Kitsune;Humano;Kappa
Medio;Arte;¿Cuál de estas pinturas no es de Caspar David Friedrich?;El Mar Negro;El Mar de Hielo;Errante sobre el Mar de Niebla;El monje junto al mar
Medio;Entretenimiento: Anime y Manga japonés;"En el anime ""Mr. Osomatsu"", ¿cuántos hermanos tiene Osomatsu-san?";5;6;7;4
Medio;Geografía;¿Qué ciudad europea tiene la mayor cantidad de canales del mundo?;Birmingham;Venecia;Ámsterdam;Berlín
Medio;Entretenimiento: Videojuegos;"En ""Call of Duty: Zombies"", ¿para qué grupo trabaja el Doctor Maxis?";Grupo 935;Reanimación en grupo;Rehabilitación de grupos;División 9
Medio;Deportes;¿Qué equipo de fútbol ganó la Copa América Centenario 2016?;Chile;Argentina;Brasil;Colombia
Medio;Entretenimiento: Videojuegos;En Divinity: Original Sin 2, ¿quién es el compañero más antiguo que puedes conseguir?;El Príncipe Rojo;Fane;Sebille;Bestia
Medio;Entretenimiento: Videojuegos;"¿En qué año se estrenó ""Super Mario Sunshine""?";2002;2003;2000;2004
Medio;Entretenimiento: Cine;En la serie de Viernes 13, ¿cuál es el nombre de pila de la madre de Jason?;Pamela;Mary;Christine;Angeline
Medio;Conocimientos generales;¿Qué país tiene más cervecerías trapenses?;Bélgica;Países Bajos;Francia;EE. UU.
Medio;Entretenimiento: Música;"¿""Make You Feel My Love"" fue originalmente escrita e interpretada por qué cantautor?";Bob Dylan;Elvis;Adele;Billy Joel
Medio;Geografía;¿Cuál es la capital del estado estadounidense de Nevada?;Carson City;Las Vegas;Henderson;Reno
Medio;Ciencia: Informática;En programación, ¿cómo se llaman funciones con el mismo nombre pero implementaciones diferentes?;Sobrecarga;Anulación;Resumen;Herencia
Medio;Geografía;¿Qué islas de abajo han sido reclamadas tanto por Japón como por Rusia?;Islas Kuriles;Islas Paracel;Islas Chagos;Islas Spratly
Medio;Entretenimiento: Videojuegos;"En ""Fallout 4"", ¿cómo se llama el perro que encuentras en la estación de descanso de camiones de Red Rocket?";Dogmeat;Sparky;Quazar;¡Corta
Medio;Geografía;¿Cuál es la capital de Vietnam?;Hanói;Da Nang;Hai Phong;Ciudad Ho Chi Minh
Medio;Deportes;¿Qué jugador de la NBA ha jugado más partidos a lo largo de su carrera?;Parroquia de Robert;Kareem Abdul-Jabbar;Kevin Garnett;Kobe Bryant
Medio;Entretenimiento: Dibujos animados y animaciones;"En ""Los Simpson"", ¿dónde se conocieron Homero y Marge por primera vez?";En el campamento de verano;En el instituto;En la iglesia;En el 742 de Evergreen Terrace
Medio;Entretenimiento: Televisión;¿Cuál es el título del instrumental de The Allman Brothers Band usado como tema del programa de la BBC 'Top Gear'?;Jessica;Angela;Erica;Sandra
Medio;Entretenimiento: Videojuegos;Cuando se presentó Halo 3: ODST en 2008, tenía un título diferente. ¿Cómo se llamaba formalmente el juego?;Halo 3: Recon;Halo 3: Saltadores del Infierno;Halo 3: Fantasma;Halo 3: Guerrilla
Medio;Geografía;¿Cuál es la capital de Chipre?;Nicosia;Pafos;Limassol;Larnaca
Medio;Entretenimiento: Música;¿Quién es el cantante principal de Silverchair?;Daniel Johns;Ben Gillies;Chris Joannou;George Costanza
Medio;Entretenimiento: Videojuegos;En el juego Minecraft, ¿cuántos lingotes de hierro se necesitan para hacer un gólem de hierro?;36;40;32;46
Medio;Entretenimiento: Música;¿Cómo se llama el álbum debut de Fergie?;La Duquesa;Fergalicious;La dulce escapada;Loose
Medio;Historia;¿Cuál es el evento más sangriento en la historia de Estados Unidos, en términos de bajas?;Batalla de Antietam;Pearl Harbor;11 de septiembre;Día D
Medio;Entretenimiento: Videojuegos;¿Qué antiguo MOBA, creado por Waystone Games y publicado por EA, fue cerrado en 2014?;Dawngate;Conflicto;League of Legends;Héroes de Newerth
Medio;Deportes;¿Quién ha jugado más torneos en la selección nacional brasileña de fútbol?;Cafu;Ronaldo;Kaká;Roberto Carlos
Medio;Ciencia y Naturaleza;¿Qué elemento químico se conocía originalmente como Alabamina?;Astatine;Selenio;Antimonio;Molibdeno
Medio;Conocimientos generales;¿Cuál es el nombre real del meme viral de internet Grumpy Cat?;Salsa Tardar;Lil Bub;Maru;Coronel Miau
Medio;Entretenimiento: Música;¿Cuál era el verdadero apellido de David Bowie?;Jones;Johnson;Edwards;Carter
Medio;Entretenimiento: Anime y Manga japonés;En Dragon Ball Z, ¿quién fue el primer personaje en convertirse en Super Saiyan 2?;Gohan;Goku;Vegeta;Troncos
Medio;Vehículos;Completa la siguiente analogía: Audi es para Volkswagen lo que Infiniti es para ?;Nissan;Honda;Hyundai;Subaru
Medio;Entretenimiento: Cine;La famosa revelación de Darth Vader a Luke es icónica. Pero, ¿cuál de estos es el correcto?;"""No. Soy tu padre.""";"""Luke";"Soy tu padre.""";"""Estás equivocado. Soy tu padre."""
Medio;Conocimientos generales;"¿Qué tipo de cerveza es la cerveza mexicana ""Corona""?";Pale Lager;India Pale Ale;Pilfsner;Portero Báltico
Medio;Entretenimiento: Libros;En la serie de libros infantiles, ¿de dónde es originalmente Paddington Bear?;Perú;India;Islandia;Canadá
Medio;Historia;¿En qué años tuvo lugar la Batalla de Gallípoli?;1915 - 1916;1914 - 1918;1914 - 1915;1915 - 1918
Medio;Geografía;"¿Dónde se encuentra el ""Desierto de Sonora""?";Norteamérica;Sudamérica;Asia;África
Medio;Ciencia: Gadgets;De todos los transbordadores espaciales de la NASA, ¿cuáles 2 han sido destruidos en desastres?;Challenger y Columbia;Enterprise y Atlantis;Descubrimiento y esfuerzo;Ninguna de las anteriores
Medio;Conocimientos generales;¿En qué país se fundó la empresa de neumáticos Michelin en 1889?;Francia;Reino Unido;Italia;Alemania
Medio;Entretenimiento: Juegos de mesa;En ajedrez, ¿la Reina tiene el movimiento combinado de qué dos piezas?;Alfil y Torre;Torre y Rey;Caballero y obispo;Rey y Caballero
Medio;Entretenimiento: Videojuegos;"¿Quién es el personaje principal en el videojuego ""Just Cause 3""?";Rico Rodríguez;Tom Sheldon;Marcus Holloway;Mario Frigo
Medio;Entretenimiento: Televisión;"En el episodio de Bob Esponja, ""La supervivencia de los idiotas"", Bob Esponja llamó a Patricio, ¿qué apodo?";Pinhead;Estrella de mar;Larry;Dan el Sucio
Medio;Geografía;¿Cuántos países comparten frontera terrestre con Luxemburgo?;3;4;2;5
Medio;Entretenimiento: Videojuegos;"En la serie de videojuegos ""Disgaea"", ¿qué palabra debe incluir el personaje Prinny en todas las frases que pronuncia?";"""Dood""";"""Maestro""";"""Plip""";"""Boom"""
Medio;Conocimientos generales;"""Goma arábiga"" es una goma natural compuesta por la savia endurecida de qué especie de árbol?";Acacia;Palm;Ficus;Eucalipto
Medio;Entretenimiento: Videojuegos;En la historia de World of Warcraft, cuatro Dioses Antiguos crearon una criatura gigante y poderosa. ¿Cómo se llamaba?;El Antiguo;Anómalo;Devorador de Almas;El Rey Exánime
Medio;Geografía;¿Qué nación oceánica es conocida en maori como Aotearoa?;Nueva Zelanda;Australia;Islas Salomón;Nueva Caledonia
Medio;Entretenimiento: Cómics;¿Quién escribió Las aventuras de Tintín?;Hergé;E.P. Jacobs;Rin Tin Tin;Chic Young
Medio;Entretenimiento: Cine;¿Qué tipo de queso, querido por Wallace y Gromit, tuvo subido sus precios de venta tras sus exitosos cortometrajes?;Wensleydale;Cheddar;Queso de la Luna;Edam
Medio;Geografía;¿Cuál de estos países está más ALEJADO del Mar de China Meridional?;Bangladés;Malasia;Vietnam;Filipinas
Medio;Geografía;¿Gambia es una nación en qué continente?;África;Asia;Sudamérica;Europa
Medio;Geografía;¿Cuál de los siguientes países prohibió el uso de pruebas personales de ascendencia genética?;Alemania;Austria;Canadá;Suecia
Medio;Entretenimiento: Cine;¿Mark Wahlberg interpretó al personaje titular de qué adaptación de videojuego de 2008?;Max Payne;Alan Wake;Hitman;Dios de la Guerra
Medio;Deportes;¿Quién es el máximo goleador del Manchester United en la Premier League?;Wayne Rooney;Sir Bobby Charlton;Ryan Giggs;David Beckham
Medio;Entretenimiento: Música;"¿Qué banda de novedad fue más conocida por sus éxitos en las listas británicas ""Combine Harvester"" y ""I Am a Cider Drinker"" en 1976?";Los Wurzel;Cadena Goldie Lookin;Banda de Doo-Dah Bonzo Dog;La empresa
Medio;Entretenimiento: Videojuegos;¿En qué año se añadieron logros a Steam?;2007;2008;2009;2006
Medio;Conocimientos generales;¿Cuáles son los edificios gemelos más altos del mundo, con una altura de 1.483 pies (451,9 m)?;Torres Gemelas Petronas, Malasia;Emirates Towers;Emiratos Árabes Unidos;Torres Huaguoyuan
Medio;Ciencia y Naturaleza;¿En qué etapa de desarrollo permanecen la mayoría de las células eucariotas durante la mayor parte de su vida?;Interfase;Profase;Estasis;Telofase
Medio;Historia;¿Con qué tratado terminó la Guerra de los Treinta Años?;Paz de Westfalia;Tratado de Versalles;Tratado de París;Paz de Praga
Medio;Entretenimiento: Videojuegos;¿Cuál es el verdadero nombre de Solid Snake?;David;Serpiente Sólida;John;Huey
Medio;Entretenimiento: Música;Moby, un DJ, cantante y músico estadounidense, alcanzó el éxito mundial con el lanzamiento de 1999 de cuál de los siguientes álbumes?;Juego;Todo está mal;Moby;18
Medio;Entretenimiento: Dibujos animados y animaciones;¿Qué personaje animado de internet es conocido por responder correos electrónicos con sus guantes de boxeo?;Fuerte Malo;Fuerte tristeza;Fuerte Loco;Muy contento
Medio;Deportes;¿Qué de estos equipos nacionales se clasificó para la Copa Mundial de la FIFA 2018 en Rusia?;Túnez;Estados Unidos de América;Italia;Países Bajos
Medio;Historia;¿Cómo se llamaba la transferencia de enfermedades, cultivos y personas a través del Atlántico poco después del descubrimiento de América?;El Intercambio Colombino;Comercio triangular;Comercio transatlántico de esclavos;La Ruta de la Seda
Medio;Ciencia: Informática;Aunque Apple se formó en California, ¿en qué estado occidental se fundó Microsoft?;Nuevo México;Washington;Colorado;Arizona
Medio;Entretenimiento: Videojuegos;¿Cuál es el nombre del jefe final en Turok: Cazador de Dinosaurios?;El Activista;El Primagen;Olvido;Lord Tyrannus
Medio;Entretenimiento: Música;¿Qué dúo francés tuvo éxitos en Reino Unido en 1998 con las canciones 'Sexy Boy', 'Kelly Watch The Stars' y 'All I Need'?;Aire;Incendio;Tierra;Agua
Medio;Deportes;¿Quién fue el primer futbolista en marcar 200 goles en la Premier League inglesa?;Alan Shearer;Wayne Rooney;Robbie Fowler;Thierry Henry
Medio;Entretenimiento: Musicales y teatros;"¿Quién es el director musical del galardonado musical ""Hamilton""?";Alex Lacamoire;Lin-Manuel Miranda;Renee Elise-Goldberry;Leslie Odom Jr.
Medio;Deportes;"¿Cuál de estos equipos no forma parte de la era de los ""Seis Originales"" de la NHL?";Philadelphia Flyers;New York Rangers;Toronto Maple Leafs;Boston Bruins
Medio;Entretenimiento: Televisión;¿En qué año la compañía de televisión BBC lanzó oficialmente el canal BBC One?;1936;1948;1932;1955
Medio;Entretenimiento: Televisión;¿Cuál de estos programas de televisión hace que todos miren debajo de su silla?;Oprah;Jimmy Fallon;Saturday Night Live;Larry Rubert
Medio;Mitología;¿Quién es el hijo del dios Loki?;Fenrir;Odín;¡Hel;Sigyn
Medio;Entretenimiento: Videojuegos;¿Qué país aparece en Ace Combat 5: The Unsung War?;Osea;Aurelia;Australia;Japón
Medio;Entretenimiento: Videojuegos;"¿Cuál de los siguientes juegos de la serie Anno introdujo la mecánica de juego ""Eco Balance""?";Anno 2070;Anno 1404;Anno 2205;Anno 1701
Medio;Entretenimiento: Videojuegos;"En el juego ""Subnautica"", ¿qué función se eliminó por problemas de rendimiento en 2016?";Terraformación;Edificio;Fabricación;Multijugador
Medio;Entretenimiento: Videojuegos;¿Cuál de los siguientes personajes es un personaje del videojuego Destiny?;Cayde-6;Ostrava de Boletaria;Mardoqueo el Cazador;Leon S. Kennedy
Medio;Ciencia: Informática;¿Cuál de estos lenguajes de programación es un lenguaje de bajo nivel?;Asamblea;Python;C#;Pascal
Medio;Conocimientos generales;¿Qué idioma NO es indoeuropeo?;Húngaro;Ruso;Griego;Letón
Medio;Deportes;¿Qué selección nacional ganó la edición 2016 del Campeonato de Europa de la UEFA?;Portugal;Francia;Alemania;Inglaterra
Medio;Entretenimiento: Videojuegos;"En Monster Hunter Generations, ¿cuál de los siguientes monstruos forma parte de los ""Cuatro Destinados""?";Astalos;Gore Magala;Malfestio;Arzuros
Medio;Entretenimiento: Música;¿Cuál es la relación entre los miembros de la banda estadounidense King of Leon?;Hermanos y primos;Amigos de la infancia;Antiguos compañeros de clase;Miembros de la casa de fraternidad
Medio;Entretenimiento: Videojuegos;¿Cuál de estos juegos fue el shooter en primera persona más antiguo conocido con una fecha de publicación conocida?;Spasim;Doom;Wolfenstein;Terremoto
Medio;Ciencia: Informática;¿Cómo se llamaba la imagen que aparece como fondo de fondo predeterminado en Windows XP?;Felicidad;Azul;Desierto de la luna roja;Tulipanes
Medio;Ciencia y Naturaleza;¿Cuál es la fórmula matemática de la ley de Ohm?;V = I*R;I = V*R;R = V*I;V = I / R
Medio;Conocimientos generales;¿En qué año se acercó previamente el cometa de Halley, que no volverá a aparecer hasta el año 2061?;1986;2001;1942;1909
Medio;Entretenimiento: Videojuegos;¿Cuál de estos símbolos puede verse en la camiseta del personaje de videojuego de 1993, Bubsy T. Bobcat?;Un signo de exclamación;Un signo de interrogación;La letra B;Nada
Medio;Conocimientos generales;En el código Morse, ¿qué letra se indica con 3 puntos?;S;O;A;C
Medio;Entretenimiento: Videojuegos;"¿Quién pone voz a Max Payne en el juego de 2001 ""Max Payne""?";James McCaffrey;Lago Sam;Troy Baker;Hideo Kojima
Medio;Entretenimiento: Cine;¿De qué estaban hechos los Cerebros de Mono Frío durante Indiana Jones y el Templo de la Perdición?;Natillas y salsa de frambuesa;Helado de fresa;Yogur de Cereza;Sorbete de frambuesa
Medio;Entretenimiento: Cine;"En la película británica de 1979 ""Quadrophenia"", ¿cómo se llama la ciudad costera que visitan los moderadores?";Brighton;Eastbourne;Agujero de ratón;Bridlington
Medio;Ciencia y Naturaleza;¿Qué planeta del Sistema Solar está más cerca del Sol?;Mercurio;Tierra;Marte;Venus
Medio;Entretenimiento: Videojuegos;¿Cuál de estos juegos salió primero?;Terraria;Minecraft;Starbound;Factorio
Medio;Geografía;¿Cuál es la capital de Lituania?;Vilna;Tallin;Helsinki;Riga
Medio;Entretenimiento: Videojuegos;¿Cuál no es un personaje jugable en el videojuego Killer7 de 2005?;Frank Smith;Mask de Smith;Dan Smith;Coyote Smith
Medio;Entretenimiento: Música;"¿Qué álbum del rapero estadounidense Kanye West contenía canciones como ""Love Lockdown"", ""Paranoid"" y ""Heartless""?";808s y desamor;Registro tardío;La vida de Pablo;Graduación
Medio;Geografía;¿Cuál de las siguientes NO es una ciudad capital?;Sídney;El Cairo;Moscú;Pekín
Medio;Ciencia y Naturaleza;¿Cómo se llama el sesgo cognitivo en el que una persona con poca habilidad en una habilidad concreta se confunde a sí misma con superioridad?;Efecto Dunning-Kruger;Efecto Meyers-Briggs;Efecto Müller-Lyer;Efecto Freud-Hall
Medio;Entretenimiento: Videojuegos;"¿Cuál fue el primer mapa de ""Call Of Duty: Zombies"" en introducir el ""Wunderwaffe DG-2""?";Shi No Numa;Tranzit;Kino Der Toten;Der Riese
Medio;Entretenimiento: Cine;¿En qué país africano se ambientó principalmente la película de 2006 'Blood Diamond'?;Sierra Leona;Liberia;Burkina Faso;República Centroafricana
Medio;Entretenimiento: Videojuegos;¿Cuál de estos juegos tiene lugar en la ciudad irlandesa de Doolin, con la opción de jugar como uno de los personajes, Ellen y Keats?;Folclore;Sombra del Coloso;ICO;Más allá del Bien y el Mal
Medio;Política;¿Cuál de estos NO es uno de los hijos de Donald Trump?;Julius;Donald Jr.;Ivanka;Eric
Medio;Celebridades;"¿Cuál es el verdadero nombre de ""moot"", fundador del imageboard 4chan?";Christopher Poole;Mark Zuckerberg;Allison Harvard;Catie Wayne
Medio;Ciencia y Naturaleza;"¿De qué planeta envió la nave espacial ""Viking 1"" imágenes de superficie, a partir de 1976?";Marte;Saturno;Júpiter;Venus
Medio;Entretenimiento: Videojuegos;Uno de los primeros prototipos del mando de Sega Dreamcast se parecía a cuál de los siguientes?;Mando a distancia de televisión;Tableta;Secador de pelo;Teléfono de tapa
Medio;Entretenimiento: Libros;"J.K. Rowling completó ""Harry Potter y las reliquias de la muerte"" ¿en qué hotel en Edimburgo, Escocia?";El Balmoral;El Hotel Dunstane;Hotel Novotel;Sheraton Grand Hotel & Spa
Medio;Entretenimiento: Música;Según una canción de los Beatles, ¿quién guardó la cara en un tarro junto a la puerta?;Eleanor Rigby;Loretta Martin;Molly Jones;Lady Madonna
Medio;Historia;¿Cuándo obtuvo Jamaica su independencia de Inglaterra?;1962;1492;1963;1987
Medio;Historia;¿El catastrófico accidente nuclear que ocurrió en Ucrania en 1986 en qué central eléctrica ocurrió?;Chernóbil;Ignalina;Mayak;Kursk
Medio;Ciencia: Matemáticas;En una distribución normal, ¿el 95% de los datos se encuentra dentro de cuántas desviaciones estándar de la media?;2;1;3;4
Medio;Conocimientos generales;¿Qué río atraviesa la ciudad escocesa de Glasgow?;Clyde;Tay;Dee;Tweed
Medio;Entretenimiento: Videojuegos;¿Cuándo se lanzó Final Fantasy XV?;29 de noviembre de 2016;25 de octubre;2016;31 de diciembre
Medio;Historia;¿Cuándo terminó la Batalla de las Ardenas?;16462;6 de agosto;1945;7 de diciembre
Medio;Entretenimiento: Cine;"¿Qué actor interpreta al principal antagonista en la película de 2011 ""Tower Heist""?";Alan Alda;Eddie Murphy;Alec Baldwin;Kevin Nealon
Medio;Entretenimiento: Videojuegos;¿Cuál fue el primer videojuego producido por la empresa de desarrollo Rare?;Eslalon;R.C. Pro-Am;País de Donkey Kong;Sapos de batalla
Medio;Entretenimiento: Anime y Manga japonés;"En el anime ""Super Sonico"", ¿cuál es la comida favorita de Super Sonico?";Macroones;Helado;Pizza;Chips
Medio;Entretenimiento: Videojuegos;"En ""Overwatch"", ¿cuál es el nombre completo del héroe McCree?";Jesse McCree;"Jack ""McCree"" Morrison";Gabriel Reyes;"Jamison ""Deadeye"" Fawkes"
Medio;Celebridades;¿Qué celebridad estadounidense murió en 1977 jugando al golf en La Moraleja, Madrid?;Bing Crosby;Elvis Presley;Charlie Chaplin;Groucho Marx
Medio;Conocimientos generales;¿Qué arquitecto célebre, que falleció en 2019 a los 102 años, diseñó la pirámide de cristal del museo del Louvre en París?;I. M. Pei;Pascale Guédot;Frank Gehry;Wang Shu
Medio;Animales;¿De qué están hechos los cuernos de rinoceronte?;Queratina;Bone;Marfil;Piel
Medio;Deportes;¿Cuál de los siguientes jugadores marcó un hat-trick en su debut con el Manchester United?;Wayne Rooney;Cristiano Ronaldo;Robin Van Persie;David Beckham
Medio;Historia;¿Cuántas veces estuvo casado Albert Einstein en vida?;Dos veces;Cinco;Tres veces;Una vez
Medio;Entretenimiento: Cómics;¿Cómo se llamaba el primer Robin en los cómics de Batman?;Dick Grayson;Bruce Wayne;Jason Todd;Tim Drake
Medio;Entretenimiento: Videojuegos;¿Qué empresa de desarrollo de videojuegos hizo No Man's Sky?;Hola Juegos;Juegos de Cola de Milano;Válvula;Blizzard Entertainment
Medio;Historia;¿El Canal de Panamá se terminó bajo la administración de qué presidente de EE.UU.?;Woodrow Wilson;Franklin Delano Roosevelt;Herbert Hoover;Theodore Roosevelt
Medio;Arte;"¿Quién pintó el cuadro ""Nighthawks""?";Edward Hopper;Johannes Vermeer;Vincent van Gogh;Salvador Dalí
Medio;Historia;¿En qué año se documentó el último caso natural de viruela?;1977;1982;1980;1990
Medio;Entretenimiento: Videojuegos;¿Cuál de estas no es el nombre de una ciudad de la serie Grand Theft Auto?;San Andreas;San Fierro;Las Venturas;Ciudad de Vice
Medio;Vehículos;¿Cuál de los siguientes aviones de pasajeros es el más largo?;Boeing 747-8;Airbus A350-1000;Airbus A330-200;Boeing 787-10
Medio;Entretenimiento: Música;¿Cuál de estas canciones de Rammstein tiene dos videoclips oficiales?;Du Riechst So Gut;Du Hast;Benzin;Mein Teil
Medio;Mitología;¿Quién es el padre de Ícaro, que voló demasiado cerca del sol?;Dédalo;Minos;Perseo;Zeus
Medio;Entretenimiento: Videojuegos;"¿Cuál de estos es el único luchador del juego, ""Super Smash Bros. Melee"", capaz de hacer daño con su animación de provocación?";Luigi;Señor Juego y Vigilancia;Jigglypuff;Pichu
Medio;Entretenimiento: Cine;"En la película ""El gigante de hierro"", este personaje es el protagonista.";Hogarth Hughes;Kent Mansley;Decano McCoppin;Annie Hughes
Medio;Entretenimiento: Videojuegos;¿Qué cifras escribió Sayaka Maizono en Dangan Ronpa Trigger Happy Havoc?;11037;4;8;15
Medio;Entretenimiento: Videojuegos;En Minecraft, ¿cuántos objetos puede fundir un solo trozo de carbón cuando se usa en un horno?;8;12;10;6
Medio;Entretenimiento: Videojuegos;"En la historia de World of Warcraft, ¿quién fue el primero en tener el título de ""El Portador de Ceniza""?";Alexandros Mograine;Tirion Fordring;Arthas Menethil;Uther el Portador de la Luz
Medio;Conocimientos generales;"¿Qué significa la ""G"" en ""G-Man""?";Gobierno;Voy;Ghost;Geronimo
Medio;Historia;"¿Cuándo se probó ""El Gadget"", el primer artefacto nuclear en ser detonado?";16634;22 de junio;1945;6 de agosto
Medio;Entretenimiento: Musicales y teatros;¿Cuál de las siguientes no es una pieza del musical de los años 50 West Side Story?;El Callejón Trasero;María;Esta noche;Mambo
Medio;Entretenimiento: Cine;¿Cómo se llama la mascota de la reina en A Bug's Life?;Aphie;Flik;Hopper;Dot
Medio;Entretenimiento: Videojuegos;En Night in the Woods, ¿qué instrumento tocaba Casey?;Batería;Bajo;Piano;Saxofón
Medio;Entretenimiento: Videojuegos;El 6 de junio de 2006, ¿cómo se llamaba el infame fallo que ocurrió en el MMO RuneScape?;La masacre de Falador;Fallo de Noclip;Fallo de duplicación de sombreros de partido;Masacre de TzHaar
Medio;Mitología;¿Cuál de estos dioses romanos no tiene un equivalente en la mitología griega?;Janus;Vulcano;Juno;Marte
Medio;Ciencia y Naturaleza;"¿Qué orgánulo celular se conoce como ""la central de energía de la célula""?";Mitocondrias;Núcleo;Aparato de Golgi;Retículo endoplásmico
Medio;Política;¿Quién fue el único presidente que no estuvo en el cargo en Washington D.C.?;George Washington;Abraham Lincoln;Richard Nixon;Thomas Jefferson
Medio;Deportes;En 2016, ¿quién ganó el Campeonato Mundial de Constructores de Fórmula 1 por tercera vez consecutiva?;Mercedes-AMG Petronas;Scuderia Ferrari;McLaren Honda;Red Bull Racing Renault
Medio;Entretenimiento: Televisión;El Barón Silas Greenback es el archienemigo de qué héroe de dibujos animados?;Ratón Peligroso;Bananaman;SuperTed;Capitán Star
Medio;Entretenimiento: Dibujos animados y animaciones;¿Qué episodio de The Amazing World Of Gumball ganó el premio Children's Choice en los British Animation Awards de 2016?;La Concha;El Límite;Los niños;Las quejas
Medio;Entretenimiento: Música;¿Quién fue el miembro más joven de The Beatles?;George Harrison;Paul McCartney;John Lennon;Ringo Starr
Medio;Mitología;Según el mito egipcio de Osiris, ¿quién asesinó a Osiris?;Set;Horus;Ra;Anhur
Medio;Entretenimiento: Anime y Manga japonés;"En la serie manga ""Re:Zero"", ¿cuál de los siguientes Arzobispos del Pecado se come la existencia de Rem?";Ley Batenkaitos;Roy Alphard;Petelgeuse Romanee-Conti;Louis Arneb
Medio;Entretenimiento: Libros;"En ""Mujercitas"", ¿cuál de las hermanas March se casó con Laurie?";Amy;Beth;Jo;Meg
Medio;Geografía;¿Cuál de estos países NO está ubicado en África?;Surinam;Burkina Faso;Mozambique;Argelia
Medio;Entretenimiento: Videojuegos;"¿Cuál de los siguientes actores no puso voz a un personaje en ""Saints Row: The Third""?";Ron Jeremy;Sasha Grey;Burt Reynolds;Hulk Hogan
Medio;Ciencia: Matemáticas;¿Cuál de los siguientes dados no es un sólido platónico?;Dado de 10 caras;Dado de 12 caras;Dado de 20 caras;Dado de 8 caras
Medio;Entretenimiento: Videojuegos;¿De dónde saca su nombre el personaje de videojuegos de Nintendo, Mario?;El propietario de la sede estadounidense;Suegro de Shigeru Miyamoto;El fontanero de Satoru Iwata;La fecha (10 de marzo) en la que se estrenó Donkey Kong.
Medio;Entretenimiento: Cómics;En Calvin y Hobbes, ¿cómo se llama el director de la escuela de Calvin?;Señor Spittle;Señor Boreman;Señor Escupidor;Señor Moe
Medio;Entretenimiento: Música;"La canción de Madonna ""Hung Up"" incluye una pieza de qué canción popular de los 70?";¡Dámelo! ¡Dámelo! ¡Dame! (Un hombre después de medianoche);Sobreviviendo;Fiebre Nocturna;La cadena
Medio;Entretenimiento: Música;¿En qué país está su sede el sello discográfico EDM Monstercat?;Canadá;Estados Unidos;Australia;Reino Unido
Medio;Entretenimiento: Anime y Manga japonés;"¿Quién es el creador de la serie de manga ""One Piece""?";Eiichiro Oda;Yoshihiro Togashi;Hayao Miyazaki;Masashi Kishimoto
Medio;Entretenimiento: Videojuegos;¿Quién es el capitán del equipo S.T.A.R.S. Bravo en Resident Evil 1?;Enrico Marini;Albert Wesker;Richard Aiken;Rebecca Chambers
Medio;Ciencia: Gadgets;¿Cuándo se lanzó por primera vez el reproductor de discos compactos?;1982;1983;1981;1980
Medio;Celebridades;"¿Qué chef de televisión escribió una autobiografía titulada ""Humble Pie""?";Gordon Ramsay;Jamie Oliver;Ainsley Harriott;Antony Worrall Thompson
Medio;Entretenimiento: Televisión;"¿Cuál es el nombre completo de Meg en ""Family Guy""?";Megatron Griffin;A quién le importa Griffin;Neil Griffin;Megan Griffin
Medio;Entretenimiento: Juegos de mesa;¿Cuál de los siguientes no es un color de maná en Magic: The Gathering?;Amarillo;Blanco;Verde;Azul
Medio;Ciencia: Informática;¿Cuál es el número de teclas en un teclado estándar de Windows?;104;64;94;76
Medio;Entretenimiento: Videojuegos;¿Cuál de estos papeles en Town of Salem es mafioso?;Disfraz;Escolta;Vigilancia;Transportador
Medio;Política;¿En qué año ocurrió el escándalo Watergate?;1972;1973;1974;1971
Medio;Entretenimiento: Videojuegos;¿Cuál de estos NO fue un título de lanzamiento para Nintendo 64?;Mario Kart 64;Super Mario 64;Pilotwings 64;Saikyş Habu Shågi
Medio;Conocimientos generales;"¿Qué palabra inglesa significa ""pensar profundamente""?";Reflexiona;Confiscar;Estreñimiento;Condensado
Medio;Ciencia: Informática;"¿Qué se conoce como ""el cerebro"" del ordenador?";Unidad Central de Procesamiento;Placa base;Unidad de procesamiento gráfico;Teclado
Medio;Deportes;¿Qué ciudad representaban los Lakers antes de mudarse a Los Ángeles?;Minneapolis;Filadelfia;Chicago;San Francisco
Medio;Entretenimiento: Videojuegos;¿En qué año se celebró la primera competición de eSports?;1972;1989;1990;2000
Medio;Entretenimiento: Videojuegos;"¿En qué ciudad alemana tiene lugar el mapa ""Clubhouse"" en ""Tom Clancy's Rainbow Six Siege""?";Hannover;Berlín;Hamburgo;Múnich
Medio;Entretenimiento: Libros;"¿Quién escribió la serie de novelas de fantasía ""Canción de Hielo y Fuego""?";George R. R. Martin;George Lucas;George Orwell;George Eliot
Medio;Entretenimiento: Televisión;"En ""Bob Esponja"", ¿cuál es el nombre completo del señor Cangrejo?";Eugene H. Krabs;Eugene G. Cangrejo;Eugene J. Krabs;Eugene D. Cangrejo
Medio;Conocimientos generales;¿En qué año se fundó McDonald's?;1955;1964;1951;1947
Medio;Geografía;¿Cuál de estas islas del Mediterráneo está bajo el dominio soberano de Francia?;Córcega;Mallorca;Cerdeña;Malta
Medio;Entretenimiento: Videojuegos;¿Cuántas Esmeraldas del Caos se pueden recoger en el primer Sonic The Hedgehog?;Seis;Siete;Cinco;Ocho
Medio;Historia;¿Qué nacionalidad era el sultán Saladino?;Kurdo;Árabe;Egipcio;Siria
Medio;Entretenimiento: Televisión;"¿En qué año terminó la serie británica ""The Bill""?";2010;2001;2007;2012
Medio;Geografía;Gibraltar, situada justo al sur de la península ibérica, ¿es un territorio de qué país de Europa Occidental?;Reino Unido;España;Portugal;Francia
Medio;Geografía;¿Qué país tiene tres capitales?;Sudáfrica;Somalia;China;Reino Unido
Medio;Conocimientos generales;Según la BBPA, ¿cuál es el nombre de pub más común en el Reino Unido?;León Rojo;Roble Real;White Hart;Cabeza de Rey
Medio;Ciencia: Matemáticas;En el plano complejo, multiplicar una función dada por i la rota en sentido antihorario por cuántos grados.;90;180;270;0
Medio;Entretenimiento: Anime y Manga japonés;"¿El personaje Plum de ""No Game No Life"" es de qué raza?";Dhampir;Flügel;Imanidad;Seiren
Medio;Geografía;"¿Cuál de estos países está ""doblemente sin salida al mar"" (rodeado completamente por uno o más países sin salida al mar)?";Uzbekistán;Suiza;Bolivia;Etiopía
Medio;Política;¿Qué ciudad es la sede del gobierno de los Países Bajos?;La Haya;Ámsterdam;Utrecht;Róterdam
Medio;Geografía;¿Cuál es la capital de Groenlandia?;Nuuk;Sisimiut;Narsaq;Maniitsoq
Medio;Entretenimiento: Cine;Antes de conseguir la escopeta, ¿qué quería comprar el vagabundo titular en 'Hobo with a Shotgun'?;Un cortacésped;Un revólver;una guitarra;un traje
Medio;Historia;¿En qué año empezó la Guerra de Corea?;1950;1945;1960;1912
Medio;Entretenimiento: Libros;"En la novela ""El Señor de los Anillos"", ¿cuántos anillos de poder se otorgaron a la raza humana?";9;5;11;13
Medio;Conocimientos generales;¿Qué cadena de comida rápida tiene más locales a nivel mundial?;Metro;Starbucks;McDonalds;KFC
Medio;Historia;¿Cuál es el estado más antiguo de EE. UU.?;Delaware;Rhode Island;Maine;Virginia
Medio;Deportes;¿Cuántos trofeos de la Premier League ganó Sir Alex Ferguson durante su etapa en el Manchester United?;13;11;20;22
Medio;Entretenimiento: Música;¿Qué álbum publicó Gorillaz en 2017?;Humanz;Playa de plástico;La Caída;Días del Demonio
Medio;Entretenimiento: Música;"¿Qué estándar popular de jazz empieza con la frase ""Algún día, cuando esté terriblemente bajo""?";Tu aspecto esta noche;Hojas de otoño;Sueña un poco conmigo;Todas las cosas que eres
Medio;Entretenimiento: Videojuegos;¿En qué año se añadieron capturas de pantalla a Steam?;2011;2010;2008;2009
Medio;Entretenimiento: Cine;¿Cuál es el nombre de nacimiento de Michael Keaton?;Michael Douglas;Michael Fox;Michael Richards;Michael Kane
Medio;Entretenimiento: Cine;¿Qué secuela de película tuvo mejores resultados en taquilla en comparación con su película original?;Toy Story 2;Sin City: Una dama por la que matar;Velocidad 2: Control de crucero;Hijo de la Máscara
Medio;Deportes;¿En qué año ganó el Steaua Bucureè™la Copa de Europa, la verdadera UEFA Champions League, contra el FC Barcelona?;1986;1990;1982;1989
Medio;Entretenimiento: Videojuegos;En Grand Theft Auto: V, ¿qué nivel deseado recibe el jugador si entra en la Base Militar de Zancudo al norte de Los Santos?;4;3;5;1
Medio;Geografía;¿Cuál es la capital de Laos?;Vientián;Tarawa;Vaduz;Tegucigalpa
Medio;Entretenimiento: Música;"¿De qué álbum aparece la canción de Gorillaz, ""On Melancholy Hill""?";Playa de plástico;Días del Demonio;Humanz;La Caída
Medio;Política;Debido a la Resolución de Nagoya, China aceptó permitir que Taiwán compita por separado en eventos deportivos internacionales bajo qué nombre?;Taipéi Chino;Taiwán chino;República de Taiwán;República de Taipéi
Medio;Ciencia y Naturaleza;El Axioma de la Medicina Preventiva establece que las personas con ___ riesgo de enfermedad deben ser examinadas y debemos tratar ___ de esas personas.;Baja, todos;Grave;algunos;Alto
Medio;Entretenimiento: Libros;En Las mentiras de Locke Lamora, ¿por qué título se conoce Locke en el mundo criminal?;La Espina de Camorr;La rosa de las medullas;La Espina de Emberlain;La Espina de los Tuétones
Medio;Celebridades;¿Cuál es el nombre de Doug Walker en YouTube?;El Crítico de la Nostalgia;El friki enfadado de los videojuegos;AngryJoeShow;El snob del cine
Medio;Entretenimiento: Videojuegos;¿Qué no es un modo de juego predeterminado en Counter-Strike (2000)?;Carrera armamentística;Rescate de rehenes;Desactivación de bombas;Asesinato
Medio;Celebridades;¿Qué actriz tenía el verdadero nombre Frances Ethel Gumm?;Judy Garland;Doris Day;Julie Andrews;Marilyn Monroe
Medio;Entretenimiento: Videojuegos;"¿Quién es el protagonista del videojuego ""Dead Rising 2""?";Chuck Greene;Nick Ramos;Frank West;Katie Greene
Medio;Conocimientos generales;¿Qué montaña tiene el pico más alto de Norteamérica?;Denali, EE. UU.;Monte San Elías;Frontera entre EE. UU. y Canadá;Monte Logan
Medio;Entretenimiento: Videojuegos;¿Killing Floor empezó como un mod para qué juego de Unreal Engine 2?;Torneo Unreal 2004;Deus Ex: Guerra Invisible;Unreal Tournament 3;Correo
Medio;Historia;"¿Qué general nazi era conocido como el ""Zorro del Desierto""?";Erwin Rommel;Gerd von Rundstadt;Wilhelm Keitel;Heinz Guderian
Medio;Conocimientos generales;¿Un doctor con doctorado es doctor en qué?;Filosofía;Psicología;Frenología;Fisioterapia
Medio;Ciencia y Naturaleza;¿De qué color es la sangre no oxidada?;Rojo;Azul;Morado;Verde
Medio;Celebridades;"¿Cuánto peso perdió Chris Pratt por su papel como Star-Lord en ""Guardianes de la Galaxia""?";60 libras;30 libras;50 libras;70 libras
Medio;Entretenimiento: Música;¿Cuál es el nombre del segundo álbum de estudio lanzado por el rapero estadounidense Post Malone en 2018?;Beerbongs y Bentleys;Disparos;Rockstar;Mejor ahora
Medio;Entretenimiento: Videojuegos;"¿Cuál es el nombre del personaje principal en ""Braid""?";Tim;Boregard;James;Jackson
Medio;Política;¿Cuál era el apodo personal del 40º gobernador del estado de Luisiana de EE. Unidos, Huey Long?;El pez rey;El Campeón;El búho ulular;El Oráculo
Medio;Entretenimiento: Videojuegos;¿Qué actor puso voz al padre del personaje principal en Fallout 3?;Liam Neeson;Kiefer Sutherland;Brendan Gleeson;Robbie Coltrane
Medio;Entretenimiento: Videojuegos;"¿En qué juego dice un personaje: ""A veces, sueño con queso""?";Half Life 2;Team Fortress 2;Almas Oscuras;Sam serio: El segundo encuentro
Medio;Entretenimiento: Música;"¿De dónde surgió la boy band británica ""Bros""?";Camberley;Guildford;Aldershot;Disparo de bolsa
Medio;Geografía;¿Cuál es la ciudad más grande de Marruecos?;Casablanca;Rabat;Fes;Venta
Medio;Deportes;¿De qué país se originó el Kabaddi, un deporte de contacto que implica placajes?;India;Australia;Turquía;Camboya
Medio;Ciencia: Informática;La ley de Moore establecía originalmente que el número de transistores en un chip de microprocesador se duplicaría cada...;Año;Cuatro años;Dos años;Ocho años
Medio;Entretenimiento: Videojuegos;"¿De qué era el juego que ""Galaga"" fue una secuela?";Galaxian;Galactica;Invasores del espacio;Guerras Galácticas
Medio;Entretenimiento: Juegos de mesa;¿Cuántos Slinkys se vendieron aproximadamente en sus primeros 60 años (de 1945 a 2005)?;300 millones;100 millones;450 millones;1.000 millones
Medio;Entretenimiento: Videojuegos;¿Cuáles son los nombres de los Escaladores sobre Hielo en el videojuego Ice Climber?;Popo y Nana;Popo y Nina;Papi y Nana;Papi y Nina
Medio;Entretenimiento: Videojuegos;"En ""World of Warcraft"", ¿qué dragón aparece con la apariencia humana de Lord Victor Nefarius?";Nefariano;Nefarius;Neltharion;Nefaran
Medio;Historia;¿Contra qué país luchó la República Holandesa en la Guerra de los Ochenta Años?;España;Francia;Inglaterra;Portugal
Medio;Entretenimiento: Libros;¿Cuál de las siguientes no es una obra escrita por Fiódor Dostoievski?;Anna Karenina;Notas del Metro;Crimen y castigo;Los hermanos Karamazov
Medio;Geografía;¿Cuál de estos países no está escrito en su lengua materna?;Slovaško;Suomi;Schweiz;Elláda
Medio;Entretenimiento: Videojuegos;"¿Cuál de las siguientes habilidades de copia solo apareció en ""Kirby & The Amazing Mirror""?";Mini;Magia;Smash;Misil
Medio;Entretenimiento: Cine;"En ""El Hobbit"", ¿quién era el jefe del Consejo Blanco?";Saruman;Lady Galadriel;Gandalf;Elrond
Medio;Geografía;"¿Qué país tiene la abreviatura ""CH""?";Suiza;China;Canadá;Sin país
Medio;Entretenimiento: Cine;¿Cuál es el nombre del robot en la película clásica de ciencia ficción de 1951 'El día que la Tierra se detuvo'?;Gort;Robby;Coloso;Caja
Medio;Entretenimiento: Juegos de mesa;¿El juego de mesa Nightmare se lanzó en qué año?;1991;1992;1989;1995
Medio;Entretenimiento: Videojuegos;¿Quiénes son los dos protagonistas del juego Yakuza 0?;Kazuma Kiryu y Goro Majima;Shintaro Kazama y Kazuma Kiryu;Keiji Shibusawa y Daisaku Kuze;Akira Nishikiyama y Tetsu Tachibana
Medio;Deportes;¿El logo de qué marca alemana de ropa deportiva es el 'Formstripe'?;Puma;Nike;Adidas;Reebok
Medio;Ciencia: Gadgets;¿Cómo se llaman los rastreadores de estación base que se usan para el HTC Vive?;Faro;Movimiento;Constelación;Trackers
Medio;Historia;¿Cuál de los siguientes francotiradores tiene el mayor número de bajas confirmadas?;Simo Häyhä;Chris Kyle;Vasili Zaytsev;Craig Harrison
Medio;Entretenimiento: Videojuegos;En Left 4 Dead, ¿cómo se llama el Infectado Especial que es injugable en modo Versus?;La Bruja;El tanque;El Fumador;El Escupidor
Medio;Entretenimiento: Música;¿En qué banda británica tocó Keith Moon hasta su muerte en 1978?;The Who;Los Kinks;Los Yardbirds;Las caras pequeñas
Medio;Entretenimiento: Anime y Manga japonés;"En el anime, ""Alquimista de Acero"", ¿quién es conocido como el 'Alquimista de la Llama'?";Roy Mustang;Edward Elric;Maes Hughes;Lin Yao
Medio;Entretenimiento: Videojuegos;"En ""The Walking Dead: Temporada Uno"" de Telltale Games, ¿cuál es el nombre del padre de Clementine?";Ed;Charles;Lee;Walter
Medio;Historia;¿En qué prisión fue retenido Adolf Hitler en 1924?;Prisión de Landsberg;Prisión de Spandau;Abadía de Ebrach;Hohenasperg
Medio;Entretenimiento: Videojuegos;¿Cuántos conjuntos de equipo de brujo de gran maestro hay en el DLC Blood and Wine de The Witcher 3?;5;3;6;4
Medio;Entretenimiento: Libros;¿Cuál de estos libros NO fue escrito por el autor checo Karel Äœapek?;Viaje al Centro de la Tierra;La guerra con los Tritones;R.U.R. (Los robots universales de Rossum);Dashenka
Medio;Entretenimiento: Videojuegos;"En ""Warhammer: End Times - Vermintide"", ¿cómo se llama la facción de ratas a la que luchas en el juego?";Skaven;Hombres rata;La Horda;Caos
Medio;Historia;¿Qué ocurrió el 6 de junio de 1944?;Día D;Bombardeos atómicos de Hiroshima y Nagasaki;Ataque a Pearl Harbor;La liberación de París
Medio;Ciencia: Informática;¿Qué significa la 'S' en el algoritmo de cifrado RSA?;Shamir;Seguro;Schottky;Estable
Medio;Entretenimiento: Videojuegos;¿Cuál fue el primer juego de Call of Duty en incluir el modo de juego Zombies?;Call of Duty: El mundo en guerra;Call of Duty: Operaciones Encubiertas;Call of Duty: Modern Warfare 2;Call of Duty: Black Ops III
Medio;Deportes;¿Qué piloto de Fórmula 1 cambió de equipo a mitad de la temporada 2017?;Carlos Sainz Jr.;Daniil Kvyat;Jolyon Palmer;Río Haryanto
Medio;Deportes;¿El jugador de hockey Wayne Gretzky nació en qué provincia canadiense?;Ontario;Columbia Británica;Quebec;Alberta
Medio;Entretenimiento: Anime y Manga japonés;"En ""A Certain Magical Index"", ¿qué es capaz de controlar Accelerator?";Vectores;Velocidad;Cuánticos;Agujeros de gusano
Medio;Ciencia y Naturaleza;¿Qué elemento tiene el número atómico 7?;Nitrógeno;Oxígeno;Hidrógeno;Neón
Medio;Entretenimiento: Cine;¿Quién se revela como el villano al final de la primera película de acción real de Scooby Doo?;Scrappy Doo;El Viejo Mason;El equipo de noticias locales;Fred
Medio;Conocimientos generales;La Medalla Fields, uno de los premios más codiciados en matemáticas, se concede cada cuántos años.;4;3;5;6
Medio;Entretenimiento: Videojuegos;En el Minecraft original, puedes hacer armaduras con todo, PERO ¿cuál de las siguientes?;Esmeraldas;Diamantes;Hierro;Cuero
Medio;Ciencia y Naturaleza;¿Cómo se llama el agujero negro supermasivo en el centro de la Vía Láctea?;Sagitario A*;Messier 87;Alfa Centauri;#CONNECT!
Medio;Entretenimiento: Videojuegos;¿Cómo se llaman los Thwomps diminutos en Super Mario World?;Thwimps;Pequeño Thwomp;Mini Thwomp;Tims Pequeños
Medio;Entretenimiento: Videojuegos;"¿Qué personaje es de ""Splatoon""?";Marie;Cyrus;Palutena;Shulk
Medio;Entretenimiento: Videojuegos;¿El personaje Wario fue presentado por primera vez en qué juego de la franquicia de videojuegos Mario?;Super Mario Land 2: 6 Monedas de Oro (1992);Super Mario Bros. 3 (1988);Wario Land: Super Mario Land 3 (1994);Mario Party (1998)
Medio;Entretenimiento: Anime y Manga japonés;¿Qué personaje en Touhou es capaz de controlar muñecas?;Alice Margatroid;Marisa Kirisame;Pieza de payaso;Flandre Scarlet
Medio;Entretenimiento: Dibujos animados y animaciones;¿Nickelodeon pertenece a qué empresa matriz?;Viacom;CBS;FOX;ABC
Medio;Entretenimiento: Videojuegos;En Terraria, ¿qué no cae el Muro de Carne al ser derrotado?;Picksaw;Pwnhammer;Hoja de disyuntiva;Rifle láser
Medio;Conocimientos generales;¿Qué es un centro comercial muerto?;Un centro comercial con altas tasas de vacantes o bajo flujo de clientes;Un centro comercial sin tiendas;Un centro comercial que ha sido condenado;Un centro comercial fuera del horario laboral
Medio;Conocimientos generales;Linus Pauling, uno de los pocos ganadores de múltiples premios Nobel, obtuvo sus premios Nobel de Química y ¿qué?;Paz;Física;Economía;Fisiología/Medicina
Medio;Conocimientos generales;¿Cuál fue la altura de Kingda Ka, la montaña rusa más alta del mundo desde 2005 hasta 2024?;456 pies;500 pies;429 pies;396 pies
Medio;Entretenimiento: Televisión;"¿Cómo se llama el inspector en la serie ""En los autobuses""?";Blakey;Harper;Naily;Gally
Medio;Entretenimiento: Videojuegos;¿Cuál de los siguientes juegos no fue un título de lanzamiento para Nintendo Gamecube?;Super Mario Sunshine;La Mansión de Luigi;Star Wars Escuadrón Pícaro II;El Tarzán indómito de Disney
Medio;Entretenimiento: Videojuegos;¿Cuál de los siguientes no fue desarrollado por Bethesda?;Fallout: New Vegas;Fallout 3;The Elder Scrolls V: Skyrim;Fallout 4
Medio;Política;¿Cuál de los siguientes presidentes argentinos fue elegido en 2015?;Mauricio Macri;Cristina Fernandez de Kirchner;Néstor Kirchner;Juan Domingo Perón
Medio;Conocimientos generales;¿Qué montaña tiene la cima más alta de Australia?;Monte Kosciuszko, Nueva Gales del Sur;Monte Ossa;Tasmania;Monte Bartle Frere
Medio;Entretenimiento: Música;¿Cuál de estos álbumes es un álbum de Wu-Tang Clan?;Bandera de Hierro;Pelo perfecto;La teoría de los graves;Licencia en Ill
Medio;Historia;¿En qué diálogo se defendió Sócrates ante la corte de Atenas?;La Apología;El Eutifrón;Las leyes;La República
Medio;Historia;¿En qué año terminó la Primera Guerra Mundial?;1918;1914;1916;1912
Medio;Ciencia y Naturaleza;En Química, ¿cuántos isómeros tiene el Butanol (C4H9OH)?;4;3;5;6
Medio;Entretenimiento: Videojuegos;"En ""Overwatch"", ¿cómo se llama la ""habilidad definitiva"" de Mercy?";Valquiria;Earthshatter;Barrera de Cohetes;Núcleo fundido
Medio;Historia;Todos los siguientes son nombres de los Siete Estados Combatientes EXCEPTO:;Zhai (ç¿Ÿ);Zhao (è¶™);Qin (ç§¦);Qi (é1/2Š)
Medio;Entretenimiento: Anime y Manga japonés;"La heroína de ""La humanidad ha declinado"" es una mediadora entre los humanos y qué?";Hadas;Elfos;La Tierra;Animales
Medio;Mitología;En la mitología griega, ¿quién mató a Aquiles?;París;Héctor;Helen;Pericles
Medio;Deportes;¿En qué deporte compite Fanny Chmelar por Alemania?;Esquí;Natación;Salto de obstáculos;Gimnasia
Medio;Entretenimiento: Música;"En la canción ""El enfrentamiento definitivo del destino supremo"", ¿quién es el único que sobrevive a la batalla?";Señor Rogers;Batman;Chuck Norris;Godzilla
Medio;Entretenimiento: Cine;"¿Qué cantante famoso fue interpretado por el actor Kevin Spacey en la película biográfica de 2004 ""Beyond the Sea""?";Bobby Darin;Louis Armstrong;Frank Sinatra;Dean Martin
Medio;Entretenimiento: Cine;En el reinicio de Pesadilla en Elm Street de 2010, ¿quién interpretó a Freddy Kruger?;Jackie Earle Haley;Tyler Mane;Derek Mears;Gunnar Hansen
Medio;Historia;¿Qué edificio fue incendiado el 24 de agosto de 1812?;La Casa Blanca;Edificio del Parlamento;Gran Edificio de la Asamblea Nacional;Palacio de la Nación
Medio;Deportes;¿Qué deporte NO se practica tradicionalmente durante el festival de Naadam mongol?;Fútbol americano;Lucha libre;Tiro con arco;Carreras de caballos
Medio;Entretenimiento: Videojuegos;En PROTOTYPE 2, ¿cuál de las siguientes habilidades/armas NO se obtiene con un Evolucionado?;Tentáculos;Blade;Bio-Bomba;Líder de la Manada
Medio;Entretenimiento: Libros;¿Qué posición juega Harry Potter en el Quidditch?;Buscador;Golpeador;Cazador;Guardián
Medio;Entretenimiento: Videojuegos;¿Cuál es el nombre original de Final Fantasy XV?;Final Fantasy Versus XIII;Final Fantasy: Renacido;Final Fantasy XVI;Final Fantasy XIII-3
Medio;Entretenimiento: Anime y Manga japonés;"En la serie ""Sailor Moon"", ¿cuál es el nombre civil de Sailor Jupiter?";Makoto Kino;Minako Aino;Usagi Tsukino;Rei Hino
Medio;Entretenimiento: Musicales y teatros;"¿Cuándo se escribió la obra ""Macbeth""?";1606;1605;1723;1628
Medio;Entretenimiento: Videojuegos;¿Quién es el principal villano de Kirby's Return to Dreamland?;Magolor;Landia;Rey Dedede;Reina Sectonia
Medio;Entretenimiento: Videojuegos;¿Cuál de los siguientes no es un Pokémon real?;Luminid;Dragalge;Mandibuzz;Aracanido
Medio;Ciencia: Informática;¿En qué país tiene su sede el fabricante OEM de ordenadores Clevo, conocido por su línea de portátiles Sager?;Taiwán;Estados Unidos;Alemania;China (República Popular de)
Medio;Política;¿Quién sucedió a Joseph Stalin como Secretario General del Partido Comunista de la Unión Soviética?;Nikita Jruschov;Leonid Brezhnev;Mijaíl Gorbachov;Boris Yeltsin
Medio;Entretenimiento: Videojuegos;¿Cuál fue el nombre del primer MMORPG que popularizó el género?;Ultima Online;World of Warcraft;Meridiano 59;Guerras de Gremios
Medio;Entretenimiento: Cine;"¿En qué año se estrenó en cines la película de James Cameron ""Titanic""?";1997;1996;1998;1999
Medio;Vehículos;¿Qué representan los 4 anillos del logo de Audi?;Fabricantes de automóviles anteriormente independientes;Estados en los que Audi realiza más ventas;Principales ciudades vitales para Audi;Países en los que Audi realiza más ventas
Medio;Entretenimiento: Anime y Manga japonés;El personaje principal de My Hero Academia, Midoriya, se hace llamar ¿qué nombre de superhéroe?;Deku;All Might;Saitama;Kona
Medio;Entretenimiento: Videojuegos;¿Phil Fish fue el diseñador de qué juego?;Fez;Super Meat Boy;Hotline Miami;FTL
Medio;Entretenimiento: Música;El 16 de mayo de cada año se conoce como __________ Day, nombrado así por una banda punk destacada en los años 90.;Lagwagon;Goldfinger;Menos que Jake;Lit
Medio;Entretenimiento: Anime y Manga japonés;"En ""To Love-Ru"", ¿quién es el primero en enterarse del pasado de Yami por ella?";Rito;Mikan;Lala;Haruna
Medio;Ciencia y Naturaleza;¿El deuterio es un isótopo de qué elemento?;Hidrógeno;Nitrógeno;Helio;Neón
Medio;Animales;¿Qué animal formó parte de un experimento de domesticación ruso en 1959?;Foxes;Palomas;Bears;Caimanes
Medio;Entretenimiento: Música;"¿Quién tuvo éxitos en los 70 con las canciones ""Lonely Boy"" y ""Never Let Her Slip Away""?";Andrew Gold;Elton John;Leo Sayer;Barry White
Medio;Conocimientos generales;¿Cuál es la especia más cara del mundo por peso?;Saffron;Canela;Cardamomo;Vainilla
Medio;Entretenimiento: Anime y Manga japonés;¿Qué personaje de JoJo's Bizarre Adventure posee el Stand llamado Silver Chariot?;Jean Pierre Polnareff;Noriaki Kakyoin;Hol Horse;Hermes Costello
Medio;Entretenimiento: Videojuegos;"¿En qué sistema se lanzó ""Touhou: Altamente Responsivo a las Oraciones""?";PC-98;OSX 10.9.5;Windows ME;Windows 98
Medio;Geografía;¿En qué ciudad se encuentra el Ejército de Terracota?;Xi'an;Pekín;Shanghái;Hong Kong
Medio;Historia;¿Cuáles fueron los primeros estados que se separaron de Yugoslavia?;Eslovenia, Croacia;Macedonia;Montenegro;Eslovenia
Medio;Celebridades;Paul McCartney siempre ha usado su segundo nombre. ¿Cuál es su verdadero nombre de pila?;James;John;Jack;Justin
Medio;Entretenimiento: Videojuegos;"En ""Kingdom Hearts"", ¿cómo se llama el mundo natal de Sora?";Islas del Destino;Agrabah;Tierra de Partida;Disney Town
Medio;Entretenimiento: Televisión;¿Cuándo se emitió Bob Esponja por primera vez?;36281;20 de julio;2000;6 de febrero
Medio;Entretenimiento: Juegos de mesa;En Yu-Gi-Oh, ¿cómo realiza un jugador una invocación Xyz?;Superpon al menos 2 monstruos del mismo nivel;Activa un hechizo y envía monstruos al cementerio;Suma los niveles de los monstruos para que coincidan con el monstruo Xyz;Destierra a varios monstruos de tu mano y mazo
Medio;Entretenimiento: Videojuegos;¿Quién es el protagonista en Dead Rising 3?;Nick Ramos;Frank West;Chuck Greene;Isabela Keyes
Medio;Entretenimiento: Videojuegos;¿Cómo se llama la provincia que exploras en Runescape?;Gielinor;Mordor;Kopar;Ashendale
Medio;Entretenimiento: Cine;"¿La saga de películas de Peter Jackson ""El Señor de los Anillos"" se rodó íntegramente en qué país?";Nueva Zelanda;Escocia;Canadá;Islandia
Medio;Deportes;¿Cuál de los siguientes lanzadores fue nombrado Novato del Año de la Liga Nacional para la temporada 2013?;José Fernández;Jacob deGrom;Shelby Miller;Matt Harvey
Medio;Entretenimiento: Videojuegos;"¿Cuál de estos no es un personaje jugable en ""Enter The Gungeon""?";El Pesado;La bala;El robot;El Cultista
Medio;Animales;¿Cuál de las siguientes opciones es cierta cuando los caimanes se comportan territorialmente?;Gritan mostrando la cola y el cuello;Abren las mandíbulas mientras hacen un clic;Corren con toda su fuerza ante la amenaza;Golpear sus colas contra el suelo
Medio;Entretenimiento: Música;¿De qué país procedía Shirley Bassey?;Gales;América;Inglaterra;Canadá
Medio;Historia;¿Durante qué campaña de la Guerra Civil estadounidense las tropas de la Unión excavaron un túnel bajo las tropas confederadas para detonar explosivos debajo?;Sitio de Petersburgo;Sitio de Vicksburg;Campaña de Antietam;Campaña de Gettysburg
Medio;Historia;¿Cuál de los siguientes revolucionarios soviéticos fue exiliado de la URSS y asesinado posteriormente en 1940 por criticar el estalinismo?;León Trotski;Lev Kamenev;Mijaíl Kalinin;Vladimir Lenin
Medio;Entretenimiento: Anime y Manga japonés;"¿Cómo se llama el protagonista del anime de 2017 ""Land of the Lustrous""?";Fosfofilita;Sandía Turmalina;Cinabrio;Padparadscha
Medio;Entretenimiento: Cómics;"En el universo pre-Super Genesis del cómic ""Sonic the Hedgehog"", ¿cómo se llamaba el hermano de Sally Acorn?";Elias Acorn;Maximilian Acorn;Alexis Acorn;Frederick Acorn
Medio;Ciencia y Naturaleza;¿Cuál de estas opciones no es una de las fases de la mitosis?;Diplofase;Metafase;Anaphase;Telofase
Medio;Historia;"¿Qué número representa el número romano ""D""?";500;100;1000;50
Medio;Entretenimiento: Música;¿Cuál de las siguientes bandas musicales no es de Finlandia?;Sabaton;Apocalyptica;Waltari;Lordi
Medio;Entretenimiento: Música;¿Qué álbum de Coldplay ganó el Grammy al Mejor Álbum de Rock en los Grammy de 2009?;Viva La Vida o la Muerte y Todos sus Amigos;Una oleada de sangre a la cabeza;X&Y;Mylo Xyloto
Medio;Entretenimiento: Televisión;"En Naruto: Shippuden, ¿cuál de los siguientes elementos es un ""Kekkei TÅta""?";Estilo de partículas;Cualquier Doujutsu;Estilo Sombra;Estilo de hielo
Medio;Entretenimiento: Dibujos animados y animaciones;¿Cuántos episodios había en la quinta temporada de Samurai Jack?;10;12;11;13
Medio;Conocimientos generales;En una entrevista de CBS en 1994, Bill Gates, cofundador de Microsoft, realizó qué truco inusual en cámara?;Saltando sobre una silla de oficina;Saltando hacia atrás sobre un escritorio;De pie de cabeza;Tecleando en un teclado durante una parada de manos
Medio;Entretenimiento: Videojuegos;"En la franquicia Half-Life, ¿cuál es el verdadero nombre de la ""pistola de gravedad""?";Manipulador de Campo de Energía de Punto Cero;Dispositivo universal de manipulación de gravedad;El refutador de la teoría de Isaac Newton;Modificador cuántico de desplazamiento de energía
Medio;Entretenimiento: Televisión;"¿Cuántas temporadas duró la serie de televisión ""Donkey Kong Country""?";2;1;4;5
Medio;Conocimientos generales;¿Qué condimento esencial también se conoce como rábano picante japonés?;Wasabi;Mentsuyu;Karashi;Ponzu
Medio;Ciencia: Informática;¿Cuál fue la primera versión de Android específicamente optimizada para tabletas?;Panal;Éclair;Froyo;Nubes de azúcar
Medio;Entretenimiento: Música;"¿Qué banda tuvo éxitos en 1972 con las canciones ""Baby I'm A Want You"", ""Everything I Own"" y ""The Guitar Man""";Pan;América;Chicago;Smokie
Medio;Animales;¿Qué raza de perro recibe el nombre de una región de Croacia;Dálmata;Pekingés;Chihuahua;Pomerania
Medio;Conocimientos generales;¿Quién inventó el pastafarianismo?;Bobby Henderson;Eric Tignor;Bill Nye;Zach Soldi
Medio;Entretenimiento: Videojuegos;¿Cuál de estos NO es el nombre de un personaje jugable en Apex Legends?;Viper;Revenant;Cripto;Wattson
Medio;Entretenimiento: Anime y Manga japonés;En la serie JoJo's Bizarre Adventure, ¿qué personaje principal aparece más veces de forma recurrente?;Jotaro Kujo;Giorno Giovanna;Joseph Joestar;Josuke Higashikata
Medio;Entretenimiento: Televisión;"¿El Toyota Corolla ""AE86"" de 1985 fue el coche héroe de qué anime?";Inicial D;Wangan Medianoche;Ghost MF;Expiloto
Medio;Entretenimiento: Anime y Manga japonés;"¿Cuál de los stands de ""JoJo's Bizarre Adventure"" imita la imagen de un tomate?";Pearl Jam;Pimiento picante rojo;Starter de nata;Llamada del Rey Nuez
Medio;Historia;¿Cuál es el nombre del famoso líder apache que murió en 1909 a los 70 años?;Geronimo;Toro sentado;Nube Roja;Caballo loco
Medio;Entretenimiento: Videojuegos;¿De qué género de videojuegos eran los juegos originales de Warcraft?;RTS (Estrategia en Tiempo Real);RPG (Juego de rol);TBS (Estrategia por Turnos);MMO (Multijugador Masivo en Línea)
Medio;Geografía;¿Cuál es la capital de Brasil?;Brasilia;Río de Janeiro;São Paulo;Curitiba
Medio;Conocimientos generales;¿Cuándo se fundó Nintendo?;23 de septiembre de 1889;19 de octubre;1891;4 de marzo
Medio;Conocimientos generales;¿Quién es cofundador del servicio de streaming musical Spotify?;Daniel Ek;Sean Parker;Felix Miller;Michael Breidenbruecker
Medio;Entretenimiento: Videojuegos;"¿Cuál de estas características se añadió en el juego ""Heretic"" de 1994 que el ""DOOM"" original no pudo añadir debido a limitaciones?";Mirando arriba y abajo;Aumento del tamaño de las habitaciones;Armas ilimitadas;Texturas muy detalladas
Medio;Entretenimiento: Juegos de mesa;En el juego de mesa Colonos de Catan, ¿una tirada de dado de qué número hace que el ladrón ataque?;7;3;10;1
Medio;Entretenimiento: Cómics;¿Cuál es la designación que se le da al Universo Cinematográfico de Marvel?;Tierra-199999;Tierra-616;Tierra-10005;Tierra-2008
Medio;Entretenimiento: Música;¿Qué Beatle lideró el paso a través del paso de cebras en la portada del álbum Abbey Road?;John;Paul;George;Ringo
Medio;Entretenimiento: Cine;Según la historia de Star Wars, ¿cuál es el planeta natal de Han Solo?;Corellia;Tatooine;Naboo;Coruscant
Medio;Entretenimiento: Cine;¿Cuál es el apellido de Lilo de Lilo y Stitch?;Pelekai;AnoaÊ»i;Kealoha;KuÊ»ulei
Medio;Ciencia: Informática;¿Cuál fue el primer procesador informático disponible comercialmente?;Intel 4004;Intel 486SX;TMS 1000;AMD AM386
Medio;Conocimientos generales;¿De qué está hecho el haggis de verdad?;Corazón de oveja, hígado y pulmones;Corazón de oveja;Riñones y pulmones;Hígado de oveja
Medio;Entretenimiento: Cómics;¿Cuál es el apellido del personaje de Homestuck Gamzee?;Makara;Makera;Makare;Makrea
Medio;Conocimientos generales;¿Cómo llaman los holandeses a su idioma?;Países Bajos;Dansk;Deutsch;Hollander
Medio;Entretenimiento: Videojuegos;¿Cuál de los siguientes juegos de Call of Duty fue un título de lanzamiento para PS3?;Call of Duty 3;Call of Duty 4: Guerra Moderna;Call of Duty: El mundo en guerra;Call of Duty: Caminos hacia la victoria
Medio;Entretenimiento: Videojuegos;¿Qué juego de consola de Los Sims incluía a los Black Eyed Peas en el juego?;Los Urbz: Sims en la ciudad;Los Sims 2;Los Sims;Los Sims: Rompiendo
Medio;Entretenimiento: Anime y Manga japonés;"En la serie de anime para televisión de 2011, ""THE iDOLM@STER"", ¿cómo se llamaba el conejo de peluche de Iori?";Charles;Bubsy;Kero;Usagi
Medio;Geografía;¿En qué continente o continentes se encuentra específicamente todo el país de España teniendo en cuenta todo su territorio?;Europa y África;Europa;África y Asia;Europa
Medio;Historia;¿Quién fue el único presidente de Estados Unidos elegido cuatro veces?;Franklin Roosevelt;Theodore Roosevelt;George Washington;Abraham Lincoln
Medio;Entretenimiento: Cine;¿Qué tipo de ropa lleva el asesino en la película de 1981 'My Bloody Valentine'?;Equipo de minería;Disfraz de payaso;Traje de Papá Noel;Uniforme policial
Medio;Ciencia y Naturaleza;¿Cuál es la fórmula química del amoníaco?;NH3;CO2;NO3;Capítol 4
Medio;Ciencia: Informática;"En el lenguaje de programación ""Python"", ¿cuál de estas sentencias mostraría correctamente la cadena ""Hello World""?";"imprimir (""Hola Mundo"")";"console.log (""Hola Mundo"")";"eco ""Hola Mundo""";"printf (""Hola Mundo"")"
Medio;Historia;¿Con cuál de sus seis esposas estuvo casado Enrique VIII durante más tiempo?;Catalina de Aragón;Ana Bolena;Jane Seymour;Catherine Parr
Medio;Entretenimiento: Videojuegos;¿Qué episodio de la serie Phantasy Star Online es exclusivo de la Nintendo Gamecube?;Episodio III;Episodio I;Episodio II;Episodio IV
Medio;Ciencia y Naturaleza;El Sol está compuesto principalmente por ¿qué dos elementos?;Hidrógeno y helio;Hidrógeno y nitrógeno;Carbono y nitrógeno;Carbono y helio
Medio;Entretenimiento: Videojuegos;"¿Qué operación en ""Tom Clancy's Rainbow Six Siege"" introdujo el mapa ""Skyscraper""?";Cuervo Rojo;Concha de terciopelo;Lluvia de Calaveras;Línea de polvo
Medio;Geografía;¿Cuál es la única nación que limita tanto con Uruguay como con Venezuela?;Brasil;México;Chile;Panamá
Medio;Política;¿Quién fue el 40º presidente de Estados Unidos?;Ronald Reagan;Jimmy Carter;Bill Clinton;Richard Nixon
Medio;Entretenimiento: Videojuegos;"¿Cómo se llaman los enemigos comunes armados de la saga de videojuegos ""Oddworld""?";Sligs;Scrabs;Slogs;Glukkons
Medio;Entretenimiento: Videojuegos;¿Cuál de estas series de videojuegos NO ha tenido un objeto promocional en Team Fortress 2?;Half-Life;Terremoto;El Vínculo de Isaac;Fallout
Medio;Entretenimiento: Videojuegos;"¿Cuántos Mudokons se pueden rescatar en ""Oddworld: New 'N' Tasty""?";299;301;50;300
Medio;Geografía;¿Cuál es la capital de Eslovenia?;Liubliana;Maribor;Velenje;Trbovlje
Medio;Animales;¿De qué están hechas las escamas de todas las serpientes y la mayoría de los lagartos?;Queratina;Ecdysis;Epidermis;Anquiloglossia
Medio;Entretenimiento: Libros;En el año 1818, se le atribuye a la novelista Mary Shelly la escritura de una novela de ficción y la creación de este infame personaje.;El monstruo de Frankenstein;Drácula;La Cosa;El hombre invisible
Medio;Entretenimiento: Música;"¿Qué canción creada por MAN WITH A MISSION se usó como apertura para el anime ""Log Horizon""?";"""Base de datos""";"""Callejón sin salida en Tokio""";"""Iza tu bandera""";"""Fuera de control"""
Medio;Entretenimiento: Videojuegos;"En el juego ""Persona 4"", ¿cuál es el nombre canónico del protagonista?";Yu Narukami;Chino Mashido;Tunki Sunada;Masaki Narinaka
Medio;Historia;¿En qué fecha fue el primer vuelo del P-40 Warhawk?;14 de octubre de 1938;21 de agosto de 1939;12 de enero de 1940;1 de junio de 1939
Medio;Entretenimiento: Música;"¿En qué año se publicó el éxito ""Scatman's World""?";1995;1996;1994;1993
Medio;Entretenimiento: Videojuegos;"En ""Resident Evil 2"", ¿qué virus mutó William Birkin?";G-Virus;T-Virus;C-Virus;E-Virus
Medio;Entretenimiento: Videojuegos;"¿Cuántos Espíritus Estelares rescatas en el videojuego de Nintendo 64 ""Paper Mario""?";7;5;10;12
Medio;Entretenimiento: Dibujos animados y animaciones;"¿Quién creó ""RWBY""?";Monty Oum;Miles Luna;Kerry Shawcross;Shane Newville
Medio;Geografía;¿Cuántas provincias hay en los Países Bajos?;12;14;10;13
Medio;Entretenimiento: Videojuegos;¿Cuál de estos personajes NO es un jefe en Crash Bash?;Ripper Roo;Papu Papu;Hermanos Komodo;Óxido de nitros
Medio;Entretenimiento: Videojuegos;Ellen McLain, la voz de GLaDOS en la serie de juegos Portal, está casada con el actor de voz de qué personaje de Team Fortress 2?;Francotirador;Pesado;Soldado;Scout
Medio;Ciencia: Gadgets;¿En qué año se reveló la Grieta de Oculus al público a través de una campaña de Kickstarter?;2012;2010;2011;2013
Medio;Ciencia y Naturaleza;¿Las lunas, Miranda, Ariel, Umbriel, Titania y Oberon orbitan qué planeta?;Urano;Júpiter;Venus;Neptuno
Medio;Ciencia: Matemáticas;¿Cuántos radianes hay en un círculo entero al número entero más cercano?;6;3;4;5
Medio;Ciencia y Naturaleza;En biología humana, un ritmo circadio se refiere a un periodo de aproximadamente cuántas horas.;24;8;16;32
Medio;Entretenimiento: Musicales y teatros;"El musical de Andrew Lloyd Webber ""Cats"" está basado en un libro de poemas escrito por qué autor?";T.S. Elliot;Andrew Lloyd Webber;Emily Dickenson;Robert Frost
Medio;Arte;¿Cuál de estos colores no aparece en el Boogie-Woogie de Broadway de Mondrian?;Verde;Azul;Amarillo;Rojo
Medio;Entretenimiento: Libros;¿Cuál de los siguientes autores no nació en Inglaterra?;Arthur Conan Doyle;Graham Greene;Pozos H G;Arthur C Clarke
Medio;Ciencia: Informática;¿Qué velocidad tiene teóricamente USB 3.1 Gen 2?;10 Gb/s;5 Gb/s;8 Gb/s;1 Gb/s
Medio;Ciencia y Naturaleza;¿Cuál es el organismo vivo más grande conocido actualmente por el hombre?;Hongo de miel;Ballena azul;Árbol de secuoya;El Arrecife de Coral
Medio;Entretenimiento: Videojuegos;¿En qué planeta transcurre el juego Freedom Planet (2014)?;Avalice;Libertad;Galaxytrail;Shang Mu
Medio;Geografía;¿Cuántas zonas horarias tiene Rusia?;11;6;24;16
Medio;Geografía;¿Qué isla de las Islas Canarias fue escenario de uno de los peores desastres aéreos de la historia con la colisión de dos aviones jumbo?;Tenerife;Fuerteventura;Gran Canaria;Maui
Medio;Entretenimiento: Videojuegos;¿Qué pasó con Half-Life 2 antes de su lanzamiento, lo que llevó a que Valve empezara a desarrollar el juego?;El código fuente se filtró;No quedaron satisfechos con el resultado;La historia no era lo suficientemente buena;Demasiados bugs que no hay que arreglar
Medio;Geografía;¿Cuál de estas NO es una ciudad en Arabia Saudí?;Dubái;Riad;La Meca;Medina
Medio;Entretenimiento: Música;"¿Quién interpretó el solo de guitarra en el éxito de Michael Jackson ""Beat It""?";Eddie Van Halen;Steve Vai;Kirk Hammett;Zakk Wylde
Medio;Celebridades;¿Cuál de estas celebridades no era miembro de los Jackson 5?;Bo Jackson;Tito Jackson;Jermaine Jackson;Marlon Jackson
Medio;Conocimientos generales;¿Qué cóctel compone whisky escocés y Drambuie?;Clavo Oxidado;Destornillador;Sexo en la playa;Manhattan
Medio;Conocimientos generales;¿En qué año se fundó Apple Inc.?;1976;1978;1980;1974
Medio;Geografía;La antigua ciudad prusiana de Königsberg se conoce hoy como ¿qué ciudad rusa es hoy en día?;Kaliningrado;Kazán;Kursk;Krasnodar
Medio;Entretenimiento: Música;"En qué año salió el álbum de Megadeth ""Peace Sells... ¿pero Who's Buying?"" se publicó?";1986;1979;1987;1983
Medio;Entretenimiento: Dibujos animados y animaciones;"En la película animada de Dreamworks ""Madagascar"", ¿quién pone voz a Maurice el lémur?";Cedric el Animador;Jack Black;Sacha Barón Cohen;Chris Rock
Medio;Historia;¿Quién fue el primer explorador en navegar hacia Norteamérica?;Leif Erikson;Cristóbal Colón;Amerigo Vespucci;Fernando de Magallanes
Medio;Entretenimiento: Videojuegos;En el Modo Héroe de Splatoon 2, ¿de qué agente asume el jugador el papel?;Agente 4;Agente 1;Agente 2;Agente 3
Medio;Entretenimiento: Música;¿Qué grupo de música electrónica fundó Liam Howlett en 1990?;El Prodigio;Los Hermanos Químicos;El Método Cristal;Hongo infectado
Medio;Historia;¿Cuál Luis era conocido como 'El Rey Sol de Francia'?;Luis XIV;Luis XIII;Luis XV;Luis XVI
Medio;Entretenimiento: Videojuegos;"¿Dónde transcurre ""The Legend of Zelda: Majora's Mask""?";Termina;Hyrule;Gysahl;Besaid
Medio;Conocimientos generales;"¿Cuál es la palabra sueca para ""ventana""?";Fönster;Hål;Skärm;Ruta
Medio;Deportes;¿Quién era la luchadora profesional británica Shirley Crabtree, más conocida?;Big Daddy;Enormes pilas de heno;Kendo Nagasaki;Masámbula
;;;;;;
;;;;;;
;;;;;;
;;;;;;
;;;;;;
;;;;;;
;;;;;;
;;;;;;
;;;;;;
;;;;;;
;;;;;;
;;;;;;
;;;;;;
;;;;;;
;;;;;;
;;;;;;
;;;;;;
;;;;;;
;;;;;;
;;;;;;
;;;;;;
;;;;;;
;;;;;;
;;;;;;
;;;;;;
;;;;;;
;;;;;;
;;;;;;
;;;;;;
;;;;;;
;;;;;;
;;;;;;
;;;;;;
;;;;;;
;;;;;;
;;;;;;
;;;;;;
;;;;;;
;;;;;;
;;;;;;
;;;;;;
;;;;;;
;;;;;;
;;;;;;
;;;;;;
;;;;;;
;;;;;;
;;;;;;
;;;;;;
;;;;;;
;;;;;;
;;;;;;
;;;;;;
;;;;;;
;;;;;;
;;;;;;
;;;;;;
;;;;;;
;;;;;;
;;;;;;
;;;;;;
;;;;;;
;;;;;;
;;;;;;
;;;;;;
;;;;;;
;;;;;;
;;;;;;
;;;;;;
;;;;;;
;;;;;;
;;;;;;
;;;;;;
;;;;;;
;;;;;;
;;;;;;
;;;;;;
;;;;;;
;;;;;;
;;;;;;
;;;;;;
;;;;;;
;;;;;;
;;;;;;
;;;;;;
;;;;;;
;;;;;;
;;;;;;
;;;;;;
;;;;;;
;;;;;;
;;;;;;
;;;;;;
;;;;;;
;;;;;;
;;;;;;
;;;;;;
;;;;;;
;;;;;;
;;;;;;
;;;;;;
;;;;;;
;;;;;;
;;;;;;
;;;;;;
;;;;;;
;;;;;;
;;;;;;
;;;;;;
;;;;;;
;;;;;;
;;;;;;
;;;;;;
;;;;;;
;;;;;;
;;;;;;
;;;;;;
;;;;;;
;;;;;;
;;;;;;
;;;;;;
;;;;;;
;;;;;;
;;;;;;
;;;;;;
;;;;;;
;;;;;;
;;;;;;
;;;;;;
;;;;;;
;;;;;;
;;;;;;
;;;;;;
;;;;;;
;;;;;;
;;;;;;
;;;;;;
;;;;;;
;;;;;;
;;;;;;
;;;;;;
;;;;;;
;;;;;;
;;;;;;
;;;;;;
;;;;;;
;;;;;;
;;;;;;
;;;;;;
;;;;;;
;;;;;;
;;;;;;
;;;;;;
;;;;;;
;;;;;;
;;;;;;
;;;;;;
;;;;;;
;;;;;;
;;;;;;
;;;;;;
;;;;;;
;;;;;;
;;;;;;
;;;;;;
;;;;;;
;;;;;;
;;;;;;
;;;;;;
;;;;;;
;;;;;;
;;;;;;
;;;;;;
;;;;;;
;;;;;;
;;;;;;
;;;;;;
;;;;;;
;;;;;;
;;;;;;
;;;;;;
;;;;;;
;;;;;;
;;;;;;
;;;;;;
;;;;;;
;;;;;;
;;;;;;
;;;;;;
;;;;;;
;;;;;;
;;;;;;
;;;;;;
;;;;;;
;;;;;;
;;;;;;
;;;;;;
;;;;;;
;;;;;;
;;;;;;
;;;;;;
;;;;;;
;;;;;;
;;;;;;
;;;;;;
;;;;;;
;;;;;;
;;;;;;
;;;;;;
;;;;;;
;;;;;;
;;;;;;
;;;;;;
;;;;;;
;;;;;;
;;;;;;
;;;;;;
;;;;;;
;;;;;;
;;;;;;
;;;;;;
;;;;;;
;;;;;;
;;;;;;
;;;;;;
;;;;;;
;;;;;;
;;;;;;
;;;;;;
;;;;;;
;;;;;;
;;;;;;
;;;;;;
;;;;;;
;;;;;;
;;;;;;
;;;;;;
;;;;;;
;;;;;;
;;;;;;
;;;;;;
;;;;;;
;;;;;;
;;;;;;
;;;;;;
;;;;;;
;;;;;;
;;;;;;
;;;;;;
;;;;;;
;;;;;;
;;;;;;
;;;;;;
;;;;;;
;;;;;;
;;;;;;
;;;;;;
;;;;;;
;;;;;;
;;;;;;
;;;;;;
;;;;;;
;;;;;;
;;;;;;
;;;;;;
;;;;;;
;;;;;;
;;;;;;
;;;;;;
;;;;;;
;;;;;;
;;;;;;
;;;;;;
;;;;;;
;;;;;;
;;;;;;
;;;;;;
;;;;;;
;;;;;;
;;;;;;
;;;;;;
;;;;;;
;;;;;;
;;;;;;
;;;;;;
;;;;;;
;;;;;;
;;;;;;
;;;;;;
;;;;;;
;;;;;;
;;;;;;
;;;;;;
;;;;;;
;;;;;;
;;;;;;
;;;;;;
;;;;;;
;;;;;;
;;;;;;
;;;;;;
;;;;;;
;;;;;;
;;;;;;
;;;;;;
;;;;;;
;;;;;;
;;;;;;
;;;;;;
;;;;;;
;;;;;;
;;;;;;
;;;;;;
;;;;;;
;;;;;;
;;;;;;
;;;;;;
;;;;;;
;;;;;;
;;;;;;
;;;;;;
;;;;;;
;;;;;;
;;;;;;
;;;;;;
;;;;;;
;;;;;;
;;;;;;
;;;;;;
;;;;;;
;;;;;;
;;;;;;
;;;;;;
;;;;;;
;;;;;;
;;;;;;
;;;;;;
;;;;;;
;;;;;;
;;;;;;
;;;;;;
;;;;;;
;;;;;;
;;;;;;
;;;;;;
;;;;;;
;;;;;;
;;;;;;
;;;;;;
;;;;;;
;;;;;;
;;;;;;
;;;;;;
;;;;;;
;;;;;;
;;;;;;
;;;;;;
;;;;;;
;;;;;;
;;;;;;
;;;;;;
;;;;;;
;;;;;;
;;;;;;
;;;;;;
;;;;;;
;;;;;;
;;;;;;
;;;;;;
;;;;;;
;;;;;;
;;;;;;
;;;;;;
;;;;;;
;;;;;;
;;;;;;
;;;;;;
;;;;;;
;;;;;;
;;;;;;
;;;;;;
;;;;;;
;;;;;;
;;;;;;
;;;;;;
;;;;;;
;;;;;;
;;;;;;
;;;;;;
;;;;;;
;;;;;;
;;;;;;
;;;;;;
;;;;;;
;;;;;;
;;;;;;
;;;;;;
;;;;;;
;;;;;;
;;;;;;
;;;;;;
;;;;;;
;;;;;;
;;;;;;
;;;;;;
;;;;;;
;;;;;;
;;;;;;
;;;;;;
;;;;;;
;;;;;;
;;;;;;
;;;;;;
;;;;;;
;;;;;;
;;;;;;
;;;;;;
;;;;;;
;;;;;;
;;;;;;
;;;;;;
;;;;;;
;;;;;;
;;;;;;
;;;;;;
;;;;;;
;;;;;;
;;;;;;
;;;;;;
;;;;;;
;;;;;;
;;;;;;
;;;;;;
;;;;;;
;;;;;;
;;;;;;
;;;;;;
;;;;;;
;;;;;;
;;;;;;
;;;;;;
;;;;;;
;;;;;;
;;;;;;
;;;;;;
;;;;;;
;;;;;;
;;;;;;
;;;;;;
;;;;;;
;;;;;;
;;;;;;
;;;;;;
;;;;;;
;;;;;;
;;;;;;
;;;;;;
;;;;;;
;;;;;;
;;;;;;
;;;;;;
;;;;;;
;;;;;;
;;;;;;
;;;;;;
;;;;;;
;;;;;;
;;;;;;
;;;;;;
;;;;;;
;;;;;;
;;;;;;
;;;;;;
;;;;;;
;;;;;;
;;;;;;
;;;;;;
;;;;;;
;;;;;;
;;;;;;
;;;;;;
;;;;;;
;;;;;;
;;;;;;
;;;;;;
;;;;;;
;;;;;;
;;;;;;
;;;;;;
;;;;;;
;;;;;;
;;;;;;
;;;;;;
;;;;;;
;;;;;;
;;;;;;
;;;;;;
;;;;;;
;;;;;;
;;;;;;
;;;;;;
;;;;;;
;;;;;;
;;;;;;
;;;;;;
;;;;;;
;;;;;;
;;;;;;
;;;;;;
;;;;;;
;;;;;;
;;;;;;
;;;;;;
;;;;;;
;;;;;;
;;;;;;
;;;;;;
;;;;;;
;;;;;;
;;;;;;
;;;;;;
;;;;;;
;;;;;;
;;;;;;
;;;;;;
;;;;;;
;;;;;;
;;;;;;
;;;;;;
;;;;;;
;;;;;;
;;;;;;
;;;;;;
;;;;;;
;;;;;;
;;;;;;
;;;;;;
;;;;;;
;;;;;;
;;;;;;
;;;;;;
;;;;;;
;;;;;;
;;;;;;
;;;;;;
;;;;;;
;;;;;;
;;;;;;
;;;;;;
;;;;;;
;;;;;;
;;;;;;
;;;;;;
;;;;;;
;;;;;;
;;;;;;
;;;;;;
;;;;;;
;;;;;;
;;;;;;
;;;;;;
;;;;;;
;;;;;;
;;;;;;
;;;;;;
;;;;;;
;;;;;;
;;;;;;
;;;;;;
;;;;;;
;;;;;;
;;;;;;
;;;;;;
;;;;;;
;;;;;;
;;;;;;
;;;;;;
;;;;;;
;;;;;;
;;;;;;
;;;;;;
;;;;;;
;;;;;;
;;;;;;
;;;;;;
;;;;;;
;;;;;;
;;;;;;
;;;;;;
;;;;;;
;;;;;;
;;;;;;
;;;;;;
;;;;;;
;;;;;;
;;;;;;
;;;;;;
;;;;;;
;;;;;;
;;;;;;
;;;;;;
;;;;;;
;;;;;;
;;;;;;
;;;;;;
;;;;;;
;;;;;;
;;;;;;
;;;;;;
;;;;;;
;;;;;;
;;;;;;
;;;;;;
;;;;;;
;;;;;;
;;;;;;
;;;;;;
;;;;;;
;;;;;;
;;;;;;
;;;;;;
;;;;;;
;;;;;;
;;;;;;
;;;;;;
;;;;;;
;;;;;;
;;;;;;
;;;;;;
;;;;;;
;;;;;;
;;;;;;
;;;;;;
;;;;;;
;;;;;;
;;;;;;
;;;;;;
;;;;;;
;;;;;;
;;;;;;
;;;;;;
;;;;;;
;;;;;;
;;;;;;
;;;;;;
;;;;;;
;;;;;;
;;;;;;
;;;;;;
;;;;;;
;;;;;;
;;;;;;
;;;;;;
;;;;;;
;;;;;;
;;;;;;
;;;;;;
;;;;;;
;;;;;;
;;;;;;
;;;;;;
;;;;;;
;;;;;;
;;;;;;
;;;;;;
;;;;;;
;;;;;;
;;;;;;
;;;;;;
;;;;;;
;;;;;;
;;;;;;
;;;;;;
;;;;;;
;;;;;;
;;;;;;
;;;;;;
;;;;;;
;;;;;;
;;;;;;
;;;;;;
;;;;;;
;;;;;;
;;;;;;
;;;;;;
;;;;;;
;;;;;;
;;;;;;
;;;;;;
;;;;;;
;;;;;;
;;;;;;
;;;;;;
;;;;;;
;;;;;;
;;;;;;
;;;;;;
;;;;;;
;;;;;;
;;;;;;
;;;;;;
;;;;;;
;;;;;;
;;;;;;
;;;;;;
;;;;;;
;;;;;;
;;;;;;
;;;;;;
;;;;;;
;;;;;;
;;;;;;
;;;;;;
;;;;;;
;;;;;;
;;;;;;
;;;;;;
;;;;;;
;;;;;;
;;;;;;
;;;;;;
;;;;;;
;;;;;;
;;;;;;
;;;;;;
;;;;;;
;;;;;;
;;;;;;
;;;;;;
;;;;;;
;;;;;;
;;;;;;
;;;;;;
;;;;;;
;;;;;;
;;;;;;
;;;;;;
;;;;;;
;;;;;;
;;;;;;
;;;;;;
;;;;;;
;;;;;;
;;;;;;
;;;;;;
;;;;;;
;;;;;;
;;;;;;
;;;;;;
;;;;;;
;;;;;;
;;;;;;
;;;;;;
;;;;;;
;;;;;;
;;;;;;
;;;;;;
;;;;;;
;;;;;;
;;;;;;
;;;;;;
;;;;;;
;;;;;;
;;;;;;
;;;;;;
;;;;;;
;;;;;;
;;;;;;
;;;;;;
;;;;;;
;;;;;;
;;;;;;
;;;;;;
;;;;;;
;;;;;;
;;;;;;
;;;;;;
;;;;;;
;;;;;;
;;;;;;
;;;;;;
;;;;;;
;;;;;;
;;;;;;
;;;;;;
;;;;;;
;;;;;;
;;;;;;
;;;;;;
;;;;;;
;;;;;;
;;;;;;
;;;;;;
;;;;;;
;;;;;;
;;;;;;
;;;;;;
;;;;;;
;;;;;;
;;;;;;
;;;;;;
;;;;;;
;;;;;;
;;;;;;
;;;;;;
;;;;;;
;;;;;;
;;;;;;
;;;;;;
;;;;;;
;;;;;;
;;;;;;
;;;;;;
;;;;;;
;;;;;;
;;;;;;
;;;;;;
;;;;;;
;;;;;;
;;;;;;
;;;;;;
;;;;;;
;;;;;;
;;;;;;
;;;;;;
;;;;;;
;;;;;;
;;;;;;
;;;;;;
;;;;;;
;;;;;;
;;;;;;
;;;;;;
;;;;;;
;;;;;;
;;;;;;
;;;;;;
;;;;;;
;;;;;;
;;;;;;
;;;;;;
;;;;;;
;;;;;;
;;;;;;
;;;;;;
;;;;;;
;;;;;;
;;;;;;
;;;;;;
;;;;;;
;;;;;;
;;;;;;
;;;;;;
;;;;;;
;;;;;;
;;;;;;
;;;;;;
;;;;;;
;;;;;;
;;;;;;
;;;;;;
;;;;;;
;;;;;;
;;;;;;
;;;;;;
;;;;;;
;;;;;;
;;;;;;
;;;;;;
;;;;;;
;;;;;;
;;;;;;
;;;;;;
;;;;;;
;;;;;;
;;;;;;
;;;;;;
;;;;;;
;;;;;;
;;;;;;
;;;;;;
;;;;;;
;;;;;;
;;;;;;
;;;;;;
;;;;;;
;;;;;;
;;;;;;
;;;;;;
;;;;;;
;;;;;;
;;;;;;
;;;;;;
;;;;;;
;;;;;;
;;;;;;
;;;;;;
;;;;;;
;;;;;;
;;;;;;
;;;;;;
;;;;;;
;;;;;;
;;;;;;
;;;;;;
;;;;;;
;;;;;;
;;;;;;
;;;;;;
;;;;;;
;;;;;;
;;;;;;
;;;;;;
;;;;;;
;;;;;;
;;;;;;
;;;;;;
;;;;;;
;;;;;;
;;;;;;
;;;;;;
;;;;;;
;;;;;;
;;;;;;
;;;;;;
;;;;;;
;;;;;;
;;;;;;
;;;;;;
;;;;;;
;;;;;;
;;;;;;
;;;;;;
;;;;;;
;;;;;;
;;;;;;
;;;;;;
;;;;;;
;;;;;;
;;;;;;
;;;;;;
;;;;;;
;;;;;;
;;;;;;
;;;;;;
;;;;;;
;;;;;;
;;;;;;
;;;;;;
;;;;;;
;;;;;;
;;;;;;
;;;;;;
;;;;;;
;;;;;;
;;;;;;
;;;;;;
;;;;;;
;;;;;;
;;;;;;
;;;;;;
;;;;;;
;;;;;;
;;;;;;
;;;;;;
;;;;;;
;;;;;;
;;;;;;
;;;;;;
;;;;;;
;;;;;;
;;;;;;
;;;;;;
;;;;;;
;;;;;;
;;;;;;
;;;;;;
;;;;;;
;;;;;;
;;;;;;
;;;;;;
;;;;;;
;;;;;;
;;;;;;
;;;;;;
;;;;;;
;;;;;;
;;;;;;
;;;;;;
;;;;;;
;;;;;;
;;;;;;
;;;;;;
;;;;;;
;;;;;;
;;;;;;
;;;;;;
;;;;;;
;;;;;;
;;;;;;
;;;;;;
;;;;;;
;;;;;;
;;;;;;
;;;;;;
;;;;;;
;;;;;;
;;;;;;
;;;;;;
;;;;;;
;;;;;;
;;;;;;
;;;;;;
;;;;;;
;;;;;;
;;;;;;
;;;;;;
;;;;;;
;;;;;;
;;;;;;
;;;;;;
;;;;;;
;;;;;;
;;;;;;
;;;;;;
;;;;;;
;;;;;;
;;;;;;
;;;;;;
;;;;;;
;;;;;;
;;;;;;
;;;;;;
;;;;;;
;;;;;;
;;;;;;
;;;;;;
;;;;;;
;;;;;;
;;;;;;
;;;;;;
;;;;;;
;;;;;;
;;;;;;
;;;;;;
;;;;;;
;;;;;;
;;;;;;
;;;;;;
;;;;;;
;;;;;;
;;;;;;
;;;;;;
;;;;;;
;;;;;;
;;;;;;
;;;;;;
;;;;;;
;;;;;;
;;;;;;
;;;;;;
;;;;;;
;;;;;;
;;;;;;
;;;;;;
;;;;;;
;;;;;;
;;;;;;
;;;;;;
;;;;;;
;;;;;;
;;;;;;
;;;;;;
;;;;;;
;;;;;;
;;;;;;
;;;;;;
;;;;;;
;;;;;;
;;;;;;
;;;;;;
;;;;;;
;;;;;;
;;;;;;
;;;;;;
;;;;;;
;;;;;;
;;;;;;
;;;;;;
;;;;;;
;;;;;;
;;;;;;
;;;;;;
;;;;;;
;;;;;;
;;;;;;
;;;;;;
;;;;;;
;;;;;;
;;;;;;
;;;;;;
;;;;;;
;;;;;;
;;;;;;
;;;;;;
;;;;;;
;;;;;;
;;;;;;
;;;;;;
;;;;;;
;;;;;;
;;;;;;
;;;;;;
;;;;;;
;;;;;;
;;;;;;
;;;;;;
;;;;;;
;;;;;;
;;;;;;
;;;;;;
;;;;;;
;;;;;;
;;;;;;
;;;;;;
;;;;;;
;;;;;;
;;;;;;
;;;;;;
;;;;;;
;;;;;;
;;;;;;
;;;;;;
;;;;;;
;;;;;;
;;;;;;
;;;;;;
;;;;;;
;;;;;;
;;;;;;
;;;;;;
;;;;;;
;;;;;;
;;;;;;
;;;;;;
;;;;;;
;;;;;;
;;;;;;
;;;;;;
;;;;;;
;;;;;;
;;;;;;
;;;;;;
;;;;;;
;;;;;;
;;;;;;
;;;;;;
;;;;;;
;;;;;;
;;;;;;
;;;;;;
;;;;;;
;;;;;;
;;;;;;
;;;;;;
;;;;;;
;;;;;;
;;;;;;
;;;;;;
;;;;;;
;;;;;;
;;;;;;
;;;;;;
;;;;;;
;;;;;;
;;;;;;
;;;;;;
;;;;;;
;;;;;;
;;;;;;
;;;;;;
;;;;;;
;;;;;;
;;;;;;
;;;;;;
;;;;;;
;;;;;;
;;;;;;
;;;;;;
;;;;;;
;;;;;;
;;;;;;
;;;;;;
;;;;;;
;;;;;;
;;;;;;
;;;;;;
;;;;;;
;;;;;;
;;;;;;
;;;;;;
;;;;;;
;;;;;;
;;;;;;
;;;;;;
;;;;;;
;;;;;;
;;;;;;
;;;;;;
;;;;;;
;;;;;;
;;;;;;
;;;;;;
;;;;;;
;;;;;;
;;;;;;
;;;;;;
;;;;;;
;;;;;;
;;;;;;
;;;;;;
;;;;;;
;;;;;;
;;;;;;
;;;;;;
;;;;;;
;;;;;;
;;;;;;
;;;;;;
;;;;;;
;;;;;;
;;;;;;
;;;;;;
;;;;;;
;;;;;;
;;;;;;
;;;;;;
;;;;;;
;;;;;;
;;;;;;
;;;;;;
;;;;;;
;;;;;;
;;;;;;
;;;;;;
;;;;;;
;;;;;;
;;;;;;
;;;;;;
;;;;;;
;;;;;;
;;;;;;
;;;;;;
;;;;;;
;;;;;;
;;;;;;
;;;;;;
;;;;;;
;;;;;;
;;;;;;
;;;;;;
;;;;;;
;;;;;;
;;;;;;
;;;;;;
;;;;;;
;;;;;;
;;;;;;
;;;;;;
;;;;;;
;;;;;;
;;;;;;
;;;;;;
;;;;;;
;;;;;;
;;;;;;
;;;;;;
;;;;;;
;;;;;;
;;;;;;
;;;;;;
;;;;;;
;;;;;;
;;;;;;
;;;;;;
;;;;;;
;;;;;;
;;;;;;
;;;;;;
;;;;;;
;;;;;;
;;;;;;
;;;;;;
;;;;;;
;;;;;;
;;;;;;
;;;;;;
;;;;;;
;;;;;;
;;;;;;
;;;;;;
;;;;;;
;;;;;;
;;;;;;
;;;;;;
;;;;;;
;;;;;;
;;;;;;
;;;;;;
;;;;;;
;;;;;;
;;;;;;
;;;;;;
;;;;;;
;;;;;;
;;;;;;
;;;;;;
;;;;;;
;;;;;;
;;;;;;
;;;;;;
;;;;;;
;;;;;;
;;;;;;
;;;;;;
;;;;;;
;;;;;;
;;;;;;
;;;;;;
;;;;;;
;;;;;;
;;;;;;
;;;;;;
;;;;;;
;;;;;;
;;;;;;
;;;;;;
;;;;;;
;;;;;;
;;;;;;
;;;;;;
;;;;;;
;;;;;;
;;;;;;
;;;;;;
;;;;;;
;;;;;;
;;;;;;
;;;;;;
;;;;;;
;;;;;;
;;;;;;
;;;;;;
;;;;;;
;;;;;;
;;;;;;
;;;;;;
;;;;;;
;;;;;;
;;;;;;
;;;;;;
;;;;;;
;;;;;;
;;;;;;
;;;;;;
;;;;;;
;;;;;;
;;;;;;
;;;;;;
;;;;;;
;;;;;;
;;;;;;
;;;;;;
;;;;;;
;;;;;;
;;;;;;
;;;;;;
;;;;;;
;;;;;;
;;;;;;
;;;;;;
;;;;;;
;;;;;;
;;;;;;
;;;;;;
;;;;;;
;;;;;;
;;;;;;
;;;;;;
;;;;;;
;;;;;;
;;;;;;
;;;;;;
;;;;;;
;;;;;;
;;;;;;
;;;;;;
;;;;;;
;;;;;;
;;;;;;
;;;;;;
;;;;;;
;;;;;;
;;;;;;
;;;;;;
;;;;;;
;;;;;;
;;;;;;
;;;;;;
;;;;;;
;;;;;;
;;;;;;
;;;;;;
;;;;;;
;;;;;;
;;;;;;
;;;;;;
;;;;;;
;;;;;;
;;;;;;
;;;;;;
;;;;;;
;;;;;;
;;;;;;
;;;;;;
;;;;;;
;;;;;;
;;;;;;
;;;;;;
;;;;;;
;;;;;;
;;;;;;
;;;;;;
;;;;;;
;;;;;;
;;;;;;
;;;;;;
;;;;;;
;;;;;;
;;;;;;
;;;;;;
;;;;;;
;;;;;;
;;;;;;
;;;;;;
;;;;;;
;;;;;;
;;;;;;
;;;;;;
;;;;;;
;;;;;;
;;;;;;
;;;;;;
;;;;;;
;;;;;;
;;;;;;
;;;;;;
;;;;;;
;;;;;;
;;;;;;
;;;;;;
;;;;;;
;;;;;;
;;;;;;
;;;;;;
;;;;;;
;;;;;;
;;;;;;
;;;;;;
;;;;;;
;;;;;;
;;;;;;
;;;;;;
;;;;;;
;;;;;;
;;;;;;
;;;;;;
;;;;;;
;;;;;;
;;;;;;
;;;;;;
;;;;;;
;;;;;;
;;;;;;
;;;;;;
;;;;;;
;;;;;;
;;;;;;
;;;;;;
;;;;;;
;;;;;;
;;;;;;
;;;;;;
;;;;;;
;;;;;;
;;;;;;
;;;;;;
;;;;;;
;;;;;;
;;;;;;
;;;;;;
;;;;;;
;;;;;;
;;;;;;
;;;;;;
;;;;;;
;;;;;;
;;;;;;
;;;;;;
;;;;;;
;;;;;;
;;;;;;
;;;;;;
;;;;;;
;;;;;;
;;;;;;
;;;;;;
;;;;;;
;;;;;;
;;;;;;
;;;;;;
;;;;;;
;;;;;;
;;;;;;
;;;;;;
;;;;;;
;;;;;;
;;;;;;
;;;;;;
;;;;;;
;;;;;;
;;;;;;
;;;;;;
;;;;;;
;;;;;;
;;;;;;
;;;;;;
;;;;;;
;;;;;;
;;;;;;
;;;;;;
;;;;;;
;;;;;;
;;;;;;
;;;;;;
;;;;;;
;;;;;;
;;;;;;
;;;;;;
;;;;;;
;;;;;;
;;;;;;
;;;;;;
;;;;;;
;;;;;;
;;;;;;
;;;;;;
;;;;;;
;;;;;;
;;;;;;
;;;;;;
;;;;;;
;;;;;;
;;;;;;
;;;;;;
;;;;;;
;;;;;;
;;;;;;
;;;;;;
;;;;;;
;;;;;;
;;;;;;
;;;;;;
;;;;;;
;;;;;;
;;;;;;
;;;;;;
;;;;;;
;;;;;;
;;;;;;
;;;;;;
;;;;;;
;;;;;;
;;;;;;
;;;;;;
;;;;;;
;;;;;;
;;;;;;
;;;;;;
;;;;;;
;;;;;;
;;;;;;
;;;;;;
;;;;;;
;;;;;;
;;;;;;
;;;;;;
;;;;;;
;;;;;;
;;;;;;
;;;;;;
;;;;;;
;;;;;;
;;;;;;
;;;;;;
;;;;;;
;;;;;;
;;;;;;
;;;;;;
;;;;;;
;;;;;;
;;;;;;
;;;;;;
;;;;;;
;;;;;;
;;;;;;
;;;;;;
;;;;;;
;;;;;;
;;;;;;
;;;;;;
;;;;;;
;;;;;;
;;;;;;
;;;;;;
;;;;;;
;;;;;;
;;;;;;
;;;;;;
;;;;;;
;;;;;;
;;;;;;
;;;;;;
;;;;;;
;;;;;;
;;;;;;
;;;;;;
;;;;;;
;;;;;;
;;;;;;
;;;;;;
;;;;;;
;;;;;;
;;;;;;
;;;;;;
;;;;;;
;;;;;;
;;;;;;
;;;;;;
;;;;;;
;;;;;;
;;;;;;
;;;;;;
;;;;;;
;;;;;;
;;;;;;
;;;;;;
;;;;;;
;;;;;;
;;;;;;
;;;;;;
;;;;;;
;;;;;;
;;;;;;
;;;;;;
;;;;;;
;;;;;;
;;;;;;
;;;;;;
;;;;;;
;;;;;;
;;;;;;
;;;;;;
;;;;;;
;;;;;;
;;;;;;
;;;;;;
;;;;;;
;;;;;;
;;;;;;
;;;;;;
;;;;;;
;;;;;;
;;;;;;
;;;;;;
;;;;;;
;;;;;;
;;;;;;
;;;;;;
;;;;;;
;;;;;;
;;;;;;
;;;;;;
;;;;;;
;;;;;;
;;;;;;
;;;;;;
;;;;;;
;;;;;;
;;;;;;
;;;;;;
;;;;;;
;;;;;;
;;;;;;
;;;;;;
;;;;;;
;;;;;;
;;;;;;
;;;;;;
;;;;;;
;;;;;;
;;;;;;
;;;;;;
;;;;;;
;;;;;;
;;;;;;
;;;;;;
;;;;;;
;;;;;;
;;;;;;
;;;;;;
;;;;;;
;;;;;;
;;;;;;
;;;;;;
;;;;;;
;;;;;;
;;;;;;
;;;;;;
;;;;;;
;;;;;;
;;;;;;
;;;;;;
;;;;;;
;;;;;;
;;;;;;
;;;;;;
;;;;;;
;;;;;;
;;;;;;
;;;;;;
;;;;;;
;;;;;;
;;;;;;
;;;;;;
;;;;;;
;;;;;;
;;;;;;
;;;;;;
;;;;;;
;;;;;;
;;;;;;
;;;;;;
;;;;;;
;;;;;;
;;;;;;
;;;;;;
;;;;;;
;;;;;;
;;;;;;
;;;;;;
;;;;;;
;;;;;;
;;;;;;
;;;;;;
;;;;;;
;;;;;;
;;;;;;
;;;;;;
;;;;;;
;;;;;;
;;;;;;
;;;;;;
;;;;;;
;;;;;;
;;;;;;
;;;;;;
;;;;;;
;;;;;;
;;;;;;
;;;;;;
;;;;;;
;;;;;;
;;;;;;
;;;;;;
;;;;;;
;;;;;;
;;;;;;
;;;;;;
;;;;;;
;;;;;;
;;;;;;
;;;;;;
;;;;;;
;;;;;;
;;;;;;
;;;;;;
;;;;;;
;;;;;;
;;;;;;
;;;;;;
;;;;;;
;;;;;;
;;;;;;
;;;;;;
;;;;;;
;;;;;;
;;;;;;
;;;;;;
;;;;;;
;;;;;;
;;;;;;
;;;;;;
;;;;;;
;;;;;;
;;;;;;
;;;;;;
;;;;;;
;;;;;;
;;;;;;
;;;;;;
;;;;;;
;;;;;;
;;;;;;
;;;;;;
;;;;;;
;;;;;;
;;;;;;
;;;;;;
;;;;;;
;;;;;;
;;;;;;
;;;;;;
;;;;;;
;;;;;;
;;;;;;
;;;;;;
;;;;;;
;;;;;;
;;;;;;
;;;;;;
;;;;;;
;;;;;;
;;;;;;
;;;;;;
;;;;;;
;;;;;;
;;;;;;
;;;;;;
;;;;;;
;;;;;;
;;;;;;
;;;;;;
;;;;;;
;;;;;;
;;;;;;
;;;;;;
;;;;;;
;;;;;;
;;;;;;
;;;;;;
;;;;;;
;;;;;;
;;;;;;
;;;;;;
;;;;;;
;;;;;;
;;;;;;
;;;;;;
;;;;;;
;;;;;;
;;;;;;
;;;;;;
;;;;;;
;;;;;;
;;;;;;
;;;;;;
;;;;;;
;;;;;;
;;;;;;
;;;;;;
;;;;;;
;;;;;;
;;;;;;
;;;;;;
;;;;;;
;;;;;;
;;;;;;
;;;;;;
;;;;;;
;;;;;;
;;;;;;
;;;;;;
;;;;;;
;;;;;;
;;;;;;
;;;;;;
;;;;;;
;;;;;;
;;;;;;
;;;;;;
;;;;;;
;;;;;;
;;;;;;
;;;;;;
;;;;;;
;;;;;;
;;;;;;
;;;;;;
;;;;;;
;;;;;;
;;;;;;
;;;;;;
;;;;;;
;;;;;;
;;;;;;
;;;;;;
;;;;;;
;;;;;;
;;;;;;
;;;;;;
;;;;;;
;;;;;;
;;;;;;
;;;;;;
;;;;;;
;;;;;;
;;;;;;
;;;;;;
;;;;;;
;;;;;;
;;;;;;
;;;;;;
;;;;;;
;;;;;;
;;;;;;
;;;;;;
;;;;;;
;;;;;;
;;;;;;
;;;;;;
;;;;;;
;;;;;;
;;;;;;
;;;;;;
;;;;;;
;;;;;;
;;;;;;
;;;;;;
;;;;;;
;;;;;;
;;;;;;
;;;;;;
;;;;;;
;;;;;;
;;;;;;
;;;;;;
;;;;;;
;;;;;;
;;;;;;
;;;;;;
;;;;;;
;;;;;;
;;;;;;
;;;;;;
;;;;;;
;;;;;;
;;;;;;
;;;;;;
;;;;;;
;;;;;;
;;;;;;
;;;;;;
;;;;;;
;;;;;;
;;;;;;
;;;;;;
;;;;;;
;;;;;;
;;;;;;
;;;;;;
;;;;;;
;;;;;;
;;;;;;
;;;;;;
;;;;;;
;;;;;;
;;;;;;
;;;;;;
;;;;;;
;;;;;;
;;;;;;
;;;;;;
;;;;;;
;;;;;;
;;;;;;
;;;;;;
;;;;;;
;;;;;;
;;;;;;
;;;;;;
;;;;;;
;;;;;;
;;;;;;
;;;;;;
;;;;;;
;;;;;;
;;;;;;
;;;;;;
;;;;;;
;;;;;;
;;;;;;
;;;;;;
;;;;;;
;;;;;;
;;;;;;
;;;;;;
;;;;;;
;;;;;;
;;;;;;
;;;;;;
;;;;;;
;;;;;;
;;;;;;
;;;;;;
;;;;;;
;;;;;;
;;;;;;
;;;;;;
;;;;;;
;;;;;;
;;;;;;
;;;;;;
;;;;;;
;;;;;;
;;;;;;
;;;;;;
;;;;;;
;;;;;;
;;;;;;
;;;;;;
;;;;;;
;;;;;;
;;;;;;
;;;;;;
;;;;;;
;;;;;;
;;;;;;
;;;;;;
;;;;;;
;;;;;;
;;;;;;
;;;;;;
;;;;;;
;;;;;;
;;;;;;
;;;;;;
;;;;;;
;;;;;;
;;;;;;
;;;;;;
;;;;;;
;;;;;;
;;;;;;
;;;;;;
;;;;;;
;;;;;;
;;;;;;
;;;;;;
;;;;;;
;;;;;;
;;;;;;
;;;;;;
;;;;;;
;;;;;;
;;;;;;
;;;;;;
;;;;;;
;;;;;;
;;;;;;
;;;;;;
;;;;;;
;;;;;;
;;;;;;
;;;;;;
;;;;;;
;;;;;;
;;;;;;
;;;;;;
;;;;;;
;;;;;;
;;;;;;
;;;;;;
;;;;;;
;;;;;;
;;;;;;
;;;;;;
;;;;;;
;;;;;;
;;;;;;
;;;;;;
;;;;;;
;;;;;;
;;;;;;
;;;;;;
;;;;;;
;;;;;;
;;;;;;
;;;;;;
;;;;;;
;;;;;;
;;;;;;
;;;;;;
;;;;;;
;;;;;;
;;;;;;
;;;;;;
;;;;;;
;;;;;;
;;;;;;
;;;;;;
;;;;;;
;;;;;;
;;;;;;
;;;;;;
;;;;;;
;;;;;;
;;;;;;
;;;;;;
;;;;;;
;;;;;;
;;;;;;
;;;;;;
;;;;;;
;;;;;;
;;;;;;
;;;;;;
;;;;;;
;;;;;;
;;;;;;
;;;;;;
;;;;;;
;;;;;;
;;;;;;
;;;;;;
;;;;;;
;;;;;;
;;;;;;
;;;;;;
;;;;;;
;;;;;;
;;;;;;
;;;;;;
;;;;;;
;;;;;;
;;;;;;
;;;;;;
;;;;;;
;;;;;;
;;;;;;
;;;;;;
;;;;;;
;;;;;;
;;;;;;
;;;;;;
;;;;;;
;;;;;;
;;;;;;
;;;;;;
;;;;;;
;;;;;;
;;;;;;
;;;;;;
;;;;;;
;;;;;;
;;;;;;
;;;;;;
;;;;;;
;;;;;;
;;;;;;
;;;;;;
;;;;;;
;;;;;;
;;;;;;
;;;;;;
;;;;;;
;;;;;;
;;;;;;
;;;;;;
;;;;;;
;;;;;;
;;;;;;
;;;;;;
;;;;;;
;;;;;;
;;;;;;
;;;;;;
;;;;;;
;;;;;;
;;;;;;
;;;;;;
;;;;;;
;;;;;;
;;;;;;
;;;;;;
;;;;;;
;;;;;;
;;;;;;
;;;;;;
;;;;;;
;;;;;;
;;;;;;
;;;;;;
;;;;;;
;;;;;;
;;;;;;
;;;;;;
;;;;;;
;;;;;;
;;;;;;
;;;;;;
;;;;;;
;;;;;;
;;;;;;
;;;;;;
;;;;;;
;;;;;;
;;;;;;
;;;;;;
;;;;;;
;;;;;;
;;;;;;
;;;;;;
;;;;;;
;;;;;;
;;;;;;
;;;;;;
;;;;;;
;;;;;;
;;;;;;
;;;;;;
;;;;;;
;;;;;;
;;;;;;
;;;;;;
;;;;;;
;;;;;;
;;;;;;
;;;;;;
;;;;;;
;;;;;;
;;;;;;
;;;;;;
;;;;;;
;;;;;;
;;;;;;
;;;;;;
;;;;;;
;;;;;;
;;;;;;
;;;;;;
;;;;;;
;;;;;;
;;;;;;
;;;;;;
;;;;;;
;;;;;;
;;;;;;
;;;;;;
;;;;;;
;;;;;;
;;;;;;
;;;;;;
;;;;;;
;;;;;;
;;;;;;
;;;;;;
;;;;;;
;;;;;;
;;;;;;
;;;;;;
;;;;;;
;;;;;;
;;;;;;
;;;;;;
;;;;;;
;;;;;;
;;;;;;
;;;;;;
;;;;;;
;;;;;;
;;;;;;
;;;;;;
;;;;;;
;;;;;;
;;;;;;
;;;;;;
;;;;;;
;;;;;;
;;;;;;
;;;;;;
;;;;;;
;;;;;;
;;;;;;
;;;;;;
;;;;;;
;;;;;;
;;;;;;
;;;;;;
;;;;;;
;;;;;;
;;;;;;
;;;;;;
;;;;;;
;;;;;;
;;;;;;
;;;;;;
;;;;;;
;;;;;;
;;;;;;
;;;;;;
;;;;;;
;;;;;;
;;;;;;
;;;;;;
;;;;;;
;;;;;;
;;;;;;
;;;;;;
;;;;;;
;;;;;;
;;;;;;
;;;;;;
;;;;;;
;;;;;;
;;;;;;
;;;;;;
;;;;;;
;;;;;;
;;;;;;
;;;;;;
;;;;;;
;;;;;;
;;;;;;
;;;;;;
;;;;;;
;;;;;;
;;;;;;
;;;;;;
;;;;;;
;;;;;;
;;;;;;
;;;;;;
;;;;;;
;;;;;;
;;;;;;
;;;;;;
;;;;;;
;;;;;;
;;;;;;
;;;;;;
;;;;;;
;;;;;;
;;;;;;2037
