Dificultad;Categoría;Pregunta;Respuesta Correcta;Incorrecta 1;Incorrecta 2;Incorrecta 3
Fácil;Geografía;¿Cuál es el río más largo del mundo?;Amazonas;Nilo;Misisipi;Yangtsé
Fácil;Ciencia;¿Qué gas necesitan los humanos para respirar?;Oxígeno;Nitrógeno;Hidrógeno;Dióxido de carbono
Medio;Historia;¿En qué año cayó el Muro de Berlín?;1989;1991;1985;1975
Duro;Arte;"¿Quién pintó ""La joven de la perla""?";Johannes Vermeer;Rembrandt;Van Gogh;Jan van Eyck
Fácil;Deportes;¿Cuántos jugadores tiene un equipo de baloncesto en pista?;5;6;7;11
Medio;Ciencia;¿Cuál es el símbolo químico del Oro?;Au;Ag;Fe;Pb
Fácil;Cine;¿Quién interpretó a Jack en la película Titanic?;Leonardo DiCaprio;Brad Pitt;Johnny Depp;Matt Damon
Medio;Geografía;¿Cuál es la capital de Australia?;Camberra;Sídney;Melbourne;Perth
Duro;Literatura;"¿Quién escribió ""Cien años de soledad""?";Gabriel García Márquez;Mario Vargas Llosa;Julio Cortázar;Isabel Allende
Fácil;Naturaleza;¿Cuál es el animal terrestre más rápido?;Guepardo;León;Tigre;Caballo
Medio;Tecnología;¿Qué significan las siglas WWW?;World Wide Web;World Wide Word;Wide World Web;Web World Wide
Fácil;Historia;¿Quién fue el primer hombre en pisar la Luna?;Neil Armstrong;Buzz Aldrin;Yuri Gagarin;Michael Collins
Duro;Ciencia;¿Cuál es el elemento más abundante en el universo?;Hidrógeno;Helio;Oxígeno;Carbono
Medio;Música;¿A qué banda pertenecía Freddie Mercury?;Queen;The Beatles;Led Zeppelin;Pink Floyd
Fácil;Geografía;¿En qué continente se encuentra Egipto?;África;Asia;Europa;América
Medio;Arte;¿En qué ciudad se encuentra el museo del Louvre?;París;Londres;Roma;Madrid
Duro;Historia;¿Qué emperador romano legalizó el cristianismo?;Constantino;Nerón;Augusto;Julio César
Fácil;Deportes;¿Qué deporte practica Rafael Nadal?;Tenis;Golf;Fútbol;Baloncesto
Medio;Cine;¿Cómo se llama el reino de la película Frozen?;Arendelle;Genovia;Narnia;Asgard
Medio;Ciencia;¿Cuál es el hueso más largo del cuerpo humano?;Fémur;Radio;Tibia;Húmero
Fácil;Cultura;¿Cuál es el idioma más hablado del mundo?;Chino Mandarín;Inglés;Español;Hindi
Duro;Geografía;¿Cuál es el país más pequeño del mundo?;Vaticano;Mónaco;San Marino;Liechtenstein
Medio;Literatura;¿Cómo se llama el ingenioso hidalgo de la Mancha?;Don Quijote;Sancho Panza;Dulcinea;Rocinante
Fácil;Naturaleza;¿Qué animal es la ballena?;Mamífero;Pez;Reptil;Anfibio
Medio;Historia;¿En qué país nació Adolf Hitler?;Austria;Alemania;Polonia;Hungría
Duro;Ciencia;¿Cuál es la velocidad de la luz aproximadamente?;300.000 km/s;150.000 km/s;1.000.000 km/s;50.000 km/s
Fácil;Entretenimiento;¿Qué color resulta de mezclar azul y amarillo?;Verde;Morado;Naranja;Marrón
Medio;Deportes;¿Quién ha ganado más mundiales de Fórmula 1?;Lewis Hamilton;Michael Schumacher;Ayrton Senna;Sebastian Vettel
Fácil;Geografía;¿Cuál es el océano más grande?;Pacífico;Atlántico;Índico;Ártico
Duro;Arte;¿Qué estilo artístico caracteriza a la Sagrada Familia?;Modernismo;Gótico;Barroco;Neoclásico
Medio;Cine;"¿Quién dirigió ""Pulp Fiction""?";Quentin Tarantino;Steven Spielberg;Martin Scorsese;Christopher Nolan
Fácil;Cultura;¿Cuál es el plato nacional de Italia?;Pasta;Sushi;Tacos;Paella
Medio;Ciencia;¿Cuál es el planeta más grande del sistema solar?;Júpiter;Saturno;Neptuno;Urano
Duro;Historia;¿En qué año comenzó la Revolución Francesa?;1789;1776;1812;1492
Fácil;Deportes;¿Cada cuántos años se celebran los Juegos Olímpicos?;4;2;5;6
Medio;Geografía;¿Qué cordillera separa Europa de Asia?;Urales;Himalaya;Andes;Alpes
Duro;Literatura;"¿Quién es el autor de ""La Divina Comedia""?";Dante Alighieri;Petrarca;Boccaccio;Maquiavelo
Fácil;Naturaleza;¿De qué árbol provienen las bellotas?;Encina;Pino;Eucalipto;Olmo
Medio;Tecnología;¿En qué año se lanzó el primer iPhone?;2007;2005;2010;2008
Fácil;Historia;¿Quién fue la primera mujer en ganar un Premio Nobel?;Marie Curie;Rosa Parks;Amelia Earhart;Frida Kahlo
Medio;Arte;"¿Quién pintó el ""Guernica""?";Pablo Picasso;Salvador Dalí;Francisco de Goya;Velázquez
Duro;Ciencia;¿Qué partícula subatómica tiene carga negativa?;Electrón;Protón;Neutrón;Positrón
Fácil;Cine;¿Cuál es el nombre del ratón más famoso de Disney?;Mickey;Jerry;Stuart;Speedy
Medio;Deportes;¿En qué ciudad se celebraron los JJOO de 1992?;Barcelona;Seúl;Atlanta;Sídney
Fácil;Geografía;¿Cuál es la capital de Italia?;Roma;Milán;Venecia;Florencia
Duro;Música;¿Cuántas sinfonías compuso Beethoven?;9;5;12;7
Medio;Historia;¿Quién fue el líder del movimiento de independencia de la India?;Mahatma Gandhi;Jawaharlal Nehru;Nelson Mandela;Akbar
Fácil;Ciencia;¿Cuántos días tiene un año bisiesto?;366;365;364;360
Medio;Cultura;¿Cuál es el país con más pirámides?;Sudán;Egipto;México;Perú
Duro;Geografía;¿Cuál es el punto más profundo de los océanos?;Fosa de las Marianas;Fosa de Java;Fosa de Puerto Rico;Fosa de Tonga
Fácil;Deportes;¿Qué selección ganó el Mundial de Fútbol de 2022?;Argentina;Francia;Brasil;Alemania
Medio;Literatura;"¿Quién escribió ""Romeo y Julieta""?";William Shakespeare;Miguel de Cervantes;Charles Dickens;Víctor Hugo
Duro;Ciencia;¿Cómo se llama el proceso de división celular?;Mitosis;Fotosíntesis;Osmosis;Respiración
Fácil;Geografía;¿Cuál es la capital de España?;Madrid;Barcelona;Sevilla;Valencia
Medio;Cine;"¿Quién es el director de ""Parásitos""?";Bong Joon-ho;Park Chan-wook;Ang Lee;Akira Kurosawa
Fácil;Naturaleza;¿Cuál es el reptil más grande?;Cocodrilo;Caimán;Tortuga;Iguana
Medio;Historia;¿En qué siglo se descubrió América?;XV;XVI;XIV;XVII
Duro;Arte;"¿Quién esculpió el ""David""?";Miguel Ángel;Donatello;Bernini;Canova
Fácil;Cultura;¿Qué instrumento toca Slash?;Guitarra;Batería;Piano;Bajo
Medio;Ciencia;¿Cuál es el tercer planeta del sistema solar?;Tierra;Venus;Marte;Mercurio
Duro;Geografía;¿Cuál es el lago más grande de África?;Victoria;Tanganica;Malaui;Chad
Fácil;Deportes;¿Cómo se llama el trofeo de la NHL?;Stanley Cup;Larry O'Brien;Vince Lombardi;Copa Davis
Medio;Historia;¿Qué ciudad fue destruida por el Vesubio en el 79 d.C.?;Pompeya;Herculano;Roma;Cartago
Duro;Literatura;¿En qué país nació Franz Kafka?;República Checa;Alemania;Austria;Polonia
Fácil;Ciencia;¿Qué parte de la planta realiza la fotosíntesis?;Hojas;Raíz;Tallo;Flores
Medio;Cine;"¿Cómo se llama el villano de ""Star Wars""?";Darth Vader;Voldemort;Sauron;Thanos
Fácil;Geografía;¿Cuál es el país más grande del mundo?;Rusia;Canadá;China;EE. UU.
Medio;Arte;"¿Quién pintó ""La última cena""?";Leonardo da Vinci;Miguel Ángel;Rafael;Tiziano
Duro;Ciencia;¿Cuál es el único metal líquido a temperatura ambiente?;Mercurio;Galio;Cesio;Francio
Fácil;Cultura;¿Cuál es el color de la caja negra de los aviones?;Naranja;Negro;Rojo;Blanco
Medio;Deportes;¿Cuántos anillos de la NBA ganó Michael Jordan?;6;5;7;4
Fácil;Historia;¿Quién fue el rey de Macedonia que conquistó Persia?;Alejandro Magno;Julio César;Darío;Ciro
Medio;Geografía;¿Cuál es la moneda oficial de Japón?;Yen;Yuan;Won;Dong
Duro;Literatura;¿Cuál es la obra más famosa de Homero?;La Odisea;La Eneida;Edipo Rey;Medea
Fácil;Ciencia;¿Cuántos dientes tiene un humano adulto?;32;28;30;34
Medio;Historia;¿Quién fue el primer presidente de los Estados Unidos?;George Washington;Abraham Lincoln;Thomas Jefferson;John Adams
Duro;Cine;¿Quién ganó el primer Oscar a Mejor Película?;Wings;The Jazz Singer;Sunrise;All Quiet on the Western Front
Fácil;Deportes;¿Qué país inventó el fútbol moderno?;Inglaterra;Brasil;Francia;China
Medio;Geografía;¿En qué país se encuentra el Monte Kilimanjaro?;Tanzania;Kenia;Etiopía;Uganda
Duro;Arte;¿De qué nacionalidad era René Magritte?;Belga;Francés;Suizo;Holandés
Fácil;Naturaleza;¿Cómo se llama el satélite natural de la Tierra?;Luna;Europa;Titán;Ganímedes
Medio;Ciencia;¿Qué vitamina aporta el Sol?;Vitamina D;Vitamina C;Vitamina A;Vitamina B12
Duro;Historia;¿Quién era el Dios del Sol en el antiguo Egipto?;Ra;Osiris;Anubis;Horus
Fácil;Cultura;¿Cuál es el animal que representa a Australia?;Canguro;Koala;Emú;Ornitorrinco
Medio;Cine;¿En qué película aparece el personaje de Gollum?;El Señor de los Anillos;Harry Potter;Narnia;Eragon
Fácil;Geografía;¿En qué país se encuentra la Torre Eiffel?;Francia;Italia;España;Alemania
Medio;Deportes;¿Cuál es el estilo de natación más lento?;Braza;Crol;Espalda;Mariposa
Duro;Literatura;"¿Quién escribió ""Fausto""?";Goethe;Schiller;Mann;Hesse
Fácil;Ciencia;¿Cuál es el centro de un átomo?;Núcleo;Electrón;Órbita;Corteza
Medio;Historia;¿Qué país regaló la Estatua de la Libertad a EE. UU.?;Francia;Reino Unido;España;Italia
Duro;Geografía;¿Cuál es la capital de Kazajistán?;Astana;Almaty;Taskent;Biskek
Fácil;Cultura;¿Cuántos segundos tiene un minuto?;60;100;50;120
Medio;Cine;"¿Quién es el actor protagonista de ""Misión Imposible""?";Tom Cruise;Brad Pitt;Will Smith;Keanu Reeves
Fácil;Deportes;¿De qué color es la camiseta de la selección brasileña?;Amarillo;Azul;Verde;Rojo
Medio;Ciencia;¿Qué escala mide la magnitud de los terremotos?;Richter;Celsius;Kelvin;Newton
Duro;Arte;¿En qué año murió Salvador Dalí?;1989;1975;2001;1995
Fácil;Historia;¿Qué país lanzó la primera bomba atómica?;Estados Unidos;Alemania;Japón;Rusia
Medio;Geografía;¿Cuál es el estrecho que separa España de África?;Gibraltar;Bósforo;Magallanes;Ormuz
Duro;Ciencia;¿Cómo se llama la fobia a las arañas?;Aracnofobia;Acrofobia;Claustrofobia;Agorafobia
Fácil;Cultura;¿Cuál es el nombre del protagonista de Toy Story?;Woody;Buzz;Rex;Slinky
Fácil;Real Madrid;¿En qué año se fundó el Real Madrid?;1902;1900;1905;1899
Fácil;Real Madrid;¿Cuántas Champions League tiene el Real Madrid (a marzo 2026)?;15;13;14;10
Medio;Real Madrid;¿Quién es el máximo goleador histórico del club?;Cristiano Ronaldo;Karim Benzema;Raúl González;Alfredo Di Stéfano
Fácil;Real Madrid;¿Cómo se llama el estadio del Real Madrid?;Santiago Bernabéu;Wanda Metropolitano;Camp Nou;San Mamés
Medio;Real Madrid;¿Qué jugador tiene el récord de más Copas de Europa ganadas (6)?;Paco Gento;Luka Modric;Dani Carvajal;Nacho Fernández
Fácil;Real Madrid;¿Qué dorsal heredó Kylian Mbappé a su llegada al Real Madrid?;9;7;10;11
Medio;Real Madrid;"¿Quién marcó el gol de la victoria en la final de la ""Novena"" ante el Leverkusen?";Zinedine Zidane;Raúl González;Lúcio;Figo
Duro;Real Madrid;¿Quién fue el primer presidente oficial del club?;Juan Padrós;Julián Palacios;Santiago Bernabéu;Lorenzo Sanz
Fácil;Real Madrid;"¿A qué jugador se le conoce como ""La Saeta Rubia""?";Alfredo Di Stéfano;Ferenc Puskás;Raymond Kopa;Hugo Sánchez
Medio;Real Madrid;¿Quién era el entrenador en la etapa de las tres Champions consecutivas (2016-2018)?;Zinedine Zidane;Carlo Ancelotti;José Mourinho;Vicente del Bosque
Fácil;Real Madrid;¿Contra qué equipo ganó el Real Madrid su 15ª Champions?;Borussia Dortmund;Liverpool;Juventus;Manchester City
Medio;Real Madrid;¿Qué jugador ostenta el récord de más partidos oficiales jugados?;Raúl González;Iker Casillas;Manolo Sanchís;Sergio Ramos
Duro;Real Madrid;¿Cómo se llamaba el estadio antes de ser nombrado Santiago Bernabéu?;Nuevo Chamartín;O'Donnell;Velódromo de Ciudad Lineal;Viejo Chamartín
Fácil;Real Madrid;¿En qué país nació Luka Modric?;Croacia;Serbia;Eslovenia;Bosnia
Medio;Real Madrid;¿En qué minuto marcó Sergio Ramos el famoso gol de la Décima?;93;90;95;89
Duro;Real Madrid;¿Qué distinción otorgó la FIFA al club en el año 2000?;Mejor Club del Siglo XX;Club más laureado;Club Fair Play;Embajador del fútbol
Fácil;Real Madrid;¿Qué portero fue capitán y ganó el Mundial de 2010 siendo madridista?;Iker Casillas;Keylor Navas;Thibaut Courtois;Paco Buyo
Medio;Real Madrid;¿Quién es el entrenador con más títulos en la historia del club?;Carlo Ancelotti;Miguel Muñoz;Zinedine Zidane;Vicente del Bosque
Duro;Real Madrid;¿Quién marcó el primer gol en la historia del Real Madrid en Copa de Europa?;Miguel Muñoz;Alfredo Di Stéfano;Paco Gento;Héctor Rial
Fácil;Real Madrid;¿Cuál es el color principal de la primera equipación?;Blanco;Morado;Azul;Negro
Medio;Real Madrid;¿Cómo se conocía a la generación de Butragueño, Míchel, Sanchís, Martín Vázquez y Pardeza?;Quinta del Buitre;Galácticos;Yé-yés;Madrid de los García
Duro;Real Madrid;¿Cuántas Copas de Europa consecutivas ganó el Madrid en los años 50?;5;3;4;6
Fácil;Real Madrid;¿Qué jugador brasileño es famoso por su potente disparo de falta y el número 3?;Roberto Carlos;Marcelo;Casemiro;Vinícius Jr
Medio;Real Madrid;¿Qué ciudad alemana fue sede de la final de la Décima?;Lisboa;Múnich;Berlín;Hamburgo
Duro;Real Madrid;¿En qué año se inauguró el actual estadio Santiago Bernabéu?;1947;1950;1945;1955
Fácil;Real Madrid;¿De qué equipo procedía Jude Bellingham?;Borussia Dortmund;Birmingham City;Manchester City;Liverpool
Medio;Real Madrid;¿Quién es el jugador extranjero con más partidos en el club?;Karim Benzema;Roberto Carlos;Luka Modric;Marcelo
Duro;Real Madrid;"¿Quién compuso el himno de las ""Mocitas Madrileñas""?";Marino García;José de Aguilar;Plácido Domingo;RedOne
Fácil;Real Madrid;¿Quién lleva actualmente el dorsal 7 en el Real Madrid?;Vinícius Jr;Kylian Mbappé;Rodrygo;Bellingham
Medio;Real Madrid;¿Cuántas Intercontinentales/Mundiales de Clubes tiene el Madrid (aprox)?;8;5;10;3
Duro;Real Madrid;"¿Qué jugador apodado ""Cañoncito Pum"" formó una pareja letal con Di Stéfano?";Ferenc Puskás;Raymond Kopa;Gunter Netzer;Uli Stielike
Fácil;Real Madrid;¿En qué plaza celebra el Real Madrid sus títulos?;Cibeles;Neptuno;Puerta del Sol;Plaza Mayor
Medio;Real Madrid;¿Qué entrenador dirigió al equipo en la Octava y la Novena?;Vicente del Bosque;Jupp Heynckes;Guus Hiddink;Carlos Queiroz
Duro;Real Madrid;¿A qué equipo ganó el Madrid en la final de la Séptima (1998)?;Juventus;Milan;Ajax;Borussia Dortmund
Fácil;Real Madrid;¿Quién es el actual capitán del equipo (2025/2026)?;Luka Modric;Dani Carvajal;Lucas Vázquez;Fede Valverde
Medio;Real Madrid;¿Qué animal aparece representado en el escudo del Real Madrid?;Ninguno;León;Águila;Oso
Duro;Real Madrid;¿Cuál es el máximo de goles que anotó Cristiano Ronaldo en una sola Liga?;48;50;45;40
Fácil;Real Madrid;¿Cómo se llama el trofeo de la liga española?;LaLiga;Copa del Rey;Supercopa;Copa de la Liga
Medio;Real Madrid;"¿En qué década jugaron ""Los Yé-yés""?";Años 60;Años 50;Años 70;Años 80
Duro;Real Madrid;¿Cuál fue el primer nombre del club?;Madrid Foot-ball Club;Real Madrid CF;Madrid Sport;Sociedad Madrid
Fácil;Real Madrid;¿Qué posición ocupa Thibaut Courtois?;Portero;Defensa;Centrocampista;Delantero
Medio;Real Madrid;¿En qué ciudad se ganó la Duodécima ante la Juventus?;Cardiff;Milán;París;Kiev
Duro;Real Madrid;¿Quién fue el primer entrenador del Real Madrid?;Arthur Johnson;Leo Beenhakker;Luis Molowny;Vujadin Boskov
Fácil;Real Madrid;"¿Qué jugador uruguayo es apodado ""El Halcón""?";Fede Valverde;Darwin Núñez;Luis Suárez;Josema Giménez
Medio;Real Madrid;¿Cuál es la capacidad aproximada del Bernabéu tras su reforma?;85.000;70.000;100.000;95.000
Duro;Real Madrid;¿Qué jugador del Madrid ganó el Balón de Oro en 2018?;Luka Modric;Cristiano Ronaldo;Karim Benzema;Raphael Varane
Fácil;Real Madrid;¿De qué país es el delantero Rodrygo?;Brasil;Portugal;Colombia;Argentina
Medio;Real Madrid;¿A qué equipo venció el Madrid en la final de la Copa del Rey de 2023?;Osasuna;Athletic Club;Valencia;Betis
Duro;Real Madrid;¿Qué jugador ha dado más asistencias en la historia del club?;Karim Benzema;Míchel;Raúl González;Cristiano Ronaldo
Fácil;Real Madrid;¿Quién es el actual presidente del Real Madrid?;Florentino Pérez;Ramón Calderón;Vicente Boluda;Enrique Cerezo
Medio;Real Madrid;¿Quién marcó el gol de la victoria en la Octava?;Raúl González;Morientes;McManaman;Helguera
Duro;Real Madrid;¿Contra quién perdió el Real Madrid su última final de Copa de Europa (1981)?;Liverpool;Nottingham Forest;Hamburgo;Benfica
Fácil;Real Madrid;¿Cómo se llaman los aficionados del Real Madrid?;Madridistas;Merengues;Vikingos;Todas son correctas
Medio;Real Madrid;¿Qué dorsal llevó Zinedine Zidane en el Real Madrid?;5;10;21;7
Duro;Real Madrid;¿Quién ostenta el récord de más goles en una sola edición de Champions para el club?;Cristiano Ronaldo;Karim Benzema;Ferenc Puskás;Hugo Sánchez
Fácil;Real Madrid;¿Dónde se ubica la Ciudad Deportiva del Real Madrid?;Valdebebas;Las Rozas;Alcobendas;Leganés
Medio;Real Madrid;"¿Quién fue el técnico de ""La Décima""?";Carlo Ancelotti;José Mourinho;Fabio Capello;Manuel Pellegrini
Duro;Real Madrid;¿Cuántos goles marcó Hugo Sánchez en la liga 89/90 (todos al primer toque)?;38;40;35;42
Fácil;Real Madrid;¿Qué elemento tecnológico destaca en el nuevo Bernabéu?;Césped retráctil;Techo de cristal;Paredes LED;Pantallas en los asientos
Medio;Real Madrid;"¿En qué año recibió el club el título de ""Real"" de manos de Alfonso XIII?";1920;1902;1931;1910
Duro;Real Madrid;¿Quién es el jugador con más títulos de Liga ganados con el club?;Paco Gento;Pirri;Sanchís;Marcelo
Fácil;Real Madrid;¿Qué jugador francés ganó el Balón de Oro 2022 siendo madridista?;Karim Benzema;Kylian Mbappé;Antoine Griezmann;Eduardo Camavinga
Medio;Real Madrid;¿Cuál fue el resultado de la final de la Séptima?;1-0;2-1;3-0;2-0
Duro;Real Madrid;¿Qué entrenador ganó dos ligas en dos etapas distintas siendo destituido tras ganarlas?;Fabio Capello;Jupp Heynckes;Leo Beenhakker;Bernd Schuster
Fácil;Real Madrid;¿Cómo apodan a Vinícius Júnior?;Vini;El Bicho;El Rayo;Magic Vini
Medio;Real Madrid;¿Qué marca deportiva viste actualmente al Real Madrid?;Adidas;Nike;Puma;New Balance
Duro;Real Madrid;¿Quién marcó el gol 1000 en competiciones europeas para el Madrid?;Cristiano Ronaldo;Karim Benzema;David Beckham;Bale
Fácil;Real Madrid;¿Cuántas Champions ganó el Madrid con Cristiano Ronaldo?;4;3;5;2
Medio;Real Madrid;¿En qué posición jugaba Fernando Hierro?;Defensa;Delantero;Portero;Extremo
Duro;Real Madrid;¿En qué año ganó el Madrid su primera Copa de la UEFA?;1985;1980;1990;1975
Fácil;Real Madrid;¿Cuál es el lema o grito de guerra del club?;Hala Madrid;Aupa Madrid;Visca Madrid;Forza Madrid
Medio;Real Madrid;¿En qué famosa calle de Madrid está el estadio?;Paseo de la Castellana;Gran Vía;Alcalá;Princesa
Duro;Real Madrid;"¿Qué jugador del Madrid era conocido como ""El Buitre""?";Emilio Butragueño;Míchel;Manolo Sanchís;Hugo Sánchez
Fácil;Real Madrid;¿Qué portero belga fue el MVP de la final de la 14ª?;Thibaut Courtois;Andriy Lunin;Kepa;Keylor Navas
Medio;Real Madrid;¿A qué equipo ganó el Madrid la final de la 13ª en Kiev?;Liverpool;Juventus;Atletico de Madrid;Bayern
Duro;Real Madrid;¿Qué jugador marcó 4 goles en la final de la 5ª ante el Eintracht?;Puskás;Di Stéfano;Gento;Del Sol
Fácil;Real Madrid;¿De qué país es Eduardo Camavinga?;Francia;Angola;Congo;Bélgica
Medio;Real Madrid;¿Cómo se llama la sección de baloncesto del Real Madrid?;Real Madrid Baloncesto;Madrid Basket;Real Basket;Los Galácticos del Basket
Duro;Real Madrid;¿Quién fue el capitán en la final de la Séptima?;Manolo Sanchís;Fernando Hierro;Raúl González;Fernando Redondo
Fácil;Real Madrid;¿Qué color secundario suele tener el escudo además del blanco y dorado?;Morado;Rojo;Verde;Naranja
Medio;Real Madrid;¿Cuántas Ligas tiene el Madrid (aprox. a marzo 2026)?;36;34;30;40
Duro;Real Madrid;¿Quién dirigió al Madrid en la final de la Sexta (1966)?;Miguel Muñoz;Luis Carniglia;José Villalonga;Enrique Fernández
Fácil;Real Madrid;¿Quién es el jugador alemán que se retiró tras la Euro 2024 siendo leyenda blanca?;Toni Kroos;Mesut Özil;Sami Khedira;Antonio Rüdiger
Medio;Real Madrid;¿Qué dorsal llevó David Beckham?;23;7;10;5
Duro;Real Madrid;¿A qué equipo derrotó el Madrid en la final de la Duodécima?;Juventus;Liverpool;Atlético;Dortmund
Fácil;Real Madrid;¿Cómo se llama el himno del centenario?;Hala Madrid y nada más;Himno de las mocitas;Real Madrid Campeón;Blanco Corazón
Medio;Real Madrid;¿Quién fue el presidente entre las dos etapas de Florentino Pérez?;Ramón Calderón;Lorenzo Sanz;Luis de Carlos;Fernando Martín
Duro;Real Madrid;"¿Qué jugador apodado ""El Sabio de Hortaleza"" nunca jugó en el Madrid?";Luis Aragonés;Pirri;Santillana;Amancio
Fácil;Real Madrid;¿Cuántas Champions ganó Zidane como jugador del Madrid?;1;2;3;0
Medio;Real Madrid;¿Cómo se llama el pabellón donde juega el equipo de baloncesto?;WiZink Center;Raimundo Saporta;Caja Mágica;Palacio de Cristal
Duro;Real Madrid;¿Qué jugador marcó el primer gol oficial en el Nuevo Chamartín?;Barinaga;Pahiño;Molowny;Chus Alonso
Fácil;Real Madrid;¿Qué defensa alemán destaca por su contundencia y carisma actualmente?;Antonio Rüdiger;Mats Hummels;Niklas Süle;Joshua Kimmich
Medio;Real Madrid;¿Quién marcó los dos goles en la final de la Supercopa de Europa 2014?;Cristiano Ronaldo;Gareth Bale;James Rodríguez;Benzema
Duro;Real Madrid;¿Quién marcó el gol de la victoria en la final de la Sexta?;Serena;Amancio;Pirri;Gento
Fácil;Real Madrid;¿Cuál es el apodo del equipo por vestir todo de blanco?;Merengues;Colchoneros;Culés;Pericos
Medio;Real Madrid;¿De qué equipo fichó el Madrid a Sergio Ramos?;Sevilla FC;Betis;Málaga;Cádiz CF
Duro;Real Madrid;¿Qué jugador del Madrid tiene el récord de goles en un solo partido de Liga (5)?;Cristiano Ronaldo;Puskás;Pahiño;Todos han hecho 5
Fácil;Real Madrid;¿En qué ciudad se ganó la Decimocuarta?;París;Londres;Roma;Madrid
Medio;Real Madrid;¿Quién es el máximo asistente histórico de la Champions League?;Cristiano Ronaldo;Lionel Messi;Ryan Giggs;Ángel Di María
Duro;Real Madrid;¿Cuántos socios fundadores tuvo el Madrid Foot-ball Club?;Dato no exacto;50;10;100
Fácil;Real Madrid;¿Qué ex-jugador y leyenda es el actual Presidente de Honor?;Pirri;Paco Gento;Amancio Amaro;Alfredo Di Stéfano
Fácil;Real Madrid;¿En qué equipo jugaba Jude Bellingham antes del Dortmund?;Birmingham City;Leicester City;Chelsea;Arsenal
Medio;Real Madrid;¿Quién marcó el gol que dio la Séptima tras 32 años de espera?;Pedja Mijatovic;Davor Suker;Raúl González;Fernando Hierro
Duro;Real Madrid;¿Quién es el jugador con más partidos en la sección de baloncesto?;Sergio Llull;Felipe Reyes;Rudy Fernández;Juan Carlos Navarro
Fácil;Real Madrid;¿Cómo se conoce popularmente al trofeo de la Champions League?;La Orejona;La Copa;La Plateada;La Gran Copa
Medio;Real Madrid;"¿Qué jugador brasileño era conocido como ""La Bestia"" en el Madrid?";Julio Baptista;Robinho;Ronaldo;Emerson
Duro;Real Madrid;"¿Quién era el presidente durante la etapa de ""La Quinta del Buitre""?";Ramón Mendoza;Lorenzo Sanz;Luis de Carlos;Florentino Pérez
Fácil;Real Madrid;¿Cuál es el nombre de la mascota oficial del Real Madrid?;No tiene;Berni;Madri;Vikingo
Medio;Real Madrid;¿Qué mítico 7 llevó el brazalete antes que Raúl?;Emilio Butragueño;Juanito;Amancio;Joseíto
Duro;Real Madrid;¿En qué año se instaló el primer sistema de iluminación en Chamartín?;1951;1947;1960;1955
Fácil;Real Madrid;¿Cómo se llamaba el club antes de ser absorbido como Real Madrid Femenino?;CD Tacón;Madrid CFF;Rayo Vallecano;Las Rozas Femenino
Medio;Real Madrid;¿Quién fue el primer galáctico fichado por Florentino Pérez en el 2000?;Luis Figo;Zinedine Zidane;Ronaldo;David Beckham
Duro;Real Madrid;¿Qué jugador del Madrid marcó el gol 4000 en la historia de la Liga?;Iván Zamorano;Raúl González;Guti;Fernando Morientes
Fácil;Real Madrid;¿De qué país es el centrocampista Fede Valverde?;Uruguay;Argentina;Chile;Paraguay
Medio;Real Madrid;¿Quién era el entrenador del Real Madrid de baloncesto durante la racha de títulos de los 2010?;Pablo Laso;Zeljko Obradovic;Ettore Messina;Chus Mateo
Duro;Real Madrid;¿Qué jugador del Madrid ganó el Trofeo Zamora en 5 ocasiones?;Antoni Ramallets;Paco Buyo;Juanito Alonso;Vicente Train
Fácil;Real Madrid;"¿A qué ciudad pertenece el equipo con el que el Madrid juega ""El Clásico""?";Barcelona;Valencia;Sevilla;Bilbao
Medio;Real Madrid;¿En qué año se retiró oficialmente Toni Kroos del Real Madrid?;2024;2023;2025;2022
Duro;Real Madrid;¿A qué equipo ganó el Real Madrid la final de la Copa de la UEFA 1986?;Colonia;Videoton;Inter de Milán;Borussia M.
Fácil;Real Madrid;¿Cómo se llama el campo donde juega el filial, el Castilla?;Alfredo Di Stéfano;Santiago Bernabéu;Ciudad Real Madrid;Valdebebas Arena
Medio;Real Madrid;¿Quién marcó el gol de chilena contra la Juventus en 2018?;Cristiano Ronaldo;Gareth Bale;Sergio Ramos;Marcelo
Duro;Real Madrid;"¿Qué jugador inglés apodado ""Golden Boy"" jugó en el Madrid?";Michael Owen;Steve McManaman;David Beckham;Laurie Cunningham
Fácil;Real Madrid;¿Qué posición ocupa el jugador Antonio Rüdiger?;Defensa;Portero;Centrocampista;Delantero
Medio;Real Madrid;¿Cómo se llamaba la competición predecesora de la Champions que ganó el Madrid?;Copa Latina;Copa de Ferias;Recopa de Europa;Copa de los Pirineos
Duro;Real Madrid;¿Cuántas Euroligas tiene la sección de baloncesto (a inicios de 2026)?;11;10;12;9
Fácil;Real Madrid;¿De qué país es el joven talento Arda Güler?;Turquía;Grecia;Alemania;Croacia
Medio;Real Madrid;¿Quién marcó el gol de la victoria en la final de la 14ª contra el Liverpool?;Vinícius Jr;Karim Benzema;Rodrygo;Casemiro
Duro;Real Madrid;¿Qué portero ostenta el récord de más minutos imbatido en el club?;Iker Casillas;Keylor Navas;Thibaut Courtois;Paco Buyo
Fácil;Real Madrid;"¿Contra qué equipo disputa el Real Madrid el ""Derbi Madrileño""?";Atlético de Madrid;Getafe;Rayo Vallecano;Leganés
Medio;Real Madrid;¿Qué dorsal llevó el delantero portugués Cristiano Ronaldo en su primera temporada?;9;7;17;10
Duro;Real Madrid;¿Quién fue el primer jugador en marcar en el Estadio Santiago Bernabéu?;Barinaga;Molowny;Pahiño;Pruden
Fácil;Real Madrid;¿Cómo se llama la competición de eliminatorias en España?;Copa del Rey;LaLiga;Supercopa;Copa de la Reina
Medio;Real Madrid;¿En qué equipo jugaba Luka Modric antes de fichar por el Madrid?;Tottenham;Dinamo Zagreb;Chelsea;Arsenal
Duro;Real Madrid;¿Qué jugador fue el primer Pichichi de la historia del Real Madrid?;Manuel Olivares;Pahiño;Di Stéfano;Gaspar Rubio
Fácil;Real Madrid;¿De qué nacionalidad es Carlo Ancelotti?;Italiana;Española;Francesa;Alemana
Medio;Real Madrid;"¿En qué ciudad se ganó la final de la ""Décima""?";Lisboa;Cardiff;Milán;Madrid
Duro;Real Madrid;"¿Qué defensa central era conocido como ""El Mariscal""?";Fernando Hierro;Santamaría;Pepe;Sergio Ramos
Fácil;Real Madrid;¿Qué jugador brasileño lleva el número 11 actualmente?;Rodrygo;Vinícius;Endrick;Militao
Medio;Real Madrid;¿En qué equipo de la NBA juega actualmente la leyenda blanca Luka Doncic?;Dallas Mavericks;Real Madrid;Lakers;Warriors
Duro;Real Madrid;¿En qué año se celebró el Centenario del club?;2002;2000;2005;1998
Fácil;Real Madrid;¿Qué trofeo ganó el Madrid en 2024 tras vencer al Borussia Dortmund?;Champions League;LaLiga;Copa del Rey;Supercopa
Medio;Real Madrid;¿Quién es el jugador con más tarjetas rojas en la historia del club?;Sergio Ramos;Pepe;Fernando Hierro;Guti
Duro;Real Madrid;¿Cuál es el máximo de goles que marcó Ferenc Puskás en un partido oficial?;6;5;4;7
Fácil;Real Madrid;¿Cómo se llama el portero suplente que brilló en la temporada 23/24?;Andriy Lunin;Kepa Arrizabalaga;Courtois;Diego López
Medio;Real Madrid;"¿Quién fue el ""7"" del Madrid justo antes de Cristiano Ronaldo?";Raúl González;Butragueño;Juanito;Amancio
Duro;Real Madrid;¿Contra qué equipo se perdió la final de la Copa de Europa de 1962?;Benfica;Inter de Milán;Ajax;Milan
Fácil;Real Madrid;¿En qué barrio de Madrid se encuentra el Santiago Bernabéu?;Chamartín;Salamanca;Retiro;Chamberí
Medio;Real Madrid;¿Quién marcó el gol de la victoria en la final del Mundial de Clubes 2017?;Cristiano Ronaldo;Modric;Benzema;Bale
Duro;Real Madrid;¿Quién es el máximo anotador histórico del Real Madrid Baloncesto?;Sergio Llull;Jaycee Carroll;Wayne Brabender;Felipe Reyes
Fácil;Real Madrid;¿Qué apodo recibe el portero Thibaut Courtois?;La Jirafa;El Muro;Tibo;El Pulpo
Medio;Real Madrid;¿Cuántas Supercopas de Europa tiene el club (aprox. 2026)?;6;4;2;8
Duro;Real Madrid;"¿Qué jugador del Madrid era conocido como ""El Sabio de la bota de seda""?";Manuel Velázquez;Pirri;Zoco;Gento
Fácil;Real Madrid;¿De qué país es el defensor David Alaba?;Austria;Alemania;Suiza;Polonia
Medio;Real Madrid;¿Quién marcó el gol de la victoria en la final de la Copa del Rey 2011?;Cristiano Ronaldo;Di María;Adebayor;Özil
Duro;Real Madrid;¿Cuál fue el primer fichaje de la segunda etapa de Florentino Pérez?;Kaká;Cristiano Ronaldo;Benzema;Albiol
Fácil;Real Madrid;¿Qué famoso cantante español fue portero de las categorías inferiores?;Julio Iglesias;Alejandro Sanz;David Bisbal;Enrique Iglesias
Medio;Real Madrid;¿En qué año ganó el Madrid su primer título de Liga?;1932;1929;1935;1940
Duro;Real Madrid;"¿Qué jugador era apodado ""El Siete Pulmones""?";Pirri;Gento;Zoco;Camacho
Fácil;Real Madrid;¿Cómo se llama el delantero centro brasileño que llegó en 2024?;Endrick;Vitor Roque;Gabriel Jesus;Richarlison
Medio;Real Madrid;¿Cómo se llama el museo que está dentro del estadio?;Tour Bernabéu;Museo Real;Exposición Blanca;Sala de Trofeos
Duro;Real Madrid;¿Qué jugador blanco tiene el récord de triples en un partido de ACB?;Jacob Pullen;Sergio Llull;Jaycee Carroll;Alberto Herreros
Fácil;Real Madrid;¿Qué competición ganó el Madrid en Wembley en 2024?;Champions League;Supercopa;Mundialito;Eurocopa
Medio;Real Madrid;¿Quién fue el capitán que levantó la Duodécima y la Decimotercera?;Sergio Ramos;Iker Casillas;Marcelo;Raúl
Duro;Real Madrid;¿Quién fue el arquitecto del Estadio Santiago Bernabéu?;Manuel Muñoz Monasterio;Rafael Moneo;Norman Foster;Santiago Calatrava
Fácil;Real Madrid;¿Qué centrocampista francés lleva el número 8 tras Kroos?;Fede Valverde;Camavinga;Tchouaméni;Mbappé
Medio;Real Madrid;¿A qué equipo ganó el Madrid la final de la Undécima en Milán?;Atlético de Madrid;Juventus;Liverpool;Bayern
Duro;Real Madrid;"¿Qué jugador fue el máximo goleador de la ""Quinta del Buitre""?";Hugo Sánchez;Emilio Butragueño;Míchel;Martín Vázquez
Fácil;Real Madrid;¿De qué equipo llegó el portero Thibaut Courtois?;Chelsea;Atlético de Madrid;Genk;Liverpool
Medio;Real Madrid;¿Cuál es el nombre de la calle que cruza con el lateral del estadio?;Padre Damián;Serrano;Castellana;Goya
Duro;Real Madrid;¿En qué año se fundó la sección de baloncesto del Real Madrid?;1931;1902;1945;1952
Fácil;Real Madrid;¿Quién lleva el número 10 en el Real Madrid (2025/2026)?;Luka Modric;Mbappé;Bellingham;Arda Güler
Medio;Real Madrid;¿Cuántas Copas del Rey ha ganado el club aproximadamente?;20;30;15;10
Duro;Real Madrid;¿Qué jugador marcó el primer gol del Madrid en el nuevo Bernabéu reformado?;Jude Bellingham;Joselu;Vinícius Jr;Rodrygo
Fácil;Real Madrid;¿De qué país es Aurélien Tchouaméni?;Francia;Bélgica;Senegal;Camerún
Medio;Real Madrid;¿Contra quién jugó el Madrid la final de la Novena?;Bayer Leverkusen;Borussia Dortmund;Bayern Múnich;Schalke 04
Duro;Real Madrid;"¿Quién era conocido como ""El Gran Capitán"" en los años 80?";Manolo Sanchís;Pirri;Juanito;Camacho
Fácil;Real Madrid;¿Qué color tiene la bandera que ondea en la esquina del campo?;No hay bandera;Blanca;Violeta;Amarilla
Medio;Real Madrid;¿Quién es el jugador con más asistencias de la historia del club?;Karim Benzema;Cristiano Ronaldo;Míchel;Mesut Özil
Duro;Real Madrid;¿Qué competición internacional ganó el Madrid en 1960?;Copa Intercontinental;Champions;Copa Latina;Supercopa
Fácil;Real Madrid;¿Qué premio individual ganó Karim Benzema en 2022?;Balón de Oro;The Best;Bota de Oro;Golden Boy
Medio;Real Madrid;¿Quién marcó el gol de la victoria en la Supercopa de Europa 2024?;Kylian Mbappé;Vinícius Jr;Bellingham;Rodrygo
Duro;Real Madrid;¿Quién es el jugador con más títulos en la historia del Real Madrid Baloncesto?;Sergio Llull;Felipe Reyes;Clifford Luyk;Rudy Fernández
Fácil;Real Madrid;¿Qué se puede hacer con el césped del nuevo Bernabéu?;Guardarlo bajo tierra;Cambiarlo de color;Venderlo;Quitarlo para siempre
Medio;Real Madrid;¿Quién era el portero titular en la final de la Octava?;Iker Casillas;Bodo Illgner;César Sánchez;Paco Buyo
Duro;Real Madrid;¿Qué jugador del Madrid marcó 5 goles en una final de Copa de Europa?;Nadie (el récord es 4);Puskás;Di Stéfano;Gento
Fácil;Real Madrid;¿Qué apodo tiene el defensa central Éder Militão?;Mili;El General;La Roca;El Kaiser
Medio;Real Madrid;¿A qué equipo venció el Madrid en la final de la Copa del Rey de 2014?;FC Barcelona;Atlético de Madrid;Sevilla;Athletic
Duro;Real Madrid;¿Qué jugador inglés marcó en la final de la Octava (2000)?;Steve McManaman;Michael Owen;David Beckham;Laurie Cunningham
Fácil;Real Madrid;¿De qué país es el lateral Fran García?;España;Portugal;Francia;Italia
Medio;Real Madrid;"¿Quién era el compañero de ataque de Raúl en la ""Novena""?";Fernando Morientes;Ronaldo;Anelka;Mijatovic
Duro;Real Madrid;¿En qué año dejó de ser obligatorio el color morado en la banda del escudo?;No ha dejado;1931;1998;1941
Fácil;Real Madrid;¿Qué competición nacional ganó el Madrid en mayo de 2024?;LaLiga;Copa del Rey;Supercopa;Copa de la Liga
Medio;Real Madrid;¿Quién es el jugador que más veces ha ganado la Champions (6 títulos)?;Paco Gento;Luka Modric;Carvajal;Todos estos
Duro;Real Madrid;¿Quién fue el primer jugador negro en vestir la camiseta del Madrid?;Laurie Cunningham;Makelele;Seedorf;Eto'o
Fácil;Real Madrid;¿Qué número lleva el lateral derecho Dani Carvajal?;2;5;15;20
Medio;Real Madrid;"¿Qué jugador es famoso por sus ""mandarinas"" (triples imposibles)?";Sergio Llull;Rudy Fernández;Chacho Rodríguez;Facu Campazzo
Duro;Real Madrid;¿Quién fue el entrenador del Madrid en la final de la Séptima?;Jupp Heynckes;Vicente del Bosque;Fabio Capello;John Toshack
Fácil;Real Madrid;¿Quién es el entrenador de porteros histórico del primer equipo?;Luis Llopis;Xabi Alonso;Iker Casillas;Raúl
Medio;Real Madrid;¿En qué equipo jugaba Mesut Özil antes de fichar por el Madrid?;Werder Bremen;Schalke 04;Arsenal;Bayern
Duro;Real Madrid;¿Cuántas veces ha ganado el Madrid el trofeo al Mejor Club del Siglo XX?;1;2;0;3
Fácil;Real Madrid;¿Cómo se llama la zona donde se sitúan los aficionados más ruidosos?;Grada de Animación;Fondo Norte;Tribuna;Palco
Fácil;Geografía España;¿Cuál es la capital de España?;Madrid;Barcelona;Sevilla;Valencia
Fácil;Geografía España;¿Cuál es el pico más alto de toda España?;Teide;Mulhacén;Aneto;Veleta
Medio;Geografía España;¿Cuál es el pico más alto de la Península Ibérica?;Mulhacén;Teide;Aneto;Pico de los Cabrones
Fácil;Geografía España;¿Cuál es el río más largo que transcurre íntegramente por España?;Ebro;Tajo;Guadalquivir;Duero
Medio;Geografía España;¿Cuál es el río más largo de la Península Ibérica?;Tajo;Ebro;Duero;Guadiana
Fácil;Geografía España;¿En qué archipiélago se encuentra la isla de Mallorca?;Baleares;Canarias;Azores;Cíes
Medio;Geografía España;¿Cuál es la isla más grande de las Islas Canarias?;Tenerife;Gran Canaria;Fuerteventura;Lanzarote
Fácil;Geografía España;¿Cómo se llama la comunidad autónoma cuya capital es Sevilla?;Andalucía;Extremadura;Murcia;Castilla-La Mancha
Medio;Geografía España;¿Cuál es la única provincia de España que tiene nombre de río?;La Rioja;Guadalajara;Alicante;Castellón
Duro;Geografía España;¿En qué provincia se encuentra el pico Almanzor?;Ávila;Segovia;Madrid;Cáceres
Fácil;Geografía España;¿Con qué país limita España al oeste?;Portugal;Francia;Andorra;Marruecos
Medio;Geografía España;¿A qué comunidad autónoma pertenecen las Islas Cíes?;Galicia;Asturias;Cantabria;País Vasco
Fácil;Geografía España;¿Cuál es la capital de la comunidad autónoma de Cataluña?;Barcelona;Tarragona;Gerona;Lérida
Medio;Geografía España;¿En qué comunidad autónoma nace el río Ebro?;Cantabria;La Rioja;Aragón;Navarra
Duro;Geografía España;¿Cuál es la provincia más extensa de España?;Badajoz;Cáceres;Ciudad Real;Teruel
Fácil;Geografía España;¿Cuál es la capital de la isla de Menorca?;Mahón;Palma;Ibiza;Ciutadella
Medio;Geografía España;¿Cómo se llama la cordillera que separa España de Francia?;Pirineos;Sistema Central;Serranía de Cuenca;Picos de Europa
Duro;Geografía España;¿Cuál es el punto más septentrional (al norte) de la España peninsular?;Estaca de Bares;Cabo de Gata;Cabo de Creus;Cabo Touriñán
Fácil;Geografía España;¿Cuál es la capital de la Comunidad Valenciana?;Valencia;Alicante;Castellón;Elche
Medio;Geografía España;¿Qué río pasa por la ciudad de Toledo?;Tajo;Ebro;Duero;Júcar
Duro;Geografía España;¿Cuál es el lago de origen glaciar más grande de la Península Ibérica?;Lago de Sanabria;Lagos de Covadonga;Laguna Negra;Banyoles
Fácil;Geografía España;¿Cuál de estas ciudades es una Ciudad Autónoma?;Ceuta;Almería;Algeciras;Cartagena
Medio;Geografía España;¿Cuál es la capital de Extremadura?;Mérida;Badajoz;Cáceres;Trujillo
Duro;Geografía España;¿Cuál es el principal afluente del río Ebro por su margen izquierda?;Segre;Jalón;Gallego;Aragón
Fácil;Geografía España;¿En qué provincia se encuentran los Picos de Europa?;Asturias;León;Cantabria;Todas son correctas
Medio;Geografía España;¿Cuántas comunidades autónomas tiene España?;17;15;19;50
Duro;Geografía España;¿Cuál es la provincia menos poblada de España?;Soria;Teruel;Guadalajara;Cuenca
Fácil;Geografía España;¿Qué mar baña la costa este de España?;Mediterráneo;Cantábrico;Atlántico;Rojo
Medio;Geografía España;¿En qué zona de España es predominante el clima oceánico?;Norte;Sur;Centro;Este
Duro;Geografía España;¿Cuál es la capital de la provincia de Álava?;Vitoria;Bilbao;San Sebastián;Pamplona
Fácil;Geografía España;¿Con qué país limita España al sur por tierra?;Gibraltar;Argelia;Portugal;Francia
Medio;Geografía España;¿Qué río divide a España de Portugal en su tramo final por el sur?;Guadiana;Tajo;Duero;Miño
Duro;Geografía España;¿Cuál es el nombre del desierto situado en Almería?;Tabernas;Monegros;Bárdenas Reales;Sáhara
Fácil;Geografía España;¿A qué isla pertenece el Parque Nacional de Timanfaya?;Lanzarote;Tenerife;La Palma;El Hierro
Medio;Geografía España;¿Cuántas provincias componen la comunidad de Aragón?;3;1;2;4
Duro;Geografía España;¿En qué provincia se encuentra el Cabo de Gata?;Almería;Murcia;Alicante;Málaga
Fácil;Geografía España;¿Cuál es la capital de Galicia?;Santiago de Compostela;A Coruña;Vigo;Lugo
Medio;Geografía España;¿Por qué provincia NO pasa el río Duero?;Palencia;Soria;Zamora;Valladolid
Duro;Geografía España;¿Qué cordillera se encuentra entre las provincias de Jaén y Granada?;Sierra Mágina;Sierra Morena;Sierra de Gredos;Sierra de Tramuntana
Fácil;Geografía España;¿Cuál es la capital de la isla de Ibiza?;Ibiza;San Antonio;Santa Eulalia;Palma
Medio;Geografía España;¿Cuál es la comunidad autónoma más extensa de España?;Castilla y León;Andalucía;Castilla-La Mancha;Aragón
Duro;Geografía España;"¿Qué río forma las famosas ""Arribes"" en la frontera con Portugal?";Duero;Miño;Tajo;Guadiana
Fácil;Geografía España;¿Cuál es la capital de la comunidad de Cantabria?;Santander;Laredo;Torrelavega;Potes
Medio;Geografía España;¿A qué provincia pertenecen las ciudades de Úbeda y Baeza?;Jaén;Córdoba;Granada;Sevilla
Duro;Geografía España;¿Qué municipio español es un enclave dentro de Francia?;Llivia;Petilla de Aragón;Treviño;Orduña
Fácil;Geografía España;¿Cómo se llama la costa de la provincia de Málaga?;Costa del Sol;Costa Brava;Costa Blanca;Costa de la Luz
Medio;Geografía España;¿Qué sistema montañoso atraviesa el centro de la península?;Sistema Central;Sistema Ibérico;Cordillera Penibética;Macizo Galaico
Duro;Geografía España;¿Cuál es la única comunidad autónoma uniprovincial que no es capital de provincia?;Murcia;Asturias;Navarra;La Rioja
Fácil;Geografía España;¿Qué río pasa por debajo del Puente Romano de Córdoba?;Guadalquivir;Guadiana;Genil;Odiel
Medio;Geografía España;¿Cuál es la isla más pequeña de las Baleares?;Formentera;Menorca;Cabrera;Dragonera
Duro;Geografía España;¿Cómo se llama el punto más alto del Sistema Central?;Pico Almanzor;Peñalara;Moncayo;Teleno
Fácil;Geografía España;¿En qué comunidad autónoma se encuentra el Monasterio de El Escorial?;Madrid;Castilla y León;Castilla-La Mancha;Aragón
Medio;Geografía España;¿En qué ciudad desemboca el río Guadalquivir?;Sanlúcar de Barrameda;Huelva;Cádiz;Sevilla
Duro;Geografía España;¿En qué provincia se encuentra la comarca de El Bierzo?;León;Ourense;Lugo;Zamora
Fácil;Geografía España;¿En qué sistema montañoso se encuentra la estación de esquí de Sierra Nevada?;Sistemas Béticos;Pirineos;Sistema Central;Picos de Europa
Medio;Geografía España;¿Cuál es la capital de Castilla-La Mancha?;Toledo;Ciudad Real;Albacete;Cuenca
Duro;Geografía España;¿Qué estrecho separa España de África?;Estrecho de Gibraltar;Estrecho de Magallanes;Estrecho de Ormuz;Estrecho de Bering
Fácil;Geografía España;¿Cuál es la lengua oficial en todo el territorio español?;Castellano;Catalán;Gallego;Euskera
Medio;Geografía España;"¿Qué isla canaria es conocida como ""La Isla Bonita""?";La Palma;La Gomera;El Hierro;Tenerife
Duro;Geografía España;¿Qué río nace en la Sierra de Albarracín?;Tajo;Ebro;Júcar;Segura
Fácil;Geografía España;¿Cuál es la capital de la Región de Murcia?;Murcia;Cartagena;Lorca;Yecla
Medio;Geografía España;¿A qué provincia pertenece la ciudad de Gijón?;Asturias;Cantabria;Lugo;A Coruña
Duro;Geografía España;¿Cuál es el pico más alto del Sistema Ibérico?;Moncayo;Urbión;San Lorenzo;Javalambre
Fácil;Geografía España;¿Qué río pasa por la ciudad de Zaragoza?;Ebro;Duero;Tajo;Segura
Medio;Geografía España;¿Cuántas provincias tiene la Comunidad de Madrid?;1;2;3;5
Duro;Geografía España;¿Qué cabo español es el punto más occidental de la península?;Cabo Touriñán;Cabo de Gata;Cabo de San Vicente;Cabo Finisterre
Fácil;Geografía España;¿Cuál es la capital del País Vasco?;Vitoria;Bilbao;San Sebastián;Éibar
Medio;Geografía España;¿Qué río atraviesa la ciudad de Salamanca?;Tormes;Duero;Tajo;Esgueva
Duro;Geografía España;¿En qué provincia se encuentra la ciudad de Antequera?;Málaga;Sevilla;Córdoba;Granada
Fácil;Geografía España;¿Cuál es el pico más alto de los Pirineos?;Aneto;Monte Perdido;Posets;Vignemale
Medio;Geografía España;¿Cuál es la segunda ciudad más poblada de España?;Barcelona;Valencia;Sevilla;Zaragoza
Duro;Geografía España;¿Qué isla es la más occidental de las Canarias?;El Hierro;La Palma;La Gomera;Tenerife
Fácil;Geografía España;¿Cuál es la capital de Asturias?;Oviedo;Gijón;Avilés;Llanes
Medio;Geografía España;¿En qué mar desemboca el río Júcar?;Mediterráneo;Cantábrico;Atlántico;Mar Menor
Duro;Geografía España;¿Cómo se llama el macizo montañoso de la provincia de Orense?;Macizo de Maceda;Sierra del Xurés;Sierra de Queixa;Sierra de Meira
Fácil;Geografía España;¿Cómo se llama la mayor llanura del centro de España?;Meseta Central;Depresión del Ebro;Vega del Segura;Altiplano
Medio;Geografía España;¿En qué isla se encuentra el Parque Nacional de Garajonay?;La Gomera;La Palma;Tenerife;Fuerteventura
Duro;Geografía España;¿Qué provincia limita al norte con Valladolid y al sur con Madrid?;Segovia;Ávila;Guadalajara;Toledo
Fácil;Geografía España;¿Cuál es el gentilicio de los habitantes de Cádiz?;Gaditanos;Cadicenses;Onubenses;Malagueños
Medio;Geografía España;¿Qué río pasa por la ciudad de Murcia?;Segura;Júcar;Turia;Mundo
Duro;Geografía España;¿En qué provincia se sitúa el Parque Nacional de Cabañeros?;Ciudad Real;Cáceres;Badajoz;Toledo
Fácil;Geografía España;¿A qué país pertenece la ciudad de Melilla?;España;Marruecos;Argelia;Tunicia
Medio;Geografía España;¿En qué provincia se encuentra el Montserrat?;Barcelona;Girona;Lleida;Tarragona
Duro;Geografía España;¿Qué río atraviesa la ciudad de Logroño?;Ebro;Arlanzón;Cea;Najerilla
Fácil;Geografía España;¿Cuál es la capital de la provincia de Málaga?;Málaga;Marbella;Ronda;Nerja
Medio;Geografía España;¿Cómo se llama la costa de la provincia de Girona?;Costa Brava;Costa Dorada;Costa Blanca;Costa Verde
Duro;Geografía España;¿Con cuántas provincias limita la Comunidad de Madrid?;5;4;3;2
Fácil;Geografía España;¿Qué río pasa por la ciudad de Sevilla?;Guadalquivir;Guadiana;Genil;Tinto
Medio;Geografía España;¿Cuál es la capital de la isla de La Palma?;Santa Cruz de la Palma;Los Llanos;Breña Alta;Fuencaliente
Duro;Geografía España;¿Qué provincia española tiene la mayor producción de aceite de oliva?;Jaén;Córdoba;Sevilla;Ciudad Real
Fácil;Geografía España;¿Cuál es la capital de la Comunidad Foral de Navarra?;Pamplona;Tudela;Estella;Sangüesa
Medio;Geografía España;¿Cómo se llaman las montañas del noroeste peninsular?;Macizo Galaico;Cordillera Cantábrica;Sistema Ibérico;Montes de León
Duro;Geografía España;¿Cuál es el río más caudaloso de España?;Ebro;Tajo;Guadalquivir;Duero
Fácil;Geografía España;¿Cuál es la capital de La Rioja?;Logroño;Calahorra;Haro;Nájera
Medio;Geografía España;¿En qué provincia se encuentra el Valle de Arán?;Lleida;Huesca;Girona;Barcelona
Duro;Geografía España;¿Qué pico es el más alto de la Cordillera Cantábrica?;Torre Cerredo;Naranjo de Bulnes;Peña Prieta;Espigüete
Fácil;Geografía España;¿Cuál es el océano que baña las Islas Canarias?;Atlántico;Pacífico;Índico;Ártico
Medio;Geografía España;¿Cuál es la capital de la provincia de Huelva?;Huelva;Moguer;Palos de la Frontera;Ayamonte
Duro;Geografía España;¿A qué municipio pertenece la isla de Cabrera?;Palma de Mallorca;Felanitx;Llucmajor;Santanyí
Fácil;Geografía España;¿Qué moneda se utiliza en España?;Euro;Peseta;Dólar;Libra
Fácil;Mitos Urbanos;¿Qué porcentaje del cerebro humano usamos realmente?;Casi el 100%;El 10%;El 50%;El 25%
Medio;Mitos Urbanos;¿De qué color ven realmente los toros el capote?;Blanco y negro;Rojo;Verde;Azul
Duro;Mitos Urbanos;¿Tenían realmente los cascos vikingos cuernos?;No, nunca;Sí, todos;Solo los jefes;Solo en rituales
Fácil;Mitos Urbanos;¿Qué ocurre si te tragas un chicle?;Se digiere y sale;Se queda 7 años;Se pega al corazón;Obstruye el pulmón
Medio;Mitos Urbanos;¿Es visible la Muralla China desde la Luna a simple vista?;No;Sí;Solo en verano;Solo con luna llena
Duro;Mitos Urbanos;¿En qué estado se encuentra el vidrio de las ventanas antiguas?;Sólido;Líquido muy lento;Plasma;Gaseoso frío
Fácil;Mitos Urbanos;¿Qué pasa si despiertas a un sonámbulo?;Nada, se confunde;Le da un infarto;Se vuelve agresivo;Entra en coma
Medio;Mitos Urbanos;¿Cuál es el color real de la sangre dentro de las venas?;Rojo oscuro;Azul;Morado;Transparente
Duro;Mitos Urbanos;"¿Dónde se originó la leyenda del ""Chupacabras""?";Puerto Rico;México;España;Colombia
Fácil;Mitos Urbanos;¿Son realmente los murciélagos ciegos?;No;Sí;Solo de día;Solo los machos
Medio;Mitos Urbanos;¿Crujir los nudillos causa artritis?;No;Sí;Solo en la vejez;Solo si duele
Duro;Mitos Urbanos;¿Era realmente Napoleón Bonaparte un hombre muy bajito?;No, era promedio;Sí, medía 1.50m;Era un gigante;Nadie lo sabe
Fácil;Mitos Urbanos;¿Congelaron el cuerpo de Walt Disney al morir?;No, fue incinerado;Sí, en nitrógeno;Sí, bajo Disneyland;Está en Marte
Medio;Mitos Urbanos;¿Hacia dónde gira el agua en los inodoros del hemisferio sur?;Hacia ambos lados;Al revés;Igual que el norte;No gira
Duro;Mitos Urbanos;¿Puede una moneda lanzada desde un rascacielos matar a alguien?;No, por la fricción;Sí, atraviesa el cráneo;Solo si es de plata;Sí, pero solo si hay viento
Fácil;Mitos Urbanos;¿Es necesario esperar 2 horas para bañarse tras comer?;No;Sí;Solo en agua fría;Solo si es paella
Medio;Mitos Urbanos;"¿Qué sucede si dices ""Bloody Mary"" 3 veces ante el espejo?";Nada;Aparece un fantasma;Se rompe el cristal;Se apaga la luz
Duro;Mitos Urbanos;¿Siguen creciendo las uñas y el pelo tras morir?;No, la piel se retrae;Sí, por meses;Solo el pelo;Solo las uñas
Fácil;Mitos Urbanos;¿Esconden los avestruces la cabeza bajo tierra por miedo?;No;Sí;Solo las hembras;Solo para dormir
Medio;Mitos Urbanos;¿Usar el móvil en una gasolinera puede causar una explosión?;No;Sí;Solo si hay llamada;Solo si es antiguo
Duro;Mitos Urbanos;"¿Dijo María Antonieta ""Que coman pasteles""?";No hay registro;Sí;Se lo dijo al Rey;Fue su última frase
Fácil;Mitos Urbanos;¿El azúcar causa hiperactividad en los niños?;No;Sí;Solo el chocolate;Solo si es azúcar blanca
Medio;Mitos Urbanos;¿El agua conduce la electricidad por sí sola?;No, por sus sales;Sí, siempre;Solo si está caliente;Solo el agua de mar
Duro;Mitos Urbanos;¿Existen realmente cocodrilos en las alcantarillas de NY?;No;Sí;Solo en verano;Hubo uno en 1920
Fácil;Mitos Urbanos;¿Cuántos sentidos tenemos realmente?;Más de 20;5;10;3
Medio;Mitos Urbanos;¿Es el sol realmente de color amarillo?;Blanco;Rojo;Naranja;Amarillo
Duro;Mitos Urbanos;¿Cuánto dura realmente la memoria de un pez de colores?;Meses;3 segundos;1 día;10 segundos
Fácil;Mitos Urbanos;¿Beber mucha vitamina C cura el resfriado?;No, solo lo previene;Sí;Solo si es naranja;Sí, en 24h
Medio;Mitos Urbanos;¿Existen mensajes satánicos si escuchas discos al revés?;No, es pareidolia;Sí;Solo en el Rock;Solo en vinilos
Duro;Mitos Urbanos;"¿Hay un ""lado oscuro"" de la luna que nunca recibe sol?";No;Sí;Solo en eclipses;Solo en los polos
Fácil;Mitos Urbanos;¿Las zanahorias te dan visión nocturna?;No;Sí;Solo si son crudas;Solo a los niños
Medio;Mitos Urbanos;¿Los diamantes provienen del carbón?;No;Sí;Solo los negros;Solo los sintéticos
Duro;Mitos Urbanos;¿Quién inventó realmente la bombilla?;Joseph Swan (entre otros);Edison;Tesla;Franklin
Fácil;Mitos Urbanos;¿Necesitamos beber 8 vasos de agua al día obligatoriamente?;No;Sí;Solo en verano;Solo los deportistas
Medio;Mitos Urbanos;¿Tienen las abejas que morir tras picar?;Solo las de miel;Todas;Ninguna;Solo las reinas
Duro;Mitos Urbanos;"¿Se suicidaron miles tras la radio de ""La Guerra de los Mundos""?";No, fue exagerado;Sí, miles;Solo en Nueva York;No hubo pánico
Fácil;Mitos Urbanos;¿Es el Everest la montaña más alta desde la base?;No, es el Mauna Kea;Sí;Es el K2;Es el Teide
Medio;Mitos Urbanos;¿El hierro pesa más que el aluminio?;Sí, es más denso;No;Depende del tamaño;Pesas igual
Duro;Mitos Urbanos;¿La lengua tiene zonas específicas para cada sabor?;No;Sí;Solo el dulce;Solo el amargo
Fácil;Mitos Urbanos;"¿Dijo Darth Vader ""Luke, yo soy tu padre""?";"No, dijo ""No, yo...""";Sí;"Dijo ""Hola Luke""";No dijo nada
Medio;Mitos Urbanos;¿La Gran Muralla China es el único objeto humano visto desde el espacio?;No;Sí;Solo las pirámides;Solo las ciudades
Duro;Mitos Urbanos;¿Eran realmente los gladiadores hombres musculosos y definidos?;No, tenían grasa;Sí, como modelos;Eran muy delgados;No existieron
Fácil;Mitos Urbanos;¿Leer con poca luz daña la vista permanentemente?;No;Sí;Solo a niños;Solo si usas gafas
Medio;Mitos Urbanos;¿El pelaje de los osos polares es blanco?;No, es transparente;Sí;Es gris;Es amarillento
Duro;Mitos Urbanos;¿Es el 13 realmente un número de mala suerte?;No, es cultural;Sí, está probado;Solo en martes;Solo en hoteles
Fácil;Mitos Urbanos;¿Metar un móvil mojado en arroz sirve de algo?;No, puede ser peor;Sí;Solo si es arroz bomba;Solo 24 horas
Medio;Mitos Urbanos;¿El lado izquierdo del cerebro es el creativo?;No, ambos trabajan;Sí;Solo en zurdos;Solo en artistas
Duro;Mitos Urbanos;¿El café deshidrata?;No;Sí;Solo si es solo;Solo si está frío
Fácil;Mitos Urbanos;¿Los perros solo ven en blanco y negro?;No;Sí;Ven en 3D;Solo ven el rojo
Medio;Mitos Urbanos;¿Se puede oír una explosión en el espacio?;No;Sí;Solo si es cerca;Solo con cascos
Duro;Mitos Urbanos;¿Descubrió Colón que la Tierra era redonda?;No, ya se sabía;Sí;Él creía que era plana;Se lo dijo un mapa
Fácil;Mitos Urbanos;¿Raparse el pelo hace que crezca más fuerte?;No;Sí;Solo en bebés;Solo con cuchilla
Medio;Mitos Urbanos;¿Qué pasa si dejas un diente en Coca-Cola una noche?;Nada;Se disuelve;Se vuelve negro;Se hace gigante
Duro;Mitos Urbanos;¿Cuál es el animal más letal para el ser humano?;Mosquito;Tiburón;León;Serpiente
Fácil;Mitos Urbanos;¿Está el Triángulo de las Bermudas maldito?;No, hay tráfico normal;Sí;Solo para aviones;Solo para barcos
Medio;Mitos Urbanos;¿Comer fruta de noche engorda más?;No;Sí;Solo el plátano;Solo si tiene azúcar
Duro;Mitos Urbanos;¿Usaban los romanos vómitos para seguir comiendo?;No, es un error;Sí;Solo los emperadores;Solo en bodas
Fácil;Mitos Urbanos;¿Tenemos una huella dactilar única?;Sí;No;Solo los gemelos;Cambia cada 7 años
Medio;Mitos Urbanos;¿Los Macs no tienen virus?;No;Sí;Solo los antiguos;Solo si no tienen internet
Duro;Mitos Urbanos;¿Es el tiburón blanco un devorador de hombres?;No, prefiere focas;Sí;Solo los machos;Solo en Australia
Fácil;Mitos Urbanos;¿Debemos usar agua oxigenada en heridas abiertas?;No;Sí;Solo si sangra;Solo con algodón
Medio;Mitos Urbanos;¿El sol es una bola de fuego?;No, es plasma;Sí;Es gas ardiendo;Es lava
Duro;Mitos Urbanos;¿Quién diseñó realmente la bandera de EE. UU.?;Francis Hopkinson;Betsy Ross;Washington;Lincoln
Fácil;Mitos Urbanos;¿La comida orgánica es siempre más sana?;No necesariamente;Sí;Solo las verduras;Solo si es cara
Medio;Mitos Urbanos;¿El corazón está en el lado izquierdo?;En el centro;Sí;En el derecho;En el cuello
Duro;Mitos Urbanos;¿Fueron las pirámides construidas por esclavos?;No, eran obreros;Sí;Por extraterrestres;Por judíos
Fácil;Mitos Urbanos;¿El Rey León es el rey de la selva?;No, vive en la sabana;Sí;Solo en África;No hay leones
Medio;Mitos Urbanos;¿Dormir con plantas te quita el oxígeno?;No;Sí;Solo si hay muchas;Solo si son flores
Duro;Mitos Urbanos;¿Se puede encender una bombilla con una patata?;No, no da voltaje;Sí;Solo si es roja;Solo con limón
Fácil;Mitos Urbanos;¿Es la Coca-Cola originalmente verde?;No;Sí;Solo en Navidad;Solo la Zero
Medio;Mitos Urbanos;¿En qué dirección cae un objeto en el espacio?;Hacia la masa mayor;No cae;Hacia abajo;Hacia el sol
Duro;Mitos Urbanos;¿Firmaron los fundadores de EE. UU. el 4 de julio?;No, fue en agosto;Sí;Solo Washington;Solo 3 de ellos
Fácil;Mitos Urbanos;¿Las huellas de la lengua son únicas?;Sí;No;Solo en bebés;Solo en mujeres
Medio;Mitos Urbanos;¿La miel caduca?;No;Sí;A los 5 años;Si le da el sol
Duro;Mitos Urbanos;¿Puede un pulpo recordar caras?;Sí;No;Solo si le dan comida;Solo el gigante
Fácil;Mitos Urbanos;¿Dormir mucho recupera el sueño perdido?;No;Sí;Solo el fin de semana;Solo si eres joven
Medio;Mitos Urbanos;¿Es Holanda el nombre oficial del país?;Países Bajos;Sí;Neerlan;Holanda del Norte
Duro;Mitos Urbanos;¿El logotipo de Apple es por Alan Turing?;No;Sí;Por Isaac Newton;Por Steve Jobs
Fácil;Mitos Urbanos;¿Murió gente real en el rodaje de El Exorcista?;No;Sí;Solo un extra;Solo el perro
Medio;Mitos Urbanos;¿Las cámaras de más megapíxeles son mejores?;No siempre;Sí;Solo para paisajes;Solo las Canon
Duro;Mitos Urbanos;¿Existió realmente la Papisa Juana?;No hay pruebas;Sí;Fue una leyenda;Era francesa
Fácil;Mitos Urbanos;¿La sal de mar es más sana que la de mesa?;No;Sí;Solo para hipertensos;Solo si es rosa
Medio;Mitos Urbanos;¿La orina sirve para las picaduras de medusa?;No;Sí;Solo si está caliente;Solo la de niño
Duro;Mitos Urbanos;¿Es el vacío del espacio realmente frío?;No tiene temperatura;Sí;Está a -1000 grados;Es muy caliente
Fácil;Mitos Urbanos;¿Los gatos siempre caen de pie?;No;Sí;Solo si hay luz;Solo los gatos negros
Medio;Mitos Urbanos;¿Qué pasaría si te quitas el casco en el espacio?;Te inflas y mueres;Explotas;Te congelas;Nada
Duro;Mitos Urbanos;¿El nombre de la marca LEGO significa algo?;"Sí, ""Juega bien""";No;Significa bloques;Es un apellido
Fácil;Mitos Urbanos;¿Es Australia una isla?;No, es un continente;Sí;Es un archipiélago;Es una península
Medio;Mitos Urbanos;¿Quién inventó la guillotina?;Joseph Guillotin;Un verdugo;Luis XVI;Napoleón
Duro;Mitos Urbanos;¿Tiene la Coca-Cola todavía cocaína?;No;Sí;Solo la de exportación;Solo la original
Fácil;Mitos Urbanos;¿Beber alcohol calienta el cuerpo?;No, es sensación;Sí;Solo el whisky;Solo si está quemado
Medio;Mitos Urbanos;¿Tenemos 7 capas de piel?;No, tenemos 3;Sí;Tenemos 10;Solo en los pies
Duro;Mitos Urbanos;¿Pueden los elefantes saltar?;No;Sí;Solo las crías;Solo si corren
Fácil;Mitos Urbanos;¿El rayo cae dos veces en el mismo sitio?;Sí;No;Solo en el mar;Solo en pararrayos
Medio;Mitos Urbanos;¿Es Santa Claus rojo por Coca-Cola?;No;Sí;Solo desde 1950;Fue por un dibujo
Duro;Mitos Urbanos;¿Eran los ninjas expertos en artes marciales?;Eran espías;Sí;Eran samuráis;No existieron
Fácil;Mitos Urbanos;¿El microondas causa cáncer?;No;Sí;Solo si está roto;Solo si es viejo
Medio;Mitos Urbanos;¿De qué está hecho el cinturón de asteroides?;Rocas y hielo;Fuego;Gas;Polvo estelar
Fácil;Consumo;¿Cuál fue la marca de coches más vendida a nivel mundial en 2025?;Toyota;Volkswagen;Tesla;BYD
Medio;Consumo;¿Qué fabricante chino superó a Tesla en ventas de eléctricos en periodos de 2025?;BYD;Xiaomi;Geely;NIO
Duro;Consumo;¿Qué empresa superó brevemente a Apple en valoración de mercado en 2025?;Nvidia;Microsoft;Alphabet;Amazon
Fácil;Consumo;¿Cuál es la bebida gaseosa más vendida en todo el mundo?;Coca-Cola;Pepsi;Sprite;Fanta
Medio;Consumo;"¿Qué gigante del ""ultra fast fashion"" dominó las ventas online en 2025?";Shein;Zara;H&M;Temu
Duro;Consumo;¿Qué empresa es dueña de marcas como KitKat, Nespresso y Maggi?;Nestlé;Unilever;Pepsico;Danone
Fácil;Consumo;¿Cuál es la tienda de muebles más grande del mundo?;IKEA;Home Depot;Leroy Merlin;Maisons du Monde
Medio;Consumo;¿Cómo se llama el modelo de lenguaje de IA lanzado por Google para competir en 2025?;Gemini;ChatGPT;Claude;Llama
Duro;Consumo;¿Qué conglomerado es dueño de Louis Vuitton, Moët y Hennessy?;LVMH;Kering;Richemont;Hermès
Fácil;Consumo;¿Cuál es la marca de ropa deportiva que más factura anualmente?;Nike;Adidas;Puma;Under Armour
Medio;Consumo;¿Qué modelo de coche fue el más vendido en Europa en 2025?;Tesla Model Y;Dacia Sandero;VW Golf;Toyota Yaris
Duro;Consumo;¿Qué país es el mayor exportador de café del mundo?;Brasil;Vietnam;Colombia;Etiopía
Fácil;Consumo;¿Cuál es la plataforma de comercio electrónico más usada en occidente?;Amazon;eBay;AliExpress;Walmart
Medio;Consumo;¿Qué marca lideró el mercado de smartphones en 2025 por volumen?;Samsung;Apple;Xiaomi;Huawei
Duro;Consumo;¿Cuál es la marca de relojes de lujo que más factura del mundo?;Rolex;Omega;Cartier;Patek Philippe
Fácil;Consumo;¿Cuál es la cadena con más establecimientos en el mundo?;McDonald's;Subway;Starbucks;Burger King
Medio;Consumo;¿Cuál es la empresa de juguetes con mayores ingresos anuales?;LEGO;Mattel;Hasbro;Bandai Namco
Duro;Consumo;¿Cuál es la marca de belleza más valiosa del mundo?;L'Oréal;Estée Lauder;Clinique;Nivea
Fácil;Consumo;¿Cuál es la cadena de cafeterías más grande del planeta?;Starbucks;Dunkin';Costa Coffee;Tim Hortons
Medio;Consumo;¿Qué red social de videos cortos es la más descargada en 2025?;TikTok;Instagram;YouTube;Reels
Duro;Consumo;¿De qué país es la marca de coches hiperdeportivos Rimac?;Croacia;Suecia;Italia;Suiza
Fácil;Consumo;¿Qué cereal es el más producido a nivel mundial?;Maíz;Trigo;Arroz;Cebada
Medio;Consumo;¿Cuál es la plataforma con más suscriptores a nivel mundial?;Netflix;Disney+;Amazon Prime;HBO Max
Duro;Consumo;¿A qué grupo pertenece la marca Massimo Dutti?;Inditex;H&M Group;LVMH;Mango
Fácil;Consumo;"¿Qué marca de zapatillas usa el logo conocido como ""Swoosh""?";Nike;Reebok;Asics;New Balance
Medio;Consumo;¿Qué consola de videojuegos ha vendido más unidades en la historia?;PlayStation 2;Nintendo Switch;Game Boy;Wii
Duro;Consumo;¿Qué marca de cerveza es la más vendida del mundo (producida en China)?;Snow;Budweiser;Heineken;Corona
Fácil;Consumo;¿Cómo se llama el sistema operativo de los teléfonos de Apple?;iOS;Android;Windows;HarmonyOS
Medio;Consumo;¿En qué país tiene su sede principal la marca Volvo?;Suecia;China;Alemania;EE. UU.
Duro;Consumo;¿Cuál es la red de tarjetas de crédito más aceptada mundialmente?;Visa;Mastercard;American Express;UnionPay
Fácil;Consumo;¿Cuál es la mayor empresa minorista (retailer) por ingresos?;Walmart;Amazon;Costco;Carrefour
Medio;Consumo;¿Cuál es el coche más caro vendido en subasta (Mercedes 300 SLR)?;135 millones €;50 millones €;200 millones €;80 millones €
Duro;Consumo;"¿Qué marca lanzó el perfume ""Nº 5"" en 1921?";Chanel;Dior;Gucci;Prada
Fácil;Consumo;¿Qué empresa fabrica la consola PlayStation?;Sony;Microsoft;Nintendo;Sega
Medio;Consumo;¿De qué país es la marca de ropa Uniqlo?;Japón;Corea del Sur;China;Taiwán
Duro;Consumo;¿Qué empresa fabrica el jabón Dove y los helados Magnum?;Unilever;P&G;Johnson & Johnson;Colgate-Palmolive
Fácil;Consumo;¿Quién es el creador de la red social Facebook?;Mark Zuckerberg;Bill Gates;Elon Musk;Jeff Bezos
Medio;Consumo;¿Qué marca de pasta es la líder mundial en ventas?;Barilla;Buitoni;Gallo;Rummo
Duro;Consumo;¿A qué grupo automovilístico pertenece la marca Lamborghini?;Grupo Volkswagen;Ferrari;Stellantis;Renault-Nissan
Fácil;Consumo;¿Cuál es el servicio de música por streaming con más usuarios?;Spotify;Apple Music;Tidal;Deezer
Medio;Consumo;¿Qué marca viste a la selección española de fútbol en 2026?;Adidas;Nike;Puma;Joma
Duro;Consumo;¿Cuál es la joyería más famosa de la Quinta Avenida de NY?;Tiffany & Co.;Cartier;Bulgari;Pandora
Fácil;Consumo;¿Cuál es la mayor plataforma de alquiler vacacional?;Airbnb;Booking;Expedia;Trivago
Medio;Consumo;¿Cuál es el juguete más vendido de la historia?;Cubo de Rubik;Barbie;LEGO;Hot Wheels
Duro;Consumo;¿Cómo se llamaba la empresa de Elon Musk antes de ser X?;Twitter;BlueBird;SkyNet;Talk
Fácil;Consumo;¿Qué empresa desarrolla el buscador Google?;Alphabet;Meta;Microsoft;Oracle
Medio;Consumo;¿Cuál es la marca de bolígrafos más vendida del mundo?;BIC;Parker;Pilot;Montblanc
Duro;Consumo;¿Qué significan las siglas de la marca BMW?;Bayerische Motoren Werke;Berlin Motor Works;Best Motor World;Bavaria Motor Wagen
Fácil;Consumo;¿Cuál es la marca de dentífrico más reconocida?;Colgate;Oral-B;Sensodyne;Binaca
Medio;Consumo;¿Qué empresa coreana fabrica los televisores QLED?;Samsung;LG;Sony;Panasonic
Duro;Consumo;¿A qué empresa pertenece la marca de agua Evian?;Danone;Nestlé;Coca-Cola;PepsiCo
Fácil;Consumo;¿Qué compañía de entretenimiento es dueña de Marvel y Star Wars?;Disney;Warner Bros;Sony;Universal
Medio;Consumo;¿Qué marca de ropa tiene un cocodrilo como logo?;Lacoste;Fred Perry;Ralph Lauren;Gant
Duro;Consumo;"¿Qué diseñador fundó la marca ""Off-White""?";Virgil Abloh;Karl Lagerfeld;Gianni Versace;Tom Ford
Fácil;Consumo;¿Cuál es el sabor de helado más vendido en el mundo?;Vainilla;Chocolate;Fresa;Nata
Medio;Consumo;"¿Qué marca fabrica el modelo ""Civic""?";Honda;Toyota;Mazda;Nissan
Duro;Consumo;¿Qué marca inventó el primer reloj de pulsera (para Alberto Santos Dumont)?;Cartier;Rolex;Omega;Patek Philippe
Fácil;Consumo;¿Cómo se llama la muñeca más famosa de Mattel?;Barbie;Bratz;Nancy;Polly Pocket
Medio;Consumo;¿Qué empresa fabrica los procesadores Ryzen?;AMD;Intel;Nvidia;Qualcomm
Duro;Consumo;¿Qué empresa fabrica las patatas Pringles?;Kellanova (Kellogg's);PepsiCo;Mondelez;Nestlé
Fácil;Consumo;¿Cuál es el servicio de correo electrónico más usado?;Gmail;Outlook;Yahoo;iCloud
Medio;Consumo;"¿Qué marca creó las zapatillas ""Air Jordan""?";Nike;Jordan Brand;Adidas;Converse
Duro;Consumo;¿Cuál es el color distintivo de las suelas de los zapatos Louboutin?;Rojo;Dorado;Azul;Negro
Fácil;Consumo;¿Cómo se llama la hamburguesa estrella de McDonald's?;Big Mac;Whopper;Quarter Pounder;McRoyal
Medio;Consumo;¿Qué marca lidera el mercado de cámaras sin espejo (mirrorless)?;Sony;Canon;Nikon;Fujifilm
Duro;Consumo;¿Qué país inventó la marca de Red Bull?;Tailandia;Austria;EE. UU.;Alemania
Fácil;Consumo;¿Cuál es la marca principal del grupo Inditex?;Zara;Bershka;Stradivarius;Pull&Bear
Medio;Consumo;¿Qué marca de coches tiene un tridente en su logo?;Maserati;Porsche;Ferrari;Alfa Romeo
Duro;Consumo;¿Cómo se llamaba Amazon originalmente?;Cadabra;BookStore;Relentless;Everything
Fácil;Consumo;¿Qué marca fabrica los huevos de chocolate con sorpresa?;Ferrero (Kinder);Lacta;Milka;Nestlé
Medio;Consumo;¿Qué marca lanzó el primer teléfono plegable comercial?;Royole;Samsung;Huawei;Motorola
Duro;Consumo;¿Qué marca es el mayor fabricante de componentes para bicis?;Shimano;SRAM;Campagnolo;Specialized
Fácil;Consumo;¿Qué empresa creó el sistema operativo Windows?;Microsoft;Apple;IBM;Linux
Medio;Consumo;¿Qué empresa es dueña de Oreo, Milka y Toblerone?;Mondelez;Nestlé;Mars;Ferrero
Duro;Consumo;¿Qué región de Francia es famosa por su vino espumoso?;Champagne;Burdeos;Borgoña;Alsacia
Fácil;Consumo;¿Qué marca tiene un jinete de polo en su logo?;Ralph Lauren;Lacoste;Hackett;Beverly Hills
Medio;Consumo;¿A qué país pertenece la marca Hyundai?;Corea del Sur;Japón;China;Vietnam
Duro;Consumo;¿Qué marca de maquillaje fue fundada por la cantante Rihanna?;Fenty Beauty;Rare Beauty;Haus Labs;Kylie Cosmetics
Fácil;Consumo;¿Qué empresa fabrica el iPhone?;Apple;Samsung;Foxconn;Intel
Medio;Consumo;¿Cuál es la marca de ginebra más vendida?;Tanqueray;Beefeater;Bombay Sapphire;Gordon's
Duro;Consumo;¿En qué ciudad se fundó la marca Prada?;Milán;París;Florencia;Roma
Fácil;Consumo;¿En qué país nació la cadena de supermercados Carrefour?;Francia;España;Bélgica;Italia
Medio;Consumo;¿Qué modelo de iPhone fue el más vendido de 2024/25?;iPhone 15;iPhone 16;iPhone 14;iPhone SE
Duro;Consumo;¿Cómo se llama la marca de lujo de Toyota?;Lexus;Infiniti;Acura;Genesis
Fácil;Consumo;¿Cuál es el sabor de la Fanta más vendido?;Naranja;Limón;Uva;Fresa
Medio;Consumo;¿Qué empresa es dueña de la plataforma YouTube?;Google (Alphabet);Meta;Microsoft;Netflix
Duro;Consumo;¿Qué significa el nombre de la marca de relojes Swatch?;Second Watch;Swiss Watch;Simple Watch;Smart Watch
Fácil;Consumo;¿Cuál es la plataforma líder de directos (streaming) de videojuegos?;Twitch;YouTube Gaming;Facebook Live;Kick
Medio;Consumo;¿Qué marca fabrica el balón oficial de la Champions League?;Adidas;Nike;Puma;Molten
Duro;Consumo;¿Qué ingrediente es el más usado en la Nutella?;Azúcar;Avellanas;Aceite de palma;Cacao
Fácil;Consumo;¿Qué empresa fabrica las tablets iPad?;Apple;Samsung;Huawei;Lenovo
Medio;Consumo;"¿Qué marca fabrica el modelo ""Corolla""?";Toyota;Honda;Nissan;Mazda
Duro;Consumo;¿Quién es el dueño del grupo Inditex?;Amancio Ortega;Bernard Arnault;Jeff Bezos;Elon Musk
Fácil;Consumo;¿Qué marca es famosa por sus notas adhesivas amarillas?;3M (Post-it);Bic;Staedtler;Faber-Castell
Medio;Consumo;¿Qué marca de coches tiene un espíritu del éxtasis en el capó?;Rolls-Royce;Bentley;Jaguar;Daimler
Duro;Consumo;¿Cuál fue el primer producto vendido en Amazon?;Un libro;Un CD;Un ordenador;Un software
Fácil;Consumo;¿Qué marca de cereales tiene un tigre llamado Tony?;Kellogg's;Nestlé;General Mills;Post
Medio;Consumo;¿Qué marca de cuchillas de afeitar es la líder?;Gillette;Wilkinson;Bic;Dollar Shave Club
Duro;Consumo;¿Qué marca de vodka tiene una botella inspirada en una de medicina?;Absolut;Grey Goose;Smirnoff;Belvedere
Fácil;Consumo;¿Cuál es la marca de consolas de Nintendo más actual?;Switch;Wii;DS;GameCube
Fácil;Mecánicas;¿Cómo se llama la tableta que Link usa para sus habilidades?;Piedra Sheikah;Tableta de Pruna;Módulo Zonnan;Espejo Oscuro
Fácil;Mecánicas;¿Cómo se llama la nueva habilidad para pegar objetos?;Ultramano;Combinación;Infiltración;Retroceso
Medio;Historia;¿Cuántos años estuvo Link dormido en el Santuario de la Vida?;100 años;50 años;1000 años;10 años
Medio;Historia;¿Quién es la primera Reina de Hyrule que conoce Zelda?;Sonia;Rauru;Mineru;Impa
Duro;Localización;¿Cómo se llama el monte donde reside el dragón Naydra corrompido?;Monte Lanayru;Monte Hylia;Pico de la Muerte;Cordillera de Hebra
Fácil;Enemigos;¿Cómo se llaman los enemigos recurrentes que parecen cerdos?;Bokoblins;Lizalfos;Moblins;Mogmas
Medio;Mecánicas;¿Qué habilidad permite a Link atravesar techos?;Infiltración;Retroceso;Combinación;Ultramano
Duro;Lore;¿A qué raza pertenece Rauru, el primer rey de Hyrule?;Zonnan;Hyliano;Sheikah;Aonuma
Fácil;Localización;¿En qué región se encuentra la Ciudad Gerudo?;Desierto de Gerudo;Sierra de Akkala;Gran Bosque;Necluda
Medio;Jefes;¿Cuál es la Bestia Divina de la raza Goron?;Vah Rudania;Vah Medoh;Vah Naboris;Vah Ruta
Duro;Mecánicas;¿Cómo se llaman las raíces que iluminan el subsuelo?;Raíces de luz;Semillas luminosas;Flores aturdidoras;Brotes Kolog
Fácil;Personajes;¿Cómo se llama el líder de los Kolog?;Obab;Nuez;Paya;Kakariko
Medio;Historia;¿Qué objeto traga Zelda para convertirse en el Dragón Blanco?;Una piedra secreta;Una lágrima de luz;Un fruto de aura;Una escama de oro
Duro;Coleccionables;¿Cuántas semillas Kolog hay en total en el juego?;900;500;100;1000
Fácil;Mecánicas;¿Cómo se llama la energía necesaria para usar artilugios Zonnan?;Batería;Vigor;Magia;Carga ancestral
Medio;Enemigos;¿Qué monstruo de tres cabezas acecha en puentes y cumbres?;Gleeok;Centaleón;Moldora;Hinox
Duro;Localización;¿Cómo se llama la isla que te quita todo el equipo al llegar?;Isla de la Prueba;Isla de Evansa;Isla Frontia;Isla de la Decepción
Fácil;Personajes;¿Cómo se llama el científico Sheikah que vive en Akkala?;Roteno;Pruna;Impa;Kansel
Medio;Jefes;¿Quién es el jefe final de los dominios de los Orni?;Gidrah;Colgera;Morgos;Vah Medoh
Duro;Mecánicas;¿Qué ocurre si intentas usar una flecha de fuego en la Montaña de la Muerte?;Explota al instante;No se enciende;Hace más daño;Se apaga
Fácil;Lore;¿Cómo se llama la espada que Link debe recuperar?;Espada Maestra;Espada de la Fiera Deidad;Mandoble de la Verdad;Daga del Tiempo
Medio;Localización;¿Cómo se llaman las islas flotantes donde comienza el juego?;Gran isla de los albores;Meseta de los albores;Cielo de Hyrule;Archipiélago Zonnan
Duro;Personajes;¿Quién es la hermana de Rauru?;Mineru;Sonia;Zelda;Pruna
Fácil;Mecánicas;¿Qué barra limita la distancia que Link puede correr o escalar?;Vigor;Salud;Mana;Batería
Medio;Enemigos;¿Cuál es el enemigo más fuerte del mapa (sin ser jefe)?;Centaleón;Guardián;Hinox;Moldora
Duro;Localización;¿En qué lugar secreto se encuentra la Aldea de los Kolog?;Bosque Perdido;Monte Gólgota;Valle de la Calma;Selva de Farone
Fácil;Personajes;¿Cómo se llama el jefe de la construcción en Hyrule?;Hudson (Karid);Bolson;Kadeli;Tureli
Medio;Mecánicas;¿Qué material es esencial para fabricar flechas guiadas?;Ojo de Keese;Ala de Aerocuda;Fruto resplandeciente;Flor bomba
Duro;Lore;"¿Qué son las ""Lágrimas del Dragón""?";Recuerdos de Zelda;Objetos de curación;Monedas de cambio;Piedras de invocación
Fácil;Enemigos;¿Qué máquinas disparan láseres y tienen patas mecánicas?;Guardianes;Golems;Octoroks;Wizzrobes
Medio;Localización;¿Cómo se llama la aldea donde vive Impa?;Kakariko;Hateno;Lurelin;Arcadia
Duro;Historia;¿Quién era el Campeón de los Orni?;Revali;Daruk;Mipha;Urbosa
Fácil;Mecánicas;¿Qué habilidad permite retroceder el tiempo de un objeto?;Retroceso;Crono;Infiltración;Ultramano
Medio;Objetos;¿Qué plato recupera toda la salud y da corazones extra?;"Comida ""Vivaz""";"Comida ""Recia""";"Comida ""Protectora""";"Comida ""Sigilosa"""
Duro;Jefes;¿Cómo se llama el jefe de los Gerudo en el Templo del Rayo?;Reina Gibdo;Rey Gleeok;Moldora Real;Ganondorf
Fácil;Personajes;¿Quién es el villano principal de la saga?;Ganon / Ganondorf;Vaati;Zant;Grahim
Medio;Localización;¿Cuál es la tercera capa del mapa además del Cielo y la Superficie?;El Subsuelo;El Abismo;El Inframundo;El Vacío
Duro;Mecánicas;¿Qué módulo permite crear columnas de hielo en el agua?;Crionis;Imán;Bombas;Paralizador
Fácil;Personajes;¿Cómo se llama el hijo de Teba que ayuda a Link en el cielo?;Tureli;Sidon;Riju;Yunobo
Medio;Enemigos;¿Cómo se llaman las manos rojas que surgen del aura maléfica?;Ganonmancia;Manos de aura;Garras de sombra;Bokoblins fantasmales
Duro;Localización;¿Dónde se encuentra la Fuente del Gran Hada en Gerudo?;Bajo el esqueleto gigante;En la cima de la montaña;En el oasis;En la ciudad
Fácil;Mecánicas;¿Qué objeto permite a Link planear por el aire?;Paravela;Capa alada;Botas de pegaso;Globo aerostático
Medio;Lore;¿Qué raza ayuda a Link a crear la estructura del Quinto Sabio?;Zonnan;Sheikah;Hyliana;Mogma
Duro;Objetos;¿Qué material se usa para mejorar la batería?;Cristal energético zonnan;Diamante;Ámbar;Zonaite puro
Fácil;Mecánicas;¿Cómo se llama la habilidad de unir un arma con un objeto?;Combinación;Ultramano;Fusión;Forja
Medio;Historia;¿Quién es la Campeona que controla el rayo?;Urbosa;Mipha;Zelda;Impa
Duro;Curiosidades;¿Qué pasa si golpeas muchas veces a un cuco?;Te atacan en grupo;Te dan un huevo;Explotan;Subes de nivel
Fácil;Personajes;¿Quién es el príncipe (luego rey) de los Zora?;Sidon;Dorephan;Muzu;Seguro
Medio;Localización;¿Cómo se llaman los cráteres por los que bajas al Subsuelo?;Abismos;Grietas;Agujeros;Túneles de aura
Duro;Historia;"¿Cuál es el verdadero nombre del ""Rey de los Demonios""?";Ganondorf;Ganon;Heraldo;Calmidad
Fácil;Enemigos;¿Qué enemigo te lanza piedras desde el agua?;Octorok;Lizalfos;Chuchu;Keese
Medio;Mecánicas;¿Cómo se llama el poder que te permite resucitar una vez?;Plegaria de Mipha;Furia de Revali;Escudo de Daruk;Ira de Urbosa
Duro;Localización;"¿Dónde se encuentra la ""Estatua de la Llamada"" que pide ojos?";Gran Meseta;Castillo de Hyrule;Templo del Tiempo;Subsuelo
Fácil;Lore;¿Cuál es el nombre del reino donde ocurre el juego?;Hyrule;Termina;Koholint;Lorule
Medio;Personajes;¿Cómo se llama el grupo de investigación de Zelda?;Equipo de investigación zonnan;Brigada de búsqueda;Club de fans de Zelda;Guardia real
Duro;Enemigos;¿Qué monstruo imita ser un cofre de tesoro?;Like Like;Mimic;Octorok de tesoro;Gleeok
Fácil;Mecánicas;¿Cómo se consiguen más corazones?;Cambiando símbolos de valía;Comiendo manzanas;Subiendo de nivel;Durmiendo
Medio;Localización;¿Qué ciudad Sheikah tiene un laboratorio tecnológico?;Hateno;Kakariko;Lurelin;Tarrey
Duro;Mecánicas;¿Qué ocurre si disparas una flecha con una flor bomba en un lugar caluroso?;Explota en tu cara;No pasa nada;Hace más daño;Se convierte en humo
Fácil;Personajes;¿Cómo se llama la raza de hombres-pájaro?;Orni;Zora;Goron;Gerudo
Medio;Mecánicas;¿Qué aparato zonnan te permite salir disparado hacia arriba?;Resorte;Turbina;Cohete;Estaca
Duro;Historia;¿Quién es el padre de Zelda?;Rhoam Bosphoramus Hyrule;Rauru;Dorephan;Gaepora
Fácil;Objetos;¿Qué fruta recupera medio corazón y es muy común?;Manzana;Plátano;Baya;Sandía
Medio;Jefes;¿Cuál es el nombre de la forma final de Ganon?;Ganon, Bestia de las Tinieblas;Ganon Calmidad;Ganon el Humano;Rey Demonio
Duro;Localización;¿Dónde se encuentra el Templo del Espíritu?;En el Subsuelo;En el Cielo;En el Desierto;En el Volcán
Fácil;Mecánicas;¿Para qué sirven las torres de mapeado?;Revelar el mapa y lanzarte;Guardar la partida;Cocinar;Mejorar armas
Medio;Enemigos;¿Qué enemigo vuela y suele llevar a otros monstruos?;Aerocuda;Keese;Kakuda;Orni corrompido
Duro;Mecánicas;¿Qué técnica permite ralentizar el tiempo al esquivar?;Guardia Perfecta;Cámara lenta;Flujo de tiempo;Salto mortal
Fácil;Personajes;¿Cómo se llaman los seres pequeños que se esconden por todo Hyrule?;Kologs;Minish;Picoris;Hylianos
Medio;Lore;¿Qué son las Piedras Secretas?;Gemas que amplifican poderes;Rupias gigantes;Fragmentos de estrella;Ojos de dragón
Duro;Localización;¿Cómo se llama el laberinto gigante en el mar de Akkala?;Fortaleza de Lomei;Isla de la Prueba;Cárcel de Ganon;Ruinas de Sombras
Fácil;Objetos;¿Qué flor se usa para crear explosiones?;Flor bomba;Flor de aura;Flor radiante;Flor de fuego
Medio;Enemigos;¿Qué enemigo se camufla como una roca?;Talus;Hinox;Moldora;Gólgota
Duro;Historia;¿Quién ayuda a Link a reconstruir su brazo?;Rauru;Zelda;Pruna;Impa
Fácil;Localización;¿Cómo se llama el volcán de Hyrule?;Montaña de la Muerte;Pico de Fuego;Monte Eldin;Vulcanius
Medio;Mecánicas;¿Qué objeto necesitas para moverte rápido por el Subsuelo?;Vehículo zonnan;Caballo;Paravela;Botas de hierro
Duro;Curiosidades;¿Qué objeto recibes de Obab tras encontrar las 900 semillas?;Una caca dorada;Una espada;Rupias infinitas;Un traje nuevo
Fácil;Personajes;¿Cómo se llama la raza de guerreras del desierto?;Gerudo;Amazonas;Sheikah;Zora
Medio;Mecánicas;¿Para qué sirve el generador de esquemas?;Construir planos guardados;Generar rupias;Teletransporte;Llamar a Zelda
Duro;Jefes;¿A qué Bestia Divina pertenece el elemento agua?;Vah Ruta;Vah Medoh;Vah Naboris;Vah Rudania
Fácil;Localización;¿Dónde está ahora el hogar de Link en Arcadia?;En una colina cercana;En el centro;En el subsuelo;No tiene casa
Medio;Enemigos;¿Cómo se llaman los nuevos soldados mecánicos?;Golems;Guardianes;Soldados Sheikah;Robots Zonnan
Duro;Lore;¿Quién creó originalmente la Trifuerza?;Las Diosas Din, Nayru y Farore;Hylia;Ganon;Rauru
Fácil;Objetos;¿Qué mineral se vende por más rupias?;Diamante;Ámbar;Ópalo;Topacio
Medio;Mecánicas;¿Qué permite el módulo del imán?;Mover objetos metálicos;Atraer flechas;Hacer daño;Teletransportarse
Duro;Localización;¿Dónde se encuentra el Laberinto de Lomei del Cielo?;Sobre Akkala;Sobre el Desierto;Sobre Hebra;Sobre Necluda
Fácil;Personajes;¿Cuál es el instrumento que toca el bardo Nyel?;Acordeón;Lira;Arpa;Flauta
Medio;Historia;¿Qué le pasó al brazo derecho original de Link?;Fue consumido por el aura;Se lo cortó Ganondorf;Se perdió en el tiempo;Zelda se lo quedó
Duro;Mecánicas;¿Qué ingrediente hace que las flechas congelen?;Fruto gélido;Gelatina Chuchu blanca;Ambas son correctas;Zafiro
Fácil;Localización;¿Cómo se llama el río que rodea el Castillo de Hyrule?;Foso del Castillo;Río Hylia;Río de la Muerte;Río sagrado
Medio;Mecánicas;¿Cómo se llama la técnica de devolver un láser con el escudo?;Guardia Perfecta;Reflejo;Parry;Escudo divino
Duro;Personajes;¿Quién es el líder de los Yiga en TotK?;Maestro Kolog;Maestro Koga;Maestro Zant;Maestro Grahim
Fácil;Objetos;¿Qué animal puedes domar y registrar en postas?;Caballo;Oso;Ciervo;Rinoceronte
Medio;Localización;¿Qué hay ahora donde antes estaba el laboratorio de Hateno?;Un campo de calabazas;Un museo;La casa de Pruna;Un santuario
Duro;Historia;¿Cómo murió el Rey de Hyrule?;Durante el Gran Cataclismo;De viejo;Asesinado por Ganondorf;En un accidente
Fácil;Enemigos;¿Qué criatura te da gemas si le disparas?;Rupín;Kolog;Satori;Chuchu de oro
Medio;Lore;¿Cómo se llama el fenómeno meteorológico que afecta a los Goron?;Rocofagia;Lluvia de fuego;Niebla roja;Calor extremo
Duro;Mecánicas;¿Qué objeto permite ver a través de la oscuridad del subsuelo?;Semilla luminosa;Antorcha;Casco de minero;Todas son correctas
Fácil;Personajes;¿Quién es la Campeona de los Gerudo?;Urbosa;Riju;Paya;Nabooru
Medio;Localización;¿Dónde está la Espada Maestra en BotW?;Bosque Kolog;Castillo;Desierto;Cielo
Duro;Mecánicas;¿Qué habilidad de sabio te permite rodar como una bola de fuego?;Poder de Yunobo;Poder de Tureli;Poder de Riju;Poder de Sidon
Fácil;Curiosidades;¿Cuál es la moneda de cambio en Hyrule?;Rupias;Dólares;Oro;Piedras de aura
Fácil;GRECIA 1 ESO;¿Cómo se llamaban las ciudades-estado independientes de la Antigua Grecia?;Polis;Provincias;Aldeas;Imperios
Fácil;GRECIA 1 ESO;¿Qué mar baña las costas orientales de la Península Balcánica (Grecia)?;Mar Egeo;Mar Rojo;Mar del Norte;Mar Muerto
Medio;GRECIA 1 ESO;¿Cómo llamaban los antiguos griegos a su propio territorio?;Hélade;Grecia;Macedonia;Anatolia
Fácil;GRECIA 1 ESO;¿Cuál era la plaza pública o mercado central de una polis?;Ágora;Acrópolis;Foro;Panteón
Fácil;GRECIA 1 ESO;¿Cómo se llamaba la parte más alta, sagrada y fortificada de la ciudad?;Acrópolis;Ágora;Estadio;Gimnasio
Medio;GRECIA 1 ESO;¿Qué polis destacó por ser la cuna de la democracia?;Atenas;Esparta;Tebas;Corinto
Fácil;GRECIA 1 ESO;¿Qué polis destacó por ser una sociedad militarista gobernada por reyes?;Esparta;Atenas;Olimpia;Delfos
Medio;GRECIA 1 ESO;¿Cómo se llamaban los campesinos espartanos que eran tratados como esclavos del Estado?;Ilotas;Metecos;Ciudadanos;Periecos
Duro;GRECIA 1 ESO;¿Qué nombre recibían los extranjeros libres que vivían en Atenas?;Metecos;Ilotas;Patricios;Plebeyos
Fácil;GRECIA 1 ESO;¿Quién era el rey de los dioses en la mitología griega?;Zeus;Poseidón;Hades;Apolo
Medio;GRECIA 1 ESO;¿Qué dios griego reinaba sobre los mares y los terremotos?;Poseidón;Hades;Ares;Hermes
Fácil;GRECIA 1 ESO;¿Quién era la diosa griega de la sabiduría y de la guerra estratégica?;Atenea;Afrodita;Hera;Artemisa
Fácil;GRECIA 1 ESO;¿Quién era la diosa griega del amor y la belleza?;Afrodita;Atenea;Hera;Deméter
Medio;GRECIA 1 ESO;¿Quién era el dios griego del inframundo y de los muertos?;Hades;Zeus;Dionisio;Ares
Duro;GRECIA 1 ESO;¿Quién era el dios griego del vino y las fiestas?;Dionisio;Apolo;Hephaistos;Hermes
Fácil;GRECIA 1 ESO;¿Dónde creían los griegos que vivían los dioses más importantes?;En el Monte Olimpo;En el Monte Parnaso;En la Acrópolis;Bajo el mar Egeo
Medio;GRECIA 1 ESO;¿Cómo se llaman los relatos que explican el origen del mundo y los dioses?;Mitos;Cuentos;Novelas;Fábulas
Fácil;GRECIA 1 ESO;¿Qué eventos deportivos se celebraban cada cuatro años en honor a Zeus?;Juegos Olímpicos;Juegos Píticos;Juegos Romanos;Gladiadores
Medio;GRECIA 1 ESO;¿En qué ciudad se celebraban los Juegos Olímpicos en la antigüedad?;Olimpia;Atenas;Esparta;Maratón
Duro;GRECIA 1 ESO;¿Qué premio recibían los ganadores de los antiguos Juegos Olímpicos?;Una corona de olivo;Medalla de oro;Dinero;Una copa de plata
Fácil;GRECIA 1 ESO;¿Cómo se llamaba el templo dedicado a Atenea situado en la Acrópolis de Atenas?;Partenón;Panteón;Coliseo;Faro
Medio;GRECIA 1 ESO;¿Qué guerra enfrentó a los griegos contra el Imperio Persa?;Guerras Médicas;Guerra del Peloponeso;Guerras Púnicas;Guerra de Troya
Duro;GRECIA 1 ESO;"¿Por qué llamaban ""Médicas"" a las guerras contra los persas?";Porque los griegos llamaban medos a los persas;Por los médicos militares;Por la región de Media luna;Por la medicina
Fácil;GRECIA 1 ESO;¿En qué famosa batalla terrestre vencieron los atenienses a los persas en la Primera Guerra Médica?;Batalla de Maratón;Batalla de las Termópilas;Batalla de Salamina;Batalla de Platea
Medio;GRECIA 1 ESO;¿Qué rey espartano lideró a los 300 guerreros en el paso de las Termópilas?;Leónidas;Pericles;Alejandro Magno;Filipo II
Duro;GRECIA 1 ESO;¿Qué batalla naval supuso una gran victoria griega sobre los persas en la Segunda Guerra Médica?;Salamina;Maratón;Termópilas;Gaugamela
Fácil;GRECIA 1 ESO;¿Qué rey persa atacó Grecia durante la Segunda Guerra Médica (la de los 300)?;Jerjes I;Darío I;Ciro el Grande;Alejandro
Medio;GRECIA 1 ESO;¿Cómo se llamó la guerra civil que enfrentó a Atenas contra Esparta?;Guerra del Peloponeso;Guerras Médicas;Guerra de Troya;Guerras Púnicas
Duro;GRECIA 1 ESO;¿Qué liga fundó Atenas para defenderse de los persas (y que luego usó como imperio)?;Liga de Delos;Liga del Peloponeso;Liga Aquea;Liga Helénica
Fácil;GRECIA 1 ESO;"¿Qué político ateniense dio nombre al ""Siglo de Oro"" de Atenas?";Pericles;Sócrates;Platón;Homero
Medio;GRECIA 1 ESO;¿De qué reino al norte de Grecia procedían Filipo II y Alejandro Magno?;Macedonia;Tracia;Tesalia;Epiro
Fácil;GRECIA 1 ESO;¿Quién fue el gran rey de Macedonia que conquistó el Imperio Persa y llegó hasta la India?;Alejandro Magno;Filipo II;Pericles;Leónidas
Medio;GRECIA 1 ESO;¿Qué nombre recibió la extensión de la cultura griega por Oriente tras Alejandro Magno?;Helenismo;Romanización;Macedonismo;Clasicismo
Duro;GRECIA 1 ESO;¿Cuál fue la ciudad más famosa fundada por Alejandro Magno en Egipto?;Alejandría;El Cairo;Menfis;Tebas
Fácil;GRECIA 1 ESO;¿Qué famoso poeta griego escribió la Ilíada y la Odisea?;Homero;Sófocles;Aristóteles;Platón
Medio;GRECIA 1 ESO;¿Qué héroe griego era casi invulnerable excepto en su talón?;Aquiles;Hércules;Teseo;Perseo
Duro;GRECIA 1 ESO;¿Qué héroe griego tuvo que superar 12 trabajos imposibles?;Hércules (Heracles);Ulises (Odiseo);Aquiles;Jasón
Fácil;GRECIA 1 ESO;¿Qué animal de madera usaron los griegos para entrar y conquistar Troya?;Caballo;Toro;León;Águila
Medio;GRECIA 1 ESO;¿Quién fue el protagonista de la Odisea, que tardó 10 años en volver a Ítaca?;Ulises (Odiseo);Aquiles;Agamenón;Héctor
Duro;GRECIA 1 ESO;¿Qué monstruo con pelo de serpientes convertía en piedra a quien la miraba?;Medusa;Hidra;Quimera;Esfinge
Fácil;GRECIA 1 ESO;¿Cómo se llama la forma de gobierno en la que el poder lo tiene el pueblo?;Democracia;Oligarquía;Tiranía;Monarquía
Medio;GRECIA 1 ESO;¿En la democracia ateniense, podían votar las mujeres y los esclavos?;No, nunca;Sí, todos;Solo las mujeres;Solo los esclavos ricos
Duro;GRECIA 1 ESO;¿Cómo se llamaba la asamblea principal de ciudadanos en Atenas?;Ekklesía;Gerusía;Senado;Foro
Fácil;GRECIA 1 ESO;¿Cuál era el principal material usado en la escultura griega clásica?;Mármol y bronce;Barro y paja;Hierro;Madera
Medio;GRECIA 1 ESO;¿Cómo se llama el estilo (orden) arquitectónico griego más antiguo y sencillo, sin basa?;Dórico;Jónico;Corintio;Toscano
Medio;GRECIA 1 ESO;¿Qué orden arquitectónico griego tiene el capitel decorado con volutas (espirales)?;Jónico;Dórico;Corintio;Compuesto
Duro;GRECIA 1 ESO;¿Qué orden arquitectónico griego tiene el capitel decorado con hojas de acanto?;Corintio;Dórico;Jónico;Románico
Fácil;GRECIA 1 ESO;¿Qué edificio de entretenimiento inventaron los griegos, donde representaban tragedias y comedias?;El Teatro;El Circo;El Coliseo;El Anfiteatro
Medio;GRECIA 1 ESO;¿Cómo se llamaban los pensadores griegos que buscaban la verdad mediante la razón (como Sócrates)?;Filósofos;Sacerdotes;Oráculos;Sofistas
Duro;GRECIA 1 ESO;¿Qué famoso filósofo griego fue maestro de Alejandro Magno?;Aristóteles;Platón;Sócrates;Pitágoras
Fácil;GRECIA 1 ESO;¿Qué matemático griego es famoso por su teorema sobre los triángulos rectángulos?;Pitágoras;Arquímedes;Euclides;Tales
Medio;GRECIA 1 ESO;¿A qué dios griego estaban dedicadas las representaciones teatrales?;Dionisio;Apolo;Zeus;Atenea
Duro;GRECIA 1 ESO;¿Quién esculpió la estatua de Atenea del Partenón y la de Zeus en Olimpia?;Fidias;Mirón;Policleto;Praxíteles
Fácil;GRECIA 1 ESO;¿Cuál de estos tres filósofos griegos NO pertenece a la Antigüedad?;Descartes;Sócrates;Platón;Aristóteles
Medio;GRECIA 1 ESO;¿Qué nombre recibían en Grecia las mujeres que predecían el futuro en nombre de los dioses?;Oráculos;Brujas;Sibilas;Sacerdotisas de la magia
Duro;GRECIA 1 ESO;¿Dónde estaba el oráculo más famoso de la Antigua Grecia?;Delfos;Atenas;Esparta;Corinto
Fácil;GRECIA 1 ESO;¿Cómo se llamaba la moneda principal de la antigua Atenas, que tenía un búho grabado?;Dracma;Sestercio;Denario;Doblón
Medio;GRECIA 1 ESO;¿Qué monstruo mitad hombre mitad toro vivía en el laberinto del rey Minos en Creta?;El Minotauro;El Cíclope;El Centauro;El Cerbero
Duro;GRECIA 1 ESO;¿Qué héroe ateniense derrotó al Minotauro en Creta?;Teseo;Perseo;Heracles;Aquiles
Fácil;GRECIA 1 ESO;¿A quién expulsaban los atenienses de la ciudad por 10 años si lo consideraban un peligro (Ostracismo)?;A ciudadanos ambiciosos;A los esclavos;A las mujeres;A los extranjeros pobres
Medio;GRECIA 1 ESO;¿Qué instrumento musical tocaban los griegos que tenía cuerdas y forma de U?;La Lira;El Arpa;El Laúd;La Guitarra
Duro;GRECIA 1 ESO;¿Qué civilización, famosa por sus palacios, habitó la isla de Creta antes de la Grecia Clásica?;Minoica;Micénica;Cicládica;Fenicia
Fácil;GRECIA 1 ESO;¿Cuál era la principal vestimenta de los hombres y mujeres griegos?;Un manto llamado quitón o peplo;Pantalones y camisa;Vestidos de seda;Armaduras de hierro
Medio;GRECIA 1 ESO;¿Cómo se llamaban los soldados de infantería griegos fuertemente armados?;Hoplitas;Legionarios;Samuráis;Inmortales
Duro;GRECIA 1 ESO;¿Cómo se llamaba la formación militar en bloque que usaban los soldados griegos?;Falange;Testudo (Tortuga);Cuña;Línea
Fácil;GRECIA 1 ESO;¿Qué bebida acompañaba todas las comidas de los griegos, aunque la mezclaban con agua?;El vino;La cerveza;La leche;El hidromiel
Medio;GRECIA 1 ESO;"¿En qué consistía la ""Tregua Sagrada"" de los griegos?";Parar las guerras durante los Juegos Olímpicos;No atacar los templos;No luchar de noche;Perdonar a los prisioneros
Duro;GRECIA 1 ESO;"¿Quién es considerado el ""Padre de la Historia"" por narrar las Guerras Médicas?";Heródoto;Tucídides;Homero;Esopo
Fácil;GRECIA 1 ESO;¿Qué famoso juramento hacen los médicos hasta el día de hoy, originario de Grecia?;Juramento Hipocrático;Juramento de Sócrates;Juramento de Galeno;Juramento Olímpico
Medio;GRECIA 1 ESO;¿Qué dios griego del Sol, las artes y la medicina, tocaba la lira?;Apolo;Ares;Hermes;Dionisio
Duro;GRECIA 1 ESO;¿Qué titán fue castigado por los dioses a sostener la bóveda del cielo sobre sus hombros?;Atlas;Cronos;Prometeo;Océano
Fácil;GRECIA 1 ESO;¿Qué criatura de la mitología griega tenía un solo ojo en la frente?;Cíclope;Centauro;Minotauro;Sátiro
Medio;GRECIA 1 ESO;¿Qué figura mitológica era mitad hombre y mitad caballo?;Centauro;Fauno;Minotauro;Grifo
Duro;GRECIA 1 ESO;¿Qué titán robó el fuego a los dioses para entregárselo a los humanos?;Prometeo;Atlas;Epimeteo;Cronos
Fácil;GRECIA 1 ESO;¿Qué lugar geográfico de Grecia tenía la ciudad de Esparta?;Península del Peloponeso;Ática;Macedonia;Isla de Creta
Medio;GRECIA 1 ESO;¿Qué río mitológico debían cruzar las almas de los griegos muertos para ir al Inframundo?;El Estigia (o Aqueronte);El Nilo;El Tíber;El Éufrates
Duro;GRECIA 1 ESO;¿Quién era el barquero que cruzaba las almas de los muertos en el Inframundo?;Caronte;Cerbero;Minos;Hades
Fácil;GRECIA 1 ESO;¿Qué animal monstruoso de tres cabezas vigilaba la entrada al inframundo griego?;El perro Cerbero;La Quimera;El Minotauro;El Basilisco
Medio;GRECIA 1 ESO;¿Qué nombre recibían las partes de arriba de las columnas griegas que sostenían el techo?;Capitel;Basa;Fuste;Frontón
Duro;GRECIA 1 ESO;¿Qué nombre recibe el triángulo que se forma en la fachada bajo el tejado de un templo griego?;Frontón;Friso;Arquitrabe;Metopa
Fácil;GRECIA 1 ESO;¿En qué material preferían los griegos pintar sus escenas diarias y mitológicas?;En cerámicas y vasijas;En lienzos de tela;En las paredes de las casas;En papiro
Medio;GRECIA 1 ESO;¿Cómo se llamaba la dieta principal de los griegos (aceite de oliva, trigo y vid)?;Tríada mediterránea;Dieta olímpica;Dieta ateniense;Tríada divina
Duro;GRECIA 1 ESO;¿Qué rey legendario de Troya gobernaba la ciudad durante la famosa guerra?;Príamo;Agamenón;Menelao;Paris
Fácil;GRECIA 1 ESO;¿De qué diosa griega viene el nombre de la ciudad de Atenas?;Atenea;Afrodita;Artemisa;Hera
Medio;GRECIA 1 ESO;¿Cuál era el barco de guerra más famoso de los atenienses, que tenía tres filas de remos?;Trirreme;Galera;Drakkar;Carabela
Duro;GRECIA 1 ESO;¿Cómo se llama la obra escrita por Homero que cuenta la Guerra de Troya?;La Ilíada;La Odisea;La Eneida;La Teogonía
Fácil;GRECIA 1 ESO;¿Cómo se llamaba el joven macedonio que conquistó casi todo el mundo conocido antes de morir a los 32 años?;Alejandro Magno;Julio César;Pericles;Leónidas
Medio;GRECIA 1 ESO;¿Qué nombre recibe la educación integral que recibían los jóvenes en la Antigua Grecia?;Paideia;Gimnasia;Filosofía;Oratoria
Duro;GRECIA 1 ESO;¿Qué científica y filósofa griega destacó en Alejandría siglos después de Alejandro Magno?;Hipatia;Safo;Aspasia;Olimpia
Fácil;GRECIA 1 ESO;¿Cómo se llamaba el caballo salvaje que solo Alejandro Magno pudo domar?;Bucéfalo;Pegaso;Rocinante;Babieca
Medio;GRECIA 1 ESO;¿Qué famoso edificio se construyó en Alejandría (Egipto) para guiar a los barcos y fue una maravilla del mundo?;El Faro de Alejandría;El Coloso;El Partenón;La Gran Pirámide
Duro;GRECIA 1 ESO;¿Cómo se llamaba el monstruo marino que creaba enormes remolinos en la Odisea?;Caribdis;Escila;Kraken;Sirena
Fácil;GRECIA 1 ESO;¿Qué civilización invadió y conquistó finalmente Grecia, absorbiendo toda su cultura?;La Romana;La Egipcia;La Persa;La Vikinga
Medio;GRECIA 1 ESO;"¿Qué matemático griego inventó la palanca y la catapulta, y gritó ""¡Eureka!""?";Arquímedes;Pitágoras;Aristóteles;Euclides
Duro;GRECIA 1 ESO;¿Qué nombre recibían en Atenas los magistrados que gobernaban y dirigían el ejército?;Estrategas;Éforos;Arcontes;Cónsules
Fácil;GRECIA 1 ESO;¿Cómo se llamaban los cuentos cortos con moraleja protagonizados por animales en Grecia?;Fábulas (de Esopo);Mitos;Tragedias;Epopeyas
Medio;GRECIA 1 ESO;¿Quién era el dios mensajero de los dioses, con alas en sus sandalias?;Hermes;Apolo;Ares;Dionisio
Duro;GRECIA 1 ESO;¿Qué antigua civilización antecede a la griega y habitó la península del Peloponeso dejando restos como la Puerta de los Leones?;Civilización Micénica;Civilización Minoica;Civilización Fenicia;Civilización Sumeria
Fácil;GRECIA 1 ESO;¿Eran los antiguos griegos monoteístas (creían en un dios) o politeístas (creían en muchos)?;Politeístas;Monoteístas;Ateos;Panteístas
Medio;GRECIA 1 ESO;¿Qué filósofo griego fue condenado a morir bebiendo un veneno llamado cicuta?;Sócrates;Platón;Aristóteles;Pitágoras
Fácil;HIDROSFERA 1 ESO;¿Qué porcentaje de la superficie de la Tierra está cubierta por agua?;El 71%;El 50%;El 90%;El 25%
Medio;HIDROSFERA 1 ESO;¿Qué porcentaje de toda el agua del planeta es agua dulce?;Aproximadamente el 3%;El 10%;El 50%;El 1%
Fácil;HIDROSFERA 1 ESO;¿Cuál es el estado del agua en los océanos y ríos?;Líquido;Sólido;Gaseoso;Plasma
Medio;HIDROSFERA 1 ESO;¿Dónde se encuentra la mayor parte del agua dulce de nuestro planeta?;En los glaciares y casquetes polares;En los ríos;En los lagos;En las nubes
Duro;HIDROSFERA 1 ESO;¿Dónde se encuentra la mayor parte del agua dulce LÍQUIDA del planeta?;En las aguas subterráneas;En los ríos;En los lagos;En los pantanos
Fácil;HIDROSFERA 1 ESO;¿Cómo se llama la capa de la Tierra formada por todo el agua del planeta?;Hidrosfera;Atmósfera;Geosfera;Biosfera
Medio;HIDROSFERA 1 ESO;¿De qué dos elementos químicos está formada la molécula de agua?;Hidrógeno y Oxígeno;Nitrógeno y Oxígeno;Carbono e Hidrógeno;Helio y Oxígeno
Fácil;HIDROSFERA 1 ESO;¿Cuál es la fórmula química del agua?;H2O;CO2;O2;NaCl
Duro;HIDROSFERA 1 ESO;¿Por qué el hielo flota en el agua líquida?;Porque el hielo es menos denso que el agua líquida;Porque el hielo pesa más;Porque el hielo tiene aire dentro;Porque el agua líquida lo empuja
Fácil;HIDROSFERA 1 ESO;¿A qué temperatura hierve el agua a nivel del mar (pasa a estado gaseoso)?;100 ºC;50 ºC;0 ºC;150 ºC
Medio;HIDROSFERA 1 ESO;¿A qué temperatura se congela el agua dulce (pasa a estado sólido)?;0 ºC;10 ºC;-10 ºC;100 ºC
Duro;HIDROSFERA 1 ESO;"¿Qué propiedad del agua permite que actúe como un ""termostato"" en la Tierra?";Su alto calor específico;Su densidad;Su color;Su capacidad disolvente
Fácil;HIDROSFERA 1 ESO;¿A qué propiedad se debe que podamos disolver sal o azúcar en el agua?;Es un gran disolvente;A su densidad;A que es transparente;A que no tiene sabor
Medio;HIDROSFERA 1 ESO;¿Qué propiedad del agua permite a algunos insectos caminar sobre ella?;La tensión superficial;La capilaridad;La densidad;El calor específico
Duro;HIDROSFERA 1 ESO;¿Cómo se llama la propiedad del agua de ascender por tubos muy finos, vital para las plantas?;Capilaridad;Evaporación;Tensión superficial;Sublimación
Fácil;HIDROSFERA 1 ESO;¿Cómo se llama el proceso por el cual el agua líquida del mar pasa a ser vapor?;Evaporación;Condensación;Precipitación;Fusión
Medio;HIDROSFERA 1 ESO;¿Cómo se llama el proceso en el que el vapor de agua se enfría y forma las nubes?;Condensación;Evaporación;Sublimación;Infiltración
Fácil;HIDROSFERA 1 ESO;¿Cómo se llama la caída de agua desde las nubes en forma de lluvia, nieve o granizo?;Precipitación;Escorrentía;Evaporación;Condensación
Medio;HIDROSFERA 1 ESO;¿Cómo se llama el proceso por el cual el agua penetra en el suelo formando acuíferos?;Infiltración;Escorrentía;Evaporación;Transpiración
Duro;HIDROSFERA 1 ESO;¿Qué nombre recibe el agua que resbala por la superficie del terreno hacia los ríos?;Escorrentía superficial;Infiltración;Sublimación;Condensación
Fácil;HIDROSFERA 1 ESO;¿Cuál es el motor o fuente de energía que hace funcionar el ciclo del agua?;El Sol;El viento;La Luna;El calor de la Tierra
Medio;HIDROSFERA 1 ESO;¿Qué fuerza atrae la lluvia hacia el suelo y hace que los ríos fluyan hacia el mar?;La gravedad;El magnetismo;La tensión superficial;El viento
Duro;HIDROSFERA 1 ESO;¿Cómo se llama la pérdida de agua en forma de vapor a través de las hojas de las plantas?;Transpiración;Respiración;Condensación;Evaporación
Fácil;HIDROSFERA 1 ESO;¿Qué nombre reciben las acumulaciones de agua subterránea?;Acuíferos;Lagos;Glaciares;Mares
Medio;HIDROSFERA 1 ESO;¿Qué tipo de rocas permiten que el agua se infiltre para formar acuíferos?;Rocas permeables;Rocas impermeables;Rocas ígneas;Rocas de granito
Duro;HIDROSFERA 1 ESO;¿Qué nombre recibe el paso directo de estado sólido (hielo) a gaseoso (vapor) sin pasar por líquido?;Sublimación;Fusión;Evaporación;Condensación
Fácil;HIDROSFERA 1 ESO;¿Qué sentido o cualidad le falta al agua pura por lo que se dice que es inodora?;No tiene olor;No tiene color;No tiene sabor;No tiene peso
Fácil;HIDROSFERA 1 ESO;¿Cómo se dice que es el agua pura porque no tiene sabor?;Insípida;Incolora;Inodora;Transparente
Medio;HIDROSFERA 1 ESO;¿Cómo se dice que es el agua pura porque la luz puede atravesarla?;Incolora (o transparente);Insípida;Inodora;Opaca
Fácil;HIDROSFERA 1 ESO;¿Son los mares y océanos masas de agua dulce o salada?;Salada;Dulce;Potable;Destilada
Medio;HIDROSFERA 1 ESO;¿Por qué el agua del mar es salada?;Por las sales minerales disueltas;Por los peces;Por la arena del fondo;Por la contaminación
Duro;HIDROSFERA 1 ESO;¿Cuál es la sal más abundante disuelta en el agua del mar?;Cloruro sódico (sal común);Carbonato cálcico;Sulfato de magnesio;Nitrato potásico
Fácil;HIDROSFERA 1 ESO;¿Cómo se llaman los movimientos de ascenso y descenso del nivel del mar cada día?;Mareas;Olas;Corrientes marinas;Tsunamis
Medio;HIDROSFERA 1 ESO;¿Qué astros provocan principalmente las mareas por su fuerza de gravedad?;La Luna y el Sol;Solo el Sol;Marte y Venus;La rotación de la Tierra
Duro;HIDROSFERA 1 ESO;¿Cómo se llama la fase en la que la marea alcanza su nivel más alto?;Pleamar;Bajamar;Ondulación;Resaca
Fácil;HIDROSFERA 1 ESO;¿Qué fenómeno mueve el agua de la superficie del mar formando ondulaciones?;El viento (Olas);Los terremotos;Los peces;Los barcos
Medio;HIDROSFERA 1 ESO;"¿Cómo se llaman los grandes ""ríos"" de agua que circulan por dentro de los océanos?";Corrientes marinas;Mareas;Olas;Acuíferos
Duro;HIDROSFERA 1 ESO;¿Qué provoca las corrientes marinas profundas oceánicas?;Diferencias de temperatura y salinidad;El viento superficial;La gravedad de la Luna;Los terremotos submarinos
Fácil;HIDROSFERA 1 ESO;¿Cómo llamamos al agua que es apta para el consumo humano sin riesgo de enfermar?;Agua potable;Agua destilada;Agua salobre;Agua depurada
Medio;HIDROSFERA 1 ESO;¿En qué instalación se limpia el agua de los ríos para que podamos beberla?;En una ETAP (Estación de Tratamiento de Agua Potable);En una EDAR;En una desaladora;En un pozo
Duro;HIDROSFERA 1 ESO;¿Qué se le suele añadir al agua en las ETAP para eliminar bacterias y desinfectarla?;Cloro;Sal;Azúcar;Arena
Fácil;HIDROSFERA 1 ESO;¿Qué tipo de agua sale por el grifo de nuestras casas, dulce o salada?;Agua dulce (y potable);Agua salada;Agua destilada;Agua salobre
Medio;HIDROSFERA 1 ESO;¿Dónde va a parar el agua sucia (residual) que se va por los desagües de nuestras casas?;A una EDAR (Estación Depuradora de Aguas Residuales);Al río directamente;Al mar directamente;A una ETAP
Duro;HIDROSFERA 1 ESO;¿Qué objetivo principal tiene una estación depuradora (EDAR)?;Limpiar el agua sucia antes de devolverla a la naturaleza;Hacer el agua potable para beber;Sacar sal del agua del mar;Fabricar agua embotellada
Fácil;HIDROSFERA 1 ESO;¿Qué instalaciones sirven para quitarle la sal al agua del mar y hacerla dulce?;Desaladoras;Depuradoras;Potabilizadoras;Acuíferos
Medio;HIDROSFERA 1 ESO;¿Aproximadamente qué porcentaje del cuerpo humano es agua?;Entre el 60% y el 70%;Un 20%;Un 90%;Un 10%
Duro;HIDROSFERA 1 ESO;¿En qué líquido de nuestro cuerpo, vital para transportar oxígeno, abunda el agua?;En la sangre;En la saliva;En los jugos gástricos;En el sudor
Fácil;HIDROSFERA 1 ESO;¿Qué hacen los seres humanos (y mamíferos) para enfriar su cuerpo expulsando agua?;Sudar;Llorar;Respirar;Beber
Medio;HIDROSFERA 1 ESO;¿Para qué proceso fundamental las plantas necesitan absorber agua por las raíces?;Para la fotosíntesis;Para la respiración;Para dormir;Para evitar el sol
Duro;HIDROSFERA 1 ESO;¿Qué organismos acuáticos microscópicos producen gran parte del oxígeno de la Tierra?;El fitoplancton;Los peces;Las algas pardas;Los corales
Fácil;HIDROSFERA 1 ESO;¿El agua es un recurso renovable o no renovable?;Renovable (gracias al ciclo del agua);No renovable;Inagotable;Artificial
Medio;HIDROSFERA 1 ESO;¿A qué sector humano se destina el mayor porcentaje de agua dulce mundial?;A la agricultura (regadío);A la industria;Al consumo en los hogares;Al ocio (piscinas)
Duro;HIDROSFERA 1 ESO;¿Cómo se llama el proceso de enriquecimiento excesivo de nutrientes (abonos) en un lago que mata a los peces?;Eutrofización;Desalación;Potabilización;Sublimación
Fácil;HIDROSFERA 1 ESO;¿Es una buena idea tirar aceite usado por el fregadero?;No, porque contamina muchísima agua;Sí, porque resbala bien;Sí, porque limpia las tuberías;Da igual
Medio;HIDROSFERA 1 ESO;"¿Qué tipo de contaminación de los océanos está formando auténticas ""islas"" de basura?";Contaminación por plásticos;Contaminación radiactiva;Contaminación térmica;Contaminación acústica
Duro;HIDROSFERA 1 ESO;¿Qué son los microplásticos?;Trocitos de plástico menores a 5 mm que contaminan el agua;Bacterias de plástico;Juguetes diminutos;Plásticos biodegradables
Fácil;HIDROSFERA 1 ESO;¿Cómo podemos ahorrar agua al lavarnos los dientes?;Cerrando el grifo mientras nos cepillamos;Usando agua caliente;Dejando el grifo abierto;Usando una manguera
Medio;HIDROSFERA 1 ESO;¿Qué consume menos agua: ducharse o bañarse?;Ducharse;Bañarse;Consumen exactamente lo mismo;Bañarse en agua fría
Duro;HIDROSFERA 1 ESO;¿Qué nombre recibe la medida que calcula el total de agua dulce usada para producir un bien o servicio?;Huella hídrica;Huella de carbono;Huella ecológica;Consumo directo
Fácil;HIDROSFERA 1 ESO;¿El agua de los ríos y lagos es dulce o salada?;Dulce;Salada;No tiene agua;Es destilada
Medio;HIDROSFERA 1 ESO;¿Cómo se llama la zona donde un río se encuentra con el mar y se mezclan agua dulce y salada?;Estuario o desembocadura;Manantial;Acuífero;Glaciar
Duro;HIDROSFERA 1 ESO;¿Qué nombre reciben las aguas subterráneas que salen a la superficie de forma natural?;Manantiales o fuentes;Pozos;Acuíferos;Torrentes
Fácil;HIDROSFERA 1 ESO;¿Qué instrumento se utiliza en casa para saber cuánta agua hemos consumido?;Un contador de agua;Un termómetro;Un barómetro;Un higrómetro
Medio;HIDROSFERA 1 ESO;¿Qué ocurre en una sequía?;Que llueve mucho menos de lo normal durante un tiempo prolongado;Que hay inundaciones;Que el agua del mar se vuelve dulce;Que los acuíferos se llenan
Duro;HIDROSFERA 1 ESO;¿Qué gas provoca la lluvia ácida al mezclarse con el agua en la atmósfera?;Dióxido de azufre (o de nitrógeno);Oxígeno;Helio;Vapor de agua
Fácil;HIDROSFERA 1 ESO;¿Las medusas son seres vivos que pertenecen a ecosistemas terrestres o acuáticos?;Acuáticos (marinos);Terrestres;Aéreos;Subterráneos
Medio;HIDROSFERA 1 ESO;¿Por qué la luz del sol no llega al fondo de los océanos más profundos?;Porque el agua absorbe la luz a medida que desciende;Porque allí es de noche siempre;Porque el agua es sucia;Porque los peces la tapan
Duro;HIDROSFERA 1 ESO;¿A partir de qué profundidad oceánica se considera la zona afótica (sin luz)?;Unos 200 metros;10 metros;5000 metros;1 kilómetro
Fácil;HIDROSFERA 1 ESO;¿Un charco que se seca al sol es un ejemplo de qué fase del ciclo del agua?;Evaporación;Condensación;Infiltración;Fusión
Medio;HIDROSFERA 1 ESO;¿Las gotas que aparecen por fuera de una botella de agua fría son un ejemplo de qué?;Condensación de la humedad del aire;El agua de dentro que sale;Evaporación;Lluvia
Duro;HIDROSFERA 1 ESO;¿Qué ecosistemas acuáticos se caracterizan por ser zonas inundadas de poca profundidad con gran biodiversidad?;Humedales o marismas;Glaciares;Corrientes marinas;Zonas abisales
Fácil;HIDROSFERA 1 ESO;¿Qué podemos recoger en los tejados para aprovecharla y regar las plantas?;El agua de lluvia;El rocío;El viento;La humedad
Medio;HIDROSFERA 1 ESO;¿Es el agua subterránea estática o se mueve?;Se mueve lentamente por los poros de las rocas;Está totalmente quieta;Se mueve a la misma velocidad que un río exterior;Sube hacia arriba
Duro;HIDROSFERA 1 ESO;¿Cómo se llama la zona del suelo en la que los poros están completamente llenos de agua?;Nivel freático (o zona saturada);Capa seca;Astenosfera;Litosfera
Fácil;HIDROSFERA 1 ESO;¿Para extraer agua de un acuífero, qué se suele construir?;Un pozo;Un puente;Un túnel;Una montaña
Medio;HIDROSFERA 1 ESO;¿El hielo de los glaciares está formado por agua dulce o salada?;Agua dulce;Agua salada;Mitad y mitad;No es agua, es gas
Duro;HIDROSFERA 1 ESO;¿Qué es un iceberg?;Un gran bloque de hielo de agua dulce que flota en el mar;Un trozo de mar congelado (agua salada);Una nube solidificada;Un pez gigante
Fácil;HIDROSFERA 1 ESO;¿Qué usamos para transportar agua desde los ríos o embalses a las ciudades?;Canales y tuberías;Camiones;Aviones;Ríos subterráneos
Medio;HIDROSFERA 1 ESO;¿Cómo se llama la barrera artificial que construimos en un río para almacenar agua?;Embalse o presa;Acueducto;Pozo;Manantial
Duro;HIDROSFERA 1 ESO;"¿Qué significa que el agua tiene un alto ""calor específico""?";Que tarda mucho en calentarse y enfriarse;Que siempre está caliente;Que se evapora rápido;Que atrae el calor del sol
Fácil;HIDROSFERA 1 ESO;¿Qué pasaría si la Tierra estuviera mucho más cerca del Sol?;Toda el agua líquida se evaporaría;Todo se congelaría;No pasaría nada;Habría más agua líquida
Medio;HIDROSFERA 1 ESO;¿Por qué se dice que el agua de los mares es un regulador térmico del clima?;Porque suaviza las temperaturas de las zonas costeras;Porque hace que llueva sal;Porque provoca terremotos;Porque atrae los rayos
Duro;HIDROSFERA 1 ESO;¿Cuál de estos gases NO forma parte de los componentes naturales disueltos en el agua oceánica que usan los seres marinos?;Metano;Oxígeno;Dióxido de carbono;Nitrógeno
Fácil;HIDROSFERA 1 ESO;¿Qué animal anfibio muy conocido pasa su fase de renacuajo en el agua dulce?;La rana;La tortuga marina;El pingüino;La gaviota
Medio;HIDROSFERA 1 ESO;¿De dónde obtienen el oxígeno los peces para respirar bajo el agua?;Del oxígeno que está disuelto en el agua;Rompen la molécula H2O;Suben a la superficie a respirar;No necesitan oxígeno
Duro;HIDROSFERA 1 ESO;¿Qué órgano usan los peces para extraer el oxígeno disuelto del agua?;Las branquias;Los pulmones;La piel;Las aletas
Fácil;HIDROSFERA 1 ESO;¿Un pantano es agua superficial o subterránea?;Superficial;Subterránea;Es hielo;No tiene agua
Medio;HIDROSFERA 1 ESO;¿Cómo se llaman los ríos de hielo que descienden lentamente por los valles de alta montaña?;Glaciares alpinos o de valle;Ríos congelados;Aludes;Icebergs
Duro;HIDROSFERA 1 ESO;¿Dónde se ubican los dos grandes casquetes glaciares (inlandsis) de nuestro planeta?;En la Antártida y Groenlandia;En el Polo Norte y Canadá;En Siberia y los Alpes;En el Himalaya y los Andes
Fácil;HIDROSFERA 1 ESO;¿Puede el agua disolver el aceite o las grasas por sí sola?;No, no se mezclan;Sí, muy fácilmente;Solo si está fría;Solo si es agua salada
Medio;HIDROSFERA 1 ESO;¿Qué nombre recibe el paso de agua líquida a hielo?;Solidificación;Fusión;Evaporación;Sublimación
Duro;HIDROSFERA 1 ESO;¿Cómo se llama a un curso de agua temporal que solo lleva agua cuando llueve mucho?;Torrente o rambla;Río;Arroyo;Manantial
Fácil;HIDROSFERA 1 ESO;¿Cómo podemos ayudar a no contaminar la hidrosfera cuando vamos a la playa?;Recogiendo toda nuestra basura;Tirando las cosas al mar;Lavando el coche allí;Llevando arena a casa
Medio;HIDROSFERA 1 ESO;¿Qué provoca la contaminación por vertidos de petróleo crudo en el mar?;Una marea negra;Una marea roja;Un tsunami;Una corriente marina
Duro;HIDROSFERA 1 ESO;¿Cómo se llaman las aguas dulces marinas congeladas en el Polo Norte que forman una capa flotante de hielo?;Banquisa;Iceberg;Glaciar de valle;Nieve perpetua
Fácil;HIDROSFERA 1 ESO;¿Qué son las aguas continentales?;Las que están sobre tierras emergidas o bajo ellas (ríos, lagos, acuíferos);Las aguas oceánicas;El agua de la lluvia;El agua salada
Medio;HIDROSFERA 1 ESO;¿Qué ocurre con el nivel freático en épocas de mucha lluvia?;Sube (se acerca a la superficie);Baja;Desaparece;Se congela
Duro;HIDROSFERA 1 ESO;¿Por qué flotan los icebergs si son tan inmensos?;Porque la densidad del hielo es un 9% menor que la del agua líquida;Porque están huecos;Porque el agua de mar los empuja hacia arriba;Porque están hechos de aire frío
Fácil;HIDROSFERA 1 ESO;¿Crees que el agua que bebes hoy es la misma que bebieron los dinosaurios?;Sí, es la misma que se recicla en el ciclo del agua;No, el agua se crea nueva cada día;No, esa agua se evaporó para siempre;Solo una parte que viene de Marte
